,nearby_idx_1,nearby_idx_2,nearby_idx_3,nearby_idx_4,nearby_idx_5,nearby_idx_6,nearby_idx_7,nearby_idx_8,nearby_idx_9,nearby_idx_10,nearby_idx_11,nearby_idx_12,nearby_idx_13,nearby_idx_14,nearby_idx_15,nearby_idx_16,nearby_idx_17,nearby_idx_18,nearby_idx_19,nearby_idx_20,nearby_idx_21,nearby_idx_22,nearby_idx_23,nearby_idx_24,nearby_idx_25,nearby_idx_26,nearby_idx_27,nearby_idx_28
0,1077.0,781.0,406.0,1.0,1158.0,161.0,21.0,,,,,,,,,,,,,,,,,,,,,
1,0.0,,,,,,,,,,,,,,,,,,,,,,,,,,,
2,324.0,80.0,82.0,371.0,599.0,768.0,785.0,1100.0,1104.0,1105.0,1106.0,1115.0,1119.0,1148.0,555.0,1015.0,469.0,1156.0,164.0,271.0,497.0,,,,,,,
3,79.0,210.0,218.0,418.0,135.0,591.0,547.0,546.0,101.0,14.0,,,,,,,,,,,,,,,,,,
4,1077.0,781.0,406.0,1158.0,161.0,21.0,,,,,,,,,,,,,,,,,,,,,,
5,951.0,463.0,293.0,196.0,1000.0,16.0,,,,,,,,,,,,,,,,,,,,,,
6,,,,,,,,,,,,,,,,,,,,,,,,,,,,
7,12.0,69.0,139.0,317.0,683.0,758.0,496.0,649.0,1080.0,13.0,,,,,,,,,,,,,,,,,,
8,236.0,240.0,654.0,942.0,111.0,109.0,347.0,30.0,874.0,,,,,,,,,,,,,,,,,,,
9,950.0,1067.0,972.0,197.0,209.0,,,,,,,,,,,,,,,,,,,,,,,
10,54.0,50.0,20.0,1062.0,25.0,690.0,521.0,571.0,408.0,407.0,310.0,552.0,350.0,61.0,587.0,375.0,721.0,593.0,609.0,610.0,529.0,804.0,88.0,335.0,573.0,,,
11,180.0,26.0,45.0,205.0,230.0,213.0,681.0,679.0,262.0,29.0,,,,,,,,,,,,,,,,,,
12,1123.0,1122.0,69.0,139.0,317.0,7.0,683.0,758.0,1080.0,13.0,,,,,,,,,,,,,,,,,,
13,12.0,69.0,139.0,317.0,7.0,683.0,758.0,496.0,649.0,1080.0,,,,,,,,,,,,,,,,,,
14,79.0,210.0,218.0,418.0,135.0,591.0,547.0,546.0,101.0,3.0,,,,,,,,,,,,,,,,,,
15,364.0,328.0,429.0,423.0,220.0,186.0,247.0,884.0,,,,,,,,,,,,,,,,,,,,
16,951.0,463.0,293.0,196.0,5.0,1000.0,,,,,,,,,,,,,,,,,,,,,,
17,319.0,1003.0,130.0,611.0,964.0,,,,,,,,,,,,,,,,,,,,,,,
18,99.0,639.0,43.0,1090.0,,,,,,,,,,,,,,,,,,,,,,,,
19,816.0,183.0,294.0,295.0,426.0,830.0,840.0,986.0,867.0,315.0,,,,,,,,,,,,,,,,,,
20,10.0,54.0,50.0,1062.0,25.0,690.0,521.0,571.0,408.0,407.0,310.0,552.0,350.0,61.0,587.0,375.0,721.0,593.0,609.0,610.0,529.0,804.0,88.0,335.0,573.0,,,
21,1077.0,781.0,406.0,1158.0,161.0,0.0,4.0,,,,,,,,,,,,,,,,,,,,,
22,566.0,565.0,564.0,,,,,,,,,,,,,,,,,,,,,,,,,
23,259.0,113.0,1110.0,169.0,440.0,685.0,720.0,90.0,696.0,732.0,760.0,,,,,,,,,,,,,,,,,
24,264.0,395.0,62.0,411.0,480.0,607.0,531.0,569.0,459.0,503.0,505.0,635.0,41.0,42.0,93.0,94.0,542.0,868.0,,,,,,,,,,
25,10.0,753.0,558.0,568.0,54.0,102.0,50.0,20.0,1062.0,690.0,521.0,571.0,408.0,407.0,310.0,552.0,350.0,61.0,587.0,375.0,721.0,593.0,609.0,610.0,529.0,804.0,88.0,573.0
26,11.0,180.0,660.0,847.0,1040.0,45.0,205.0,230.0,213.0,681.0,121.0,679.0,262.0,29.0,,,,,,,,,,,,,,
27,1112.0,140.0,174.0,546.0,101.0,,,,,,,,,,,,,,,,,,,,,,,
28,753.0,558.0,568.0,102.0,794.0,309.0,466.0,299.0,266.0,298.0,520.0,134.0,1124.0,,,,,,,,,,,,,,,
29,11.0,180.0,26.0,45.0,205.0,230.0,213.0,681.0,679.0,262.0,,,,,,,,,,,,,,,,,,
30,845.0,827.0,384.0,386.0,385.0,236.0,240.0,654.0,881.0,942.0,8.0,347.0,949.0,239.0,,,,,,,,,,,,,,
31,73.0,46.0,149.0,202.0,203.0,403.0,439.0,716.0,744.0,815.0,919.0,920.0,939.0,940.0,,,,,,,,,,,,,,
32,116.0,123.0,991.0,1055.0,65.0,89.0,74.0,,,,,,,,,,,,,,,,,,,,,
33,107.0,154.0,156.0,,,,,,,,,,,,,,,,,,,,,,,,,
34,417.0,224.0,1143.0,137.0,35.0,,,,,,,,,,,,,,,,,,,,,,,
35,417.0,224.0,1143.0,137.0,34.0,,,,,,,,,,,,,,,,,,,,,,,
36,776.0,894.0,766.0,,,,,,,,,,,,,,,,,,,,,,,,,
37,718.0,912.0,705.0,898.0,925.0,924.0,48.0,,,,,,,,,,,,,,,,,,,,,
38,,,,,,,,,,,,,,,,,,,,,,,,,,,,
39,1125.0,1007.0,,,,,,,,,,,,,,,,,,,,,,,,,,
40,,,,,,,,,,,,,,,,,,,,,,,,,,,,
41,264.0,395.0,62.0,411.0,480.0,607.0,531.0,569.0,459.0,503.0,505.0,635.0,24.0,42.0,93.0,94.0,542.0,868.0,,,,,,,,,,
42,264.0,395.0,62.0,411.0,480.0,607.0,531.0,569.0,459.0,503.0,505.0,635.0,24.0,41.0,93.0,94.0,542.0,868.0,,,,,,,,,,
43,99.0,639.0,18.0,1090.0,,,,,,,,,,,,,,,,,,,,,,,,
44,913.0,514.0,946.0,57.0,58.0,133.0,200.0,413.0,1073.0,,,,,,,,,,,,,,,,,,,
45,11.0,180.0,660.0,847.0,1040.0,26.0,205.0,230.0,213.0,681.0,121.0,679.0,262.0,29.0,,,,,,,,,,,,,,
46,73.0,149.0,31.0,202.0,203.0,403.0,439.0,716.0,744.0,815.0,919.0,920.0,939.0,940.0,,,,,,,,,,,,,,
47,930.0,176.0,,,,,,,,,,,,,,,,,,,,,,,,,,
48,718.0,912.0,705.0,898.0,925.0,37.0,924.0,,,,,,,,,,,,,,,,,,,,,
49,401.0,314.0,345.0,492.0,103.0,158.0,1075.0,,,,,,,,,,,,,,,,,,,,,
50,10.0,54.0,20.0,1062.0,25.0,690.0,521.0,571.0,408.0,407.0,310.0,552.0,350.0,61.0,587.0,375.0,721.0,593.0,609.0,610.0,529.0,804.0,88.0,335.0,573.0,,,
51,359.0,,,,,,,,,,,,,,,,,,,,,,,,,,,
52,671.0,644.0,658.0,676.0,,,,,,,,,,,,,,,,,,,,,,,,
53,377.0,,,,,,,,,,,,,,,,,,,,,,,,,,,
54,10.0,50.0,20.0,1062.0,25.0,690.0,521.0,571.0,408.0,407.0,310.0,552.0,350.0,61.0,587.0,375.0,721.0,593.0,609.0,610.0,529.0,804.0,88.0,335.0,573.0,,,
55,170.0,255.0,265.0,595.0,619.0,673.0,,,,,,,,,,,,,,,,,,,,,,
56,184.0,189.0,726.0,,,,,,,,,,,,,,,,,,,,,,,,,
57,913.0,514.0,946.0,44.0,58.0,133.0,200.0,413.0,1073.0,,,,,,,,,,,,,,,,,,,
58,913.0,514.0,946.0,44.0,57.0,133.0,200.0,413.0,1073.0,,,,,,,,,,,,,,,,,,,
59,541.0,899.0,273.0,765.0,,,,,,,,,,,,,,,,,,,,,,,,
60,929.0,973.0,254.0,253.0,935.0,95.0,799.0,1002.0,1099.0,,,,,,,,,,,,,,,,,,,
61,10.0,753.0,558.0,568.0,54.0,102.0,50.0,20.0,1062.0,25.0,690.0,521.0,571.0,408.0,407.0,310.0,552.0,350.0,587.0,375.0,721.0,593.0,609.0,610.0,529.0,804.0,88.0,573.0
62,264.0,395.0,411.0,480.0,607.0,531.0,569.0,459.0,503.0,505.0,635.0,24.0,41.0,42.0,93.0,94.0,542.0,868.0,,,,,,,,,,
63,351.0,,,,,,,,,,,,,,,,,,,,,,,,,,,
64,333.0,170.0,255.0,91.0,572.0,1004.0,,,,,,,,,,,,,,,,,,,,,,
65,116.0,123.0,32.0,991.0,1055.0,89.0,74.0,,,,,,,,,,,,,,,,,,,,,
66,126.0,136.0,367.0,802.0,334.0,,,,,,,,,,,,,,,,,,,,,,,
67,456.0,470.0,983.0,984.0,,,,,,,,,,,,,,,,,,,,,,,,
68,285.0,623.0,206.0,901.0,,,,,,,,,,,,,,,,,,,,,,,,
69,12.0,139.0,317.0,7.0,683.0,758.0,496.0,649.0,1080.0,13.0,,,,,,,,,,,,,,,,,,
70,142.0,837.0,361.0,846.0,672.0,689.0,954.0,1047.0,,,,,,,,,,,,,,,,,,,,
71,586.0,882.0,226.0,357.0,669.0,,,,,,,,,,,,,,,,,,,,,,,
72,,,,,,,,,,,,,,,,,,,,,,,,,,,,
73,46.0,149.0,31.0,202.0,203.0,403.0,439.0,716.0,744.0,815.0,919.0,920.0,939.0,940.0,,,,,,,,,,,,,,
74,116.0,123.0,32.0,991.0,1055.0,65.0,89.0,,,,,,,,,,,,,,,,,,,,,
75,719.0,773.0,767.0,,,,,,,,,,,,,,,,,,,,,,,,,
76,441.0,318.0,452.0,256.0,995.0,1076.0,227.0,1041.0,,,,,,,,,,,,,,,,,,,,
77,117.0,151.0,160.0,83.0,489.0,,,,,,,,,,,,,,,,,,,,,,,
78,84.0,,,,,,,,,,,,,,,,,,,,,,,,,,,
79,210.0,218.0,418.0,135.0,591.0,547.0,546.0,101.0,14.0,3.0,,,,,,,,,,,,,,,,,,
80,324.0,82.0,2.0,371.0,599.0,768.0,785.0,1100.0,1104.0,1105.0,1106.0,1115.0,1119.0,1148.0,555.0,1015.0,469.0,1156.0,164.0,271.0,497.0,,,,,,,
81,588.0,583.0,579.0,863.0,601.0,1137.0,590.0,199.0,513.0,511.0,598.0,,,,,,,,,,,,,,,,,
82,324.0,80.0,2.0,371.0,599.0,768.0,785.0,1100.0,1104.0,1105.0,1106.0,1115.0,1119.0,1148.0,555.0,1015.0,469.0,1156.0,164.0,271.0,497.0,,,,,,,
83,117.0,151.0,160.0,77.0,489.0,,,,,,,,,,,,,,,,,,,,,,,
84,78.0,,,,,,,,,,,,,,,,,,,,,,,,,,,
85,,,,,,,,,,,,,,,,,,,,,,,,,,,,
86,110.0,1083.0,763.0,722.0,,,,,,,,,,,,,,,,,,,,,,,,
87,124.0,,,,,,,,,,,,,,,,,,,,,,,,,,,
88,10.0,753.0,558.0,568.0,54.0,102.0,50.0,20.0,1062.0,25.0,690.0,521.0,571.0,408.0,407.0,310.0,552.0,350.0,61.0,587.0,375.0,721.0,593.0,609.0,610.0,529.0,804.0,573.0
89,116.0,123.0,32.0,991.0,1055.0,65.0,74.0,,,,,,,,,,,,,,,,,,,,,
90,259.0,113.0,1110.0,23.0,169.0,440.0,685.0,720.0,696.0,732.0,760.0,,,,,,,,,,,,,,,,,
91,64.0,333.0,170.0,255.0,572.0,1004.0,,,,,,,,,,,,,,,,,,,,,,
92,741.0,1032.0,,,,,,,,,,,,,,,,,,,,,,,,,,
93,62.0,607.0,531.0,569.0,459.0,503.0,505.0,635.0,24.0,41.0,42.0,94.0,542.0,868.0,,,,,,,,,,,,,,
94,62.0,607.0,531.0,569.0,459.0,503.0,505.0,635.0,24.0,41.0,42.0,93.0,542.0,868.0,,,,,,,,,,,,,,
95,1091.0,606.0,973.0,254.0,620.0,617.0,1092.0,253.0,935.0,448.0,60.0,799.0,1002.0,1099.0,,,,,,,,,,,,,,
96,724.0,932.0,641.0,670.0,,,,,,,,,,,,,,,,,,,,,,,,
97,343.0,,,,,,,,,,,,,,,,,,,,,,,,,,,
98,,,,,,,,,,,,,,,,,,,,,,,,,,,,
99,639.0,43.0,18.0,1090.0,,,,,,,,,,,,,,,,,,,,,,,,
100,537.0,594.0,596.0,,,,,,,,,,,,,,,,,,,,,,,,,
101,79.0,210.0,218.0,140.0,174.0,418.0,135.0,591.0,27.0,547.0,546.0,14.0,3.0,,,,,,,,,,,,,,,
102,753.0,558.0,568.0,348.0,1062.0,25.0,690.0,521.0,571.0,926.0,794.0,309.0,466.0,299.0,408.0,266.0,407.0,310.0,298.0,520.0,134.0,1124.0,552.0,61.0,587.0,28.0,721.0,88.0
103,401.0,314.0,345.0,492.0,49.0,158.0,1075.0,,,,,,,,,,,,,,,,,,,,,
104,969.0,238.0,112.0,,,,,,,,,,,,,,,,,,,,,,,,,
105,,,,,,,,,,,,,,,,,,,,,,,,,,,,
106,343.0,915.0,548.0,1056.0,276.0,,,,,,,,,,,,,,,,,,,,,,,
107,33.0,154.0,156.0,,,,,,,,,,,,,,,,,,,,,,,,,
108,1129.0,,,,,,,,,,,,,,,,,,,,,,,,,,,
109,654.0,8.0,111.0,874.0,,,,,,,,,,,,,,,,,,,,,,,,
110,86.0,1083.0,763.0,722.0,,,,,,,,,,,,,,,,,,,,,,,,
111,654.0,8.0,109.0,874.0,,,,,,,,,,,,,,,,,,,,,,,,
112,104.0,238.0,975.0,305.0,152.0,356.0,370.0,988.0,1082.0,,,,,,,,,,,,,,,,,,,
113,990.0,259.0,1110.0,23.0,169.0,440.0,685.0,720.0,90.0,696.0,732.0,760.0,,,,,,,,,,,,,,,,
114,167.0,168.0,,,,,,,,,,,,,,,,,,,,,,,,,,
115,,,,,,,,,,,,,,,,,,,,,,,,,,,,
116,123.0,32.0,991.0,1055.0,65.0,89.0,74.0,,,,,,,,,,,,,,,,,,,,,
117,151.0,160.0,77.0,83.0,489.0,,,,,,,,,,,,,,,,,,,,,,,
118,1012.0,327.0,323.0,283.0,188.0,207.0,282.0,278.0,340.0,341.0,342.0,162.0,739.0,279.0,353.0,563.0,362.0,288.0,232.0,233.0,166.0,322.0,,,,,,
119,828.0,759.0,243.0,853.0,656.0,,,,,,,,,,,,,,,,,,,,,,,
120,,,,,,,,,,,,,,,,,,,,,,,,,,,,
121,180.0,660.0,847.0,1040.0,26.0,45.0,205.0,212.0,349.0,665.0,230.0,213.0,728.0,681.0,1001.0,223.0,679.0,262.0,320.0,,,,,,,,,
122,163.0,886.0,915.0,476.0,125.0,270.0,128.0,391.0,530.0,756.0,,,,,,,,,,,,,,,,,,
123,116.0,32.0,991.0,1055.0,65.0,89.0,74.0,,,,,,,,,,,,,,,,,,,,,
124,87.0,,,,,,,,,,,,,,,,,,,,,,,,,,,
125,163.0,886.0,915.0,476.0,270.0,122.0,128.0,391.0,530.0,756.0,,,,,,,,,,,,,,,,,,
126,136.0,367.0,802.0,66.0,334.0,,,,,,,,,,,,,,,,,,,,,,,
127,,,,,,,,,,,,,,,,,,,,,,,,,,,,
128,163.0,886.0,915.0,476.0,125.0,270.0,122.0,391.0,530.0,756.0,,,,,,,,,,,,,,,,,,
129,308.0,,,,,,,,,,,,,,,,,,,,,,,,,,,
130,319.0,1003.0,611.0,866.0,17.0,,,,,,,,,,,,,,,,,,,,,,,
131,401.0,314.0,345.0,264.0,395.0,492.0,506.0,148.0,411.0,480.0,607.0,394.0,502.0,531.0,462.0,228.0,459.0,461.0,542.0,634.0,374.0,495.0,,,,,,
132,237.0,252.0,332.0,487.0,602.0,613.0,790.0,475.0,629.0,,,,,,,,,,,,,,,,,,,
133,913.0,514.0,946.0,44.0,57.0,58.0,200.0,413.0,1073.0,,,,,,,,,,,,,,,,,,,
134,753.0,558.0,568.0,102.0,794.0,309.0,466.0,299.0,266.0,298.0,520.0,1124.0,28.0,,,,,,,,,,,,,,,
135,79.0,210.0,218.0,418.0,591.0,547.0,546.0,101.0,14.0,3.0,,,,,,,,,,,,,,,,,,
136,126.0,367.0,802.0,66.0,334.0,,,,,,,,,,,,,,,,,,,,,,,
137,417.0,224.0,1143.0,35.0,34.0,,,,,,,,,,,,,,,,,,,,,,,
138,694.0,723.0,,,,,,,,,,,,,,,,,,,,,,,,,,
139,12.0,69.0,317.0,7.0,683.0,758.0,496.0,649.0,1080.0,13.0,,,,,,,,,,,,,,,,,,
140,1112.0,174.0,27.0,546.0,101.0,,,,,,,,,,,,,,,,,,,,,,,
141,,,,,,,,,,,,,,,,,,,,,,,,,,,,
142,837.0,361.0,846.0,672.0,70.0,689.0,954.0,1047.0,,,,,,,,,,,,,,,,,,,,
143,1154.0,,,,,,,,,,,,,,,,,,,,,,,,,,,
144,277.0,548.0,,,,,,,,,,,,,,,,,,,,,,,,,,
145,536.0,550.0,981.0,540.0,326.0,146.0,538.0,402.0,,,,,,,,,,,,,,,,,,,,
146,536.0,550.0,981.0,540.0,326.0,538.0,145.0,402.0,,,,,,,,,,,,,,,,,,,,
147,1047.0,358.0,1016.0,,,,,,,,,,,,,,,,,,,,,,,,,
148,401.0,314.0,345.0,264.0,395.0,492.0,506.0,411.0,480.0,607.0,394.0,502.0,531.0,462.0,131.0,228.0,459.0,461.0,542.0,634.0,374.0,495.0,,,,,,
149,73.0,46.0,31.0,202.0,203.0,403.0,439.0,716.0,744.0,815.0,919.0,920.0,939.0,940.0,,,,,,,,,,,,,,
150,242.0,275.0,454.0,453.0,311.0,748.0,171.0,633.0,173.0,631.0,443.0,698.0,1094.0,944.0,195.0,457.0,637.0,632.0,,,,,,,,,,
151,117.0,160.0,77.0,83.0,489.0,,,,,,,,,,,,,,,,,,,,,,,
152,238.0,975.0,305.0,356.0,112.0,988.0,,,,,,,,,,,,,,,,,,,,,,
153,,,,,,,,,,,,,,,,,,,,,,,,,,,,
154,33.0,107.0,156.0,,,,,,,,,,,,,,,,,,,,,,,,,
155,1074.0,869.0,1014.0,,,,,,,,,,,,,,,,,,,,,,,,,
156,33.0,107.0,154.0,,,,,,,,,,,,,,,,,,,,,,,,,
157,778.0,955.0,,,,,,,,,,,,,,,,,,,,,,,,,,
158,401.0,314.0,345.0,492.0,49.0,103.0,1075.0,,,,,,,,,,,,,,,,,,,,,
159,504.0,947.0,257.0,355.0,881.0,949.0,248.0,239.0,,,,,,,,,,,,,,,,,,,,
160,117.0,151.0,77.0,83.0,489.0,,,,,,,,,,,,,,,,,,,,,,,
161,1077.0,781.0,406.0,1158.0,0.0,21.0,4.0,,,,,,,,,,,,,,,,,,,,,
162,1012.0,327.0,323.0,283.0,188.0,207.0,282.0,118.0,278.0,340.0,341.0,342.0,739.0,279.0,353.0,563.0,362.0,288.0,232.0,233.0,166.0,322.0,,,,,,
163,181.0,886.0,476.0,125.0,270.0,122.0,128.0,530.0,756.0,,,,,,,,,,,,,,,,,,,
164,324.0,80.0,82.0,2.0,371.0,599.0,768.0,785.0,1100.0,1104.0,1105.0,1106.0,1115.0,1119.0,1148.0,555.0,250.0,1015.0,994.0,469.0,1156.0,1147.0,271.0,497.0,499.0,,,
165,231.0,,,,,,,,,,,,,,,,,,,,,,,,,,,
166,1012.0,327.0,323.0,283.0,188.0,207.0,282.0,118.0,278.0,340.0,341.0,342.0,162.0,739.0,279.0,353.0,563.0,362.0,288.0,232.0,233.0,322.0,,,,,,
167,114.0,168.0,,,,,,,,,,,,,,,,,,,,,,,,,,
168,114.0,167.0,,,,,,,,,,,,,,,,,,,,,,,,,,
169,259.0,113.0,1110.0,23.0,440.0,685.0,720.0,90.0,696.0,732.0,760.0,,,,,,,,,,,,,,,,,
170,64.0,333.0,255.0,91.0,572.0,1004.0,55.0,265.0,595.0,619.0,673.0,,,,,,,,,,,,,,,,,
171,453.0,150.0,173.0,,,,,,,,,,,,,,,,,,,,,,,,,
172,251.0,234.0,235.0,291.0,363.0,,,,,,,,,,,,,,,,,,,,,,,
173,453.0,150.0,171.0,,,,,,,,,,,,,,,,,,,,,,,,,
174,1112.0,140.0,27.0,546.0,101.0,,,,,,,,,,,,,,,,,,,,,,,
175,646.0,625.0,628.0,626.0,281.0,352.0,,,,,,,,,,,,,,,,,,,,,,
176,930.0,47.0,,,,,,,,,,,,,,,,,,,,,,,,,,
177,190.0,191.0,,,,,,,,,,,,,,,,,,,,,,,,,,
178,348.0,926.0,674.0,,,,,,,,,,,,,,,,,,,,,,,,,
179,518.0,493.0,244.0,268.0,269.0,425.0,455.0,762.0,194.0,798.0,517.0,,,,,,,,,,,,,,,,,
180,11.0,660.0,847.0,1040.0,26.0,45.0,205.0,230.0,213.0,681.0,121.0,679.0,262.0,29.0,,,,,,,,,,,,,,
181,163.0,193.0,,,,,,,,,,,,,,,,,,,,,,,,,,
182,,,,,,,,,,,,,,,,,,,,,,,,,,,,
183,19.0,294.0,295.0,426.0,830.0,840.0,986.0,315.0,,,,,,,,,,,,,,,,,,,,
184,56.0,189.0,726.0,,,,,,,,,,,,,,,,,,,,,,,,,
185,346.0,729.0,859.0,436.0,557.0,,,,,,,,,,,,,,,,,,,,,,,
186,287.0,364.0,328.0,429.0,423.0,422.0,329.0,220.0,330.0,421.0,15.0,247.0,884.0,,,,,,,,,,,,,,,
187,212.0,349.0,727.0,728.0,1001.0,223.0,320.0,,,,,,,,,,,,,,,,,,,,,
188,1012.0,327.0,323.0,283.0,207.0,282.0,118.0,278.0,340.0,341.0,342.0,162.0,739.0,279.0,353.0,563.0,362.0,288.0,232.0,233.0,166.0,322.0,,,,,,
189,56.0,184.0,726.0,,,,,,,,,,,,,,,,,,,,,,,,,
190,191.0,177.0,,,,,,,,,,,,,,,,,,,,,,,,,,
191,190.0,177.0,,,,,,,,,,,,,,,,,,,,,,,,,,
192,1005.0,,,,,,,,,,,,,,,,,,,,,,,,,,,
193,181.0,,,,,,,,,,,,,,,,,,,,,,,,,,,
194,518.0,179.0,493.0,244.0,268.0,269.0,425.0,455.0,762.0,508.0,798.0,378.0,517.0,,,,,,,,,,,,,,,
195,242.0,275.0,454.0,453.0,311.0,150.0,748.0,633.0,631.0,443.0,698.0,1094.0,944.0,457.0,637.0,632.0,,,,,,,,,,,,
196,951.0,463.0,293.0,5.0,1000.0,16.0,,,,,,,,,,,,,,,,,,,,,,
197,766.0,950.0,890.0,9.0,,,,,,,,,,,,,,,,,,,,,,,,
198,1136.0,433.0,1046.0,1095.0,1107.0,,,,,,,,,,,,,,,,,,,,,,,
199,588.0,583.0,579.0,863.0,601.0,81.0,1137.0,590.0,513.0,511.0,598.0,,,,,,,,,,,,,,,,,
200,913.0,514.0,946.0,44.0,57.0,58.0,133.0,413.0,1073.0,,,,,,,,,,,,,,,,,,,
201,246.0,219.0,,,,,,,,,,,,,,,,,,,,,,,,,,
202,73.0,46.0,149.0,31.0,203.0,403.0,439.0,716.0,744.0,815.0,919.0,920.0,939.0,940.0,,,,,,,,,,,,,,
203,73.0,46.0,149.0,31.0,202.0,403.0,439.0,716.0,744.0,815.0,919.0,920.0,939.0,940.0,,,,,,,,,,,,,,
204,828.0,243.0,853.0,656.0,731.0,,,,,,,,,,,,,,,,,,,,,,,
205,11.0,180.0,660.0,847.0,1040.0,26.0,45.0,230.0,213.0,681.0,121.0,679.0,262.0,29.0,,,,,,,,,,,,,,
206,285.0,623.0,901.0,68.0,,,,,,,,,,,,,,,,,,,,,,,,
207,1012.0,327.0,323.0,283.0,188.0,282.0,118.0,278.0,340.0,341.0,342.0,162.0,739.0,279.0,353.0,563.0,362.0,288.0,232.0,233.0,166.0,322.0,,,,,,
208,697.0,1111.0,,,,,,,,,,,,,,,,,,,,,,,,,,
209,1067.0,972.0,9.0,,,,,,,,,,,,,,,,,,,,,,,,,
210,79.0,218.0,418.0,135.0,591.0,547.0,546.0,101.0,14.0,3.0,,,,,,,,,,,,,,,,,,
211,917.0,933.0,301.0,968.0,904.0,488.0,703.0,1008.0,1044.0,,,,,,,,,,,,,,,,,,,
212,187.0,727.0,223.0,121.0,,,,,,,,,,,,,,,,,,,,,,,,
213,11.0,180.0,660.0,847.0,1040.0,26.0,45.0,205.0,230.0,681.0,121.0,679.0,262.0,29.0,,,,,,,,,,,,,,
214,1011.0,,,,,,,,,,,,,,,,,,,,,,,,,,,
215,216.0,451.0,980.0,1098.0,,,,,,,,,,,,,,,,,,,,,,,,
216,215.0,451.0,980.0,1098.0,,,,,,,,,,,,,,,,,,,,,,,,
217,533.0,1153.0,274.0,307.0,616.0,500.0,510.0,338.0,565.0,564.0,,,,,,,,,,,,,,,,,,
218,79.0,210.0,418.0,135.0,591.0,547.0,546.0,101.0,14.0,3.0,,,,,,,,,,,,,,,,,,
219,246.0,201.0,,,,,,,,,,,,,,,,,,,,,,,,,,
220,287.0,364.0,328.0,429.0,423.0,422.0,329.0,186.0,330.0,421.0,15.0,247.0,884.0,,,,,,,,,,,,,,,
221,,,,,,,,,,,,,,,,,,,,,,,,,,,,
222,534.0,485.0,616.0,577.0,570.0,,,,,,,,,,,,,,,,,,,,,,,
223,212.0,187.0,727.0,121.0,,,,,,,,,,,,,,,,,,,,,,,,
224,417.0,1143.0,137.0,35.0,34.0,,,,,,,,,,,,,,,,,,,,,,,
225,895.0,,,,,,,,,,,,,,,,,,,,,,,,,,,
226,71.0,586.0,882.0,357.0,669.0,,,,,,,,,,,,,,,,,,,,,,,
227,995.0,1076.0,76.0,1041.0,,,,,,,,,,,,,,,,,,,,,,,,
228,401.0,314.0,345.0,264.0,395.0,492.0,506.0,148.0,411.0,480.0,607.0,394.0,502.0,531.0,462.0,131.0,459.0,461.0,542.0,634.0,374.0,495.0,,,,,,
229,,,,,,,,,,,,,,,,,,,,,,,,,,,,
230,11.0,180.0,660.0,847.0,1040.0,26.0,45.0,205.0,213.0,681.0,121.0,679.0,262.0,29.0,,,,,,,,,,,,,,
231,165.0,1088.0,841.0,481.0,,,,,,,,,,,,,,,,,,,,,,,,
232,1012.0,327.0,323.0,283.0,188.0,207.0,282.0,118.0,278.0,340.0,341.0,342.0,162.0,739.0,279.0,353.0,563.0,362.0,288.0,233.0,166.0,322.0,,,,,,
233,1012.0,327.0,323.0,283.0,188.0,207.0,282.0,118.0,278.0,340.0,341.0,342.0,162.0,739.0,279.0,353.0,563.0,362.0,288.0,232.0,166.0,322.0,,,,,,
234,251.0,172.0,235.0,291.0,363.0,,,,,,,,,,,,,,,,,,,,,,,
235,251.0,172.0,234.0,291.0,363.0,,,,,,,,,,,,,,,,,,,,,,,
236,240.0,654.0,8.0,347.0,30.0,,,,,,,,,,,,,,,,,,,,,,,
237,132.0,252.0,332.0,487.0,602.0,613.0,790.0,475.0,629.0,,,,,,,,,,,,,,,,,,,
238,104.0,975.0,305.0,152.0,356.0,370.0,112.0,988.0,1082.0,,,,,,,,,,,,,,,,,,,
239,845.0,827.0,384.0,386.0,385.0,159.0,881.0,347.0,949.0,248.0,30.0,,,,,,,,,,,,,,,,,
240,236.0,654.0,8.0,347.0,30.0,,,,,,,,,,,,,,,,,,,,,,,
241,1131.0,959.0,,,,,,,,,,,,,,,,,,,,,,,,,,
242,275.0,454.0,453.0,311.0,150.0,748.0,633.0,631.0,443.0,698.0,1094.0,944.0,195.0,457.0,637.0,632.0,,,,,,,,,,,,
243,828.0,204.0,853.0,119.0,656.0,731.0,,,,,,,,,,,,,,,,,,,,,,
244,518.0,179.0,493.0,268.0,269.0,425.0,455.0,762.0,194.0,798.0,517.0,,,,,,,,,,,,,,,,,
245,1111.0,,,,,,,,,,,,,,,,,,,,,,,,,,,
246,219.0,201.0,,,,,,,,,,,,,,,,,,,,,,,,,,
247,364.0,328.0,429.0,423.0,220.0,186.0,15.0,884.0,,,,,,,,,,,,,,,,,,,,
248,504.0,947.0,257.0,355.0,159.0,881.0,949.0,239.0,,,,,,,,,,,,,,,,,,,,
249,1032.0,,,,,,,,,,,,,,,,,,,,,,,,,,,
250,390.0,1148.0,555.0,1015.0,469.0,164.0,1147.0,271.0,497.0,499.0,,,,,,,,,,,,,,,,,,
251,951.0,463.0,1102.0,172.0,234.0,235.0,291.0,363.0,,,,,,,,,,,,,,,,,,,,
252,132.0,237.0,332.0,487.0,602.0,613.0,790.0,475.0,629.0,,,,,,,,,,,,,,,,,,,
253,1091.0,606.0,973.0,254.0,620.0,617.0,1092.0,935.0,448.0,95.0,60.0,799.0,1002.0,1099.0,,,,,,,,,,,,,,
254,1091.0,606.0,973.0,620.0,617.0,1092.0,253.0,935.0,448.0,95.0,60.0,799.0,1002.0,1099.0,,,,,,,,,,,,,,
255,64.0,333.0,170.0,91.0,572.0,1004.0,55.0,265.0,595.0,619.0,673.0,,,,,,,,,,,,,,,,,
256,441.0,318.0,452.0,1076.0,76.0,,,,,,,,,,,,,,,,,,,,,,,
257,504.0,947.0,355.0,159.0,248.0,514.0,,,,,,,,,,,,,,,,,,,,,,
258,1089.0,894.0,963.0,1060.0,,,,,,,,,,,,,,,,,,,,,,,,
259,990.0,113.0,1110.0,23.0,169.0,440.0,685.0,720.0,90.0,696.0,732.0,760.0,,,,,,,,,,,,,,,,
260,658.0,676.0,754.0,775.0,491.0,490.0,860.0,889.0,820.0,1134.0,717.0,,,,,,,,,,,,,,,,,
261,304.0,,,,,,,,,,,,,,,,,,,,,,,,,,,
262,11.0,180.0,660.0,847.0,1040.0,26.0,45.0,205.0,230.0,213.0,681.0,121.0,679.0,29.0,,,,,,,,,,,,,,
263,420.0,484.0,483.0,392.0,532.0,,,,,,,,,,,,,,,,,,,,,,,
264,395.0,506.0,62.0,148.0,411.0,480.0,394.0,502.0,462.0,131.0,228.0,503.0,461.0,505.0,635.0,24.0,41.0,42.0,634.0,374.0,495.0,,,,,,,
265,170.0,255.0,55.0,595.0,619.0,673.0,,,,,,,,,,,,,,,,,,,,,,
266,753.0,558.0,568.0,102.0,794.0,309.0,466.0,299.0,298.0,520.0,134.0,1124.0,28.0,,,,,,,,,,,,,,,
267,358.0,1016.0,,,,,,,,,,,,,,,,,,,,,,,,,,
268,518.0,179.0,493.0,244.0,269.0,425.0,455.0,762.0,194.0,798.0,517.0,,,,,,,,,,,,,,,,,
269,518.0,179.0,493.0,244.0,268.0,425.0,455.0,762.0,194.0,798.0,517.0,,,,,,,,,,,,,,,,,
270,163.0,886.0,915.0,476.0,125.0,122.0,128.0,391.0,530.0,756.0,,,,,,,,,,,,,,,,,,
271,324.0,80.0,82.0,2.0,371.0,599.0,768.0,785.0,1100.0,1104.0,1105.0,1106.0,1115.0,1119.0,1148.0,555.0,250.0,1015.0,994.0,469.0,1156.0,164.0,1147.0,497.0,499.0,,,
272,865.0,966.0,1037.0,,,,,,,,,,,,,,,,,,,,,,,,,
273,494.0,1064.0,582.0,541.0,621.0,59.0,622.0,974.0,576.0,630.0,899.0,1108.0,765.0,,,,,,,,,,,,,,,
274,1153.0,307.0,500.0,580.0,217.0,510.0,338.0,565.0,564.0,,,,,,,,,,,,,,,,,,,
275,242.0,454.0,453.0,311.0,150.0,748.0,633.0,631.0,443.0,698.0,1094.0,944.0,195.0,457.0,637.0,632.0,,,,,,,,,,,,
276,343.0,915.0,106.0,548.0,1056.0,,,,,,,,,,,,,,,,,,,,,,,
277,144.0,548.0,,,,,,,,,,,,,,,,,,,,,,,,,,
278,1012.0,327.0,323.0,283.0,188.0,207.0,282.0,118.0,340.0,341.0,342.0,162.0,739.0,279.0,353.0,563.0,362.0,288.0,232.0,233.0,166.0,322.0,,,,,,
279,1012.0,327.0,323.0,283.0,188.0,207.0,282.0,118.0,278.0,340.0,341.0,342.0,162.0,739.0,353.0,563.0,362.0,288.0,232.0,233.0,166.0,322.0,,,,,,
280,,,,,,,,,,,,,,,,,,,,,,,,,,,,
281,646.0,175.0,352.0,,,,,,,,,,,,,,,,,,,,,,,,,
282,1012.0,327.0,323.0,283.0,188.0,207.0,118.0,278.0,340.0,341.0,342.0,162.0,739.0,279.0,353.0,563.0,362.0,288.0,232.0,233.0,166.0,322.0,,,,,,
283,1012.0,327.0,323.0,188.0,207.0,282.0,118.0,278.0,340.0,341.0,342.0,162.0,739.0,279.0,353.0,563.0,362.0,288.0,232.0,233.0,166.0,322.0,,,,,,
284,,,,,,,,,,,,,,,,,,,,,,,,,,,,
285,623.0,206.0,901.0,68.0,,,,,,,,,,,,,,,,,,,,,,,,
286,1035.0,549.0,404.0,405.0,922.0,,,,,,,,,,,,,,,,,,,,,,,
287,1123.0,1122.0,364.0,328.0,429.0,423.0,422.0,329.0,220.0,186.0,330.0,421.0,381.0,1036.0,,,,,,,,,,,,,,
288,1012.0,327.0,323.0,283.0,188.0,207.0,282.0,118.0,278.0,340.0,341.0,342.0,162.0,739.0,279.0,353.0,563.0,362.0,232.0,233.0,166.0,322.0,,,,,,
289,290.0,,,,,,,,,,,,,,,,,,,,,,,,,,,
290,289.0,,,,,,,,,,,,,,,,,,,,,,,,,,,
291,251.0,172.0,234.0,235.0,363.0,,,,,,,,,,,,,,,,,,,,,,,
292,574.0,415.0,,,,,,,,,,,,,,,,,,,,,,,,,,
293,951.0,463.0,196.0,5.0,1000.0,16.0,,,,,,,,,,,,,,,,,,,,,,
294,19.0,183.0,295.0,426.0,830.0,840.0,986.0,315.0,,,,,,,,,,,,,,,,,,,,
295,19.0,183.0,294.0,426.0,830.0,840.0,986.0,315.0,,,,,,,,,,,,,,,,,,,,
296,807.0,380.0,1118.0,369.0,,,,,,,,,,,,,,,,,,,,,,,,
297,936.0,,,,,,,,,,,,,,,,,,,,,,,,,,,
298,753.0,558.0,568.0,102.0,794.0,309.0,466.0,299.0,266.0,520.0,134.0,1124.0,28.0,,,,,,,,,,,,,,,
299,753.0,558.0,568.0,102.0,794.0,309.0,466.0,266.0,298.0,520.0,134.0,1124.0,28.0,,,,,,,,,,,,,,,
300,,,,,,,,,,,,,,,,,,,,,,,,,,,,
301,917.0,933.0,968.0,211.0,904.0,488.0,703.0,1008.0,1044.0,,,,,,,,,,,,,,,,,,,
302,1068.0,1142.0,,,,,,,,,,,,,,,,,,,,,,,,,,
303,366.0,396.0,427.0,388.0,373.0,525.0,567.0,337.0,,,,,,,,,,,,,,,,,,,,
304,261.0,,,,,,,,,,,,,,,,,,,,,,,,,,,
305,238.0,975.0,152.0,356.0,112.0,988.0,,,,,,,,,,,,,,,,,,,,,,
306,,,,,,,,,,,,,,,,,,,,,,,,,,,,
307,533.0,1153.0,274.0,616.0,500.0,217.0,510.0,338.0,565.0,564.0,,,,,,,,,,,,,,,,,,
308,129.0,,,,,,,,,,,,,,,,,,,,,,,,,,,
309,753.0,558.0,568.0,102.0,794.0,466.0,299.0,266.0,298.0,520.0,134.0,1124.0,28.0,,,,,,,,,,,,,,,
310,10.0,753.0,558.0,568.0,54.0,102.0,50.0,20.0,1062.0,25.0,690.0,521.0,571.0,408.0,407.0,552.0,350.0,61.0,587.0,375.0,721.0,593.0,609.0,610.0,529.0,804.0,88.0,573.0
311,242.0,275.0,454.0,453.0,150.0,748.0,633.0,631.0,443.0,698.0,1094.0,944.0,195.0,457.0,637.0,632.0,,,,,,,,,,,,
312,508.0,798.0,400.0,479.0,478.0,512.0,378.0,517.0,803.0,458.0,424.0,498.0,325.0,465.0,387.0,509.0,524.0,553.0,578.0,554.0,,,,,,,,
313,,,,,,,,,,,,,,,,,,,,,,,,,,,,
314,401.0,345.0,492.0,506.0,148.0,49.0,394.0,103.0,158.0,502.0,462.0,131.0,228.0,1075.0,461.0,634.0,374.0,495.0,,,,,,,,,,
315,19.0,183.0,294.0,295.0,426.0,830.0,840.0,986.0,867.0,1017.0,985.0,817.0,1085.0,,,,,,,,,,,,,,,
316,472.0,742.0,,,,,,,,,,,,,,,,,,,,,,,,,,
317,12.0,69.0,139.0,7.0,683.0,758.0,496.0,649.0,1080.0,13.0,,,,,,,,,,,,,,,,,,
318,441.0,452.0,256.0,1076.0,76.0,,,,,,,,,,,,,,,,,,,,,,,
319,890.0,972.0,1003.0,130.0,611.0,17.0,,,,,,,,,,,,,,,,,,,,,,
320,349.0,187.0,727.0,728.0,1001.0,121.0,,,,,,,,,,,,,,,,,,,,,,
321,871.0,,,,,,,,,,,,,,,,,,,,,,,,,,,
322,1012.0,327.0,323.0,283.0,188.0,207.0,282.0,118.0,278.0,340.0,341.0,342.0,162.0,739.0,279.0,353.0,563.0,362.0,288.0,232.0,233.0,166.0,,,,,,
323,1012.0,327.0,283.0,188.0,207.0,282.0,118.0,278.0,340.0,341.0,342.0,162.0,739.0,279.0,353.0,563.0,362.0,288.0,232.0,233.0,166.0,322.0,,,,,,
324,80.0,82.0,2.0,371.0,599.0,768.0,785.0,1100.0,1104.0,1105.0,1106.0,1115.0,1119.0,1148.0,555.0,1015.0,469.0,1156.0,164.0,271.0,497.0,,,,,,,
325,508.0,798.0,400.0,479.0,478.0,512.0,378.0,517.0,803.0,458.0,424.0,498.0,465.0,387.0,312.0,509.0,524.0,553.0,578.0,554.0,,,,,,,,
326,536.0,550.0,981.0,540.0,146.0,538.0,145.0,402.0,,,,,,,,,,,,,,,,,,,,
327,1012.0,323.0,283.0,188.0,207.0,282.0,118.0,278.0,340.0,341.0,342.0,162.0,739.0,279.0,353.0,563.0,362.0,288.0,232.0,233.0,166.0,322.0,,,,,,
328,287.0,364.0,429.0,423.0,422.0,329.0,220.0,186.0,330.0,421.0,15.0,247.0,884.0,,,,,,,,,,,,,,,
329,287.0,1123.0,1122.0,364.0,328.0,429.0,423.0,422.0,220.0,186.0,330.0,421.0,381.0,1036.0,,,,,,,,,,,,,,
330,287.0,1123.0,1122.0,364.0,328.0,429.0,423.0,422.0,329.0,220.0,186.0,421.0,381.0,1036.0,,,,,,,,,,,,,,
331,,,,,,,,,,,,,,,,,,,,,,,,,,,,
332,132.0,237.0,252.0,487.0,602.0,613.0,790.0,475.0,629.0,,,,,,,,,,,,,,,,,,,
333,64.0,170.0,255.0,91.0,572.0,1004.0,,,,,,,,,,,,,,,,,,,,,,
334,126.0,136.0,367.0,802.0,66.0,,,,,,,,,,,,,,,,,,,,,,,
335,10.0,54.0,50.0,20.0,350.0,375.0,593.0,609.0,610.0,529.0,804.0,573.0,,,,,,,,,,,,,,,,
336,1146.0,,,,,,,,,,,,,,,,,,,,,,,,,,,
337,366.0,396.0,427.0,388.0,373.0,525.0,303.0,567.0,,,,,,,,,,,,,,,,,,,,
338,533.0,1153.0,274.0,307.0,616.0,500.0,217.0,510.0,565.0,564.0,,,,,,,,,,,,,,,,,,
339,923.0,958.0,851.0,,,,,,,,,,,,,,,,,,,,,,,,,
340,1012.0,327.0,323.0,283.0,188.0,207.0,282.0,118.0,278.0,341.0,342.0,162.0,739.0,279.0,353.0,563.0,362.0,288.0,232.0,233.0,166.0,322.0,,,,,,
341,1012.0,327.0,323.0,283.0,188.0,207.0,282.0,118.0,278.0,340.0,342.0,162.0,739.0,279.0,353.0,563.0,362.0,288.0,232.0,233.0,166.0,322.0,,,,,,
342,1012.0,327.0,323.0,283.0,188.0,207.0,282.0,118.0,278.0,340.0,341.0,162.0,739.0,279.0,353.0,563.0,362.0,288.0,232.0,233.0,166.0,322.0,,,,,,
343,106.0,97.0,1056.0,276.0,,,,,,,,,,,,,,,,,,,,,,,,
344,900.0,876.0,,,,,,,,,,,,,,,,,,,,,,,,,,
345,401.0,314.0,492.0,506.0,148.0,49.0,394.0,103.0,158.0,502.0,462.0,131.0,228.0,1075.0,461.0,634.0,374.0,495.0,,,,,,,,,,
346,662.0,729.0,859.0,436.0,185.0,557.0,769.0,,,,,,,,,,,,,,,,,,,,,
347,845.0,827.0,384.0,386.0,385.0,236.0,240.0,654.0,881.0,942.0,8.0,949.0,30.0,239.0,,,,,,,,,,,,,,
348,753.0,558.0,568.0,178.0,102.0,926.0,674.0,,,,,,,,,,,,,,,,,,,,,
349,187.0,727.0,728.0,1001.0,121.0,320.0,,,,,,,,,,,,,,,,,,,,,,
350,10.0,54.0,50.0,20.0,1062.0,25.0,690.0,521.0,571.0,408.0,407.0,310.0,552.0,61.0,587.0,375.0,721.0,593.0,609.0,610.0,529.0,804.0,88.0,335.0,573.0,,,
351,63.0,,,,,,,,,,,,,,,,,,,,,,,,,,,
352,646.0,175.0,281.0,,,,,,,,,,,,,,,,,,,,,,,,,
353,1012.0,327.0,323.0,283.0,188.0,207.0,282.0,118.0,278.0,340.0,341.0,342.0,162.0,739.0,279.0,563.0,362.0,288.0,232.0,233.0,166.0,322.0,,,,,,
354,526.0,445.0,447.0,810.0,,,,,,,,,,,,,,,,,,,,,,,,
355,1032.0,943.0,504.0,947.0,257.0,159.0,248.0,,,,,,,,,,,,,,,,,,,,,
356,238.0,975.0,305.0,152.0,112.0,988.0,,,,,,,,,,,,,,,,,,,,,,
357,71.0,586.0,882.0,226.0,669.0,,,,,,,,,,,,,,,,,,,,,,,
358,1054.0,1069.0,147.0,1016.0,267.0,,,,,,,,,,,,,,,,,,,,,,,
359,51.0,,,,,,,,,,,,,,,,,,,,,,,,,,,
360,,,,,,,,,,,,,,,,,,,,,,,,,,,,
361,142.0,837.0,846.0,672.0,70.0,689.0,954.0,,,,,,,,,,,,,,,,,,,,,
362,1012.0,327.0,323.0,283.0,188.0,207.0,282.0,118.0,278.0,340.0,341.0,342.0,162.0,739.0,279.0,353.0,563.0,288.0,232.0,233.0,166.0,322.0,,,,,,
363,251.0,172.0,234.0,235.0,291.0,,,,,,,,,,,,,,,,,,,,,,,
364,287.0,328.0,429.0,423.0,422.0,329.0,220.0,186.0,330.0,421.0,15.0,247.0,884.0,,,,,,,,,,,,,,,
365,834.0,382.0,787.0,501.0,430.0,431.0,,,,,,,,,,,,,,,,,,,,,,
366,396.0,427.0,388.0,373.0,525.0,303.0,567.0,337.0,,,,,,,,,,,,,,,,,,,,
367,126.0,136.0,802.0,66.0,334.0,,,,,,,,,,,,,,,,,,,,,,,
368,784.0,829.0,,,,,,,,,,,,,,,,,,,,,,,,,,
369,807.0,380.0,1118.0,296.0,,,,,,,,,,,,,,,,,,,,,,,,
370,238.0,112.0,1082.0,,,,,,,,,,,,,,,,,,,,,,,,,
371,324.0,80.0,82.0,2.0,599.0,768.0,785.0,1100.0,1104.0,1105.0,1106.0,1115.0,1119.0,1148.0,555.0,1015.0,469.0,1156.0,164.0,271.0,497.0,,,,,,,
372,800.0,,,,,,,,,,,,,,,,,,,,,,,,,,,
373,366.0,396.0,427.0,388.0,525.0,303.0,567.0,337.0,,,,,,,,,,,,,,,,,,,,
374,401.0,314.0,345.0,264.0,395.0,492.0,506.0,148.0,411.0,480.0,607.0,394.0,502.0,531.0,462.0,131.0,228.0,459.0,461.0,542.0,634.0,495.0,,,,,,
375,10.0,54.0,50.0,20.0,1062.0,25.0,690.0,521.0,571.0,408.0,407.0,310.0,552.0,350.0,61.0,587.0,721.0,593.0,609.0,610.0,529.0,804.0,88.0,335.0,573.0,,,
376,618.0,,,,,,,,,,,,,,,,,,,,,,,,,,,
377,53.0,,,,,,,,,,,,,,,,,,,,,,,,,,,
378,194.0,508.0,798.0,512.0,517.0,803.0,325.0,312.0,509.0,,,,,,,,,,,,,,,,,,,
379,646.0,608.0,627.0,523.0,,,,,,,,,,,,,,,,,,,,,,,,
380,807.0,1118.0,296.0,369.0,,,,,,,,,,,,,,,,,,,,,,,,
381,287.0,1123.0,1122.0,422.0,329.0,330.0,421.0,1036.0,1031.0,,,,,,,,,,,,,,,,,,,
382,834.0,787.0,501.0,365.0,430.0,431.0,,,,,,,,,,,,,,,,,,,,,,
383,,,,,,,,,,,,,,,,,,,,,,,,,,,,
384,964.0,845.0,827.0,386.0,385.0,881.0,347.0,949.0,30.0,239.0,,,,,,,,,,,,,,,,,,
385,964.0,845.0,827.0,384.0,386.0,881.0,347.0,949.0,30.0,239.0,,,,,,,,,,,,,,,,,,
386,964.0,845.0,827.0,384.0,385.0,881.0,347.0,949.0,30.0,239.0,,,,,,,,,,,,,,,,,,
387,400.0,479.0,478.0,512.0,803.0,458.0,424.0,498.0,325.0,465.0,312.0,509.0,524.0,553.0,578.0,554.0,,,,,,,,,,,,
388,366.0,396.0,427.0,373.0,525.0,303.0,567.0,337.0,,,,,,,,,,,,,,,,,,,,
389,,,,,,,,,,,,,,,,,,,,,,,,,,,,
390,419.0,250.0,1147.0,499.0,,,,,,,,,,,,,,,,,,,,,,,,
391,886.0,915.0,476.0,125.0,270.0,122.0,128.0,530.0,756.0,,,,,,,,,,,,,,,,,,,
392,263.0,420.0,484.0,483.0,532.0,,,,,,,,,,,,,,,,,,,,,,,
393,412.0,,,,,,,,,,,,,,,,,,,,,,,,,,,
394,401.0,314.0,345.0,264.0,395.0,492.0,506.0,148.0,411.0,480.0,607.0,502.0,531.0,462.0,131.0,228.0,459.0,461.0,542.0,634.0,374.0,495.0,,,,,,
395,264.0,506.0,62.0,148.0,411.0,480.0,394.0,502.0,462.0,131.0,228.0,503.0,461.0,505.0,635.0,24.0,41.0,42.0,634.0,374.0,495.0,,,,,,,
396,366.0,427.0,388.0,373.0,525.0,303.0,567.0,337.0,,,,,,,,,,,,,,,,,,,,
397,437.0,535.0,,,,,,,,,,,,,,,,,,,,,,,,,,
398,,,,,,,,,,,,,,,,,,,,,,,,,,,,
399,,,,,,,,,,,,,,,,,,,,,,,,,,,,
400,479.0,478.0,512.0,803.0,458.0,424.0,498.0,325.0,465.0,387.0,312.0,509.0,524.0,553.0,578.0,554.0,,,,,,,,,,,,
401,314.0,345.0,492.0,506.0,148.0,49.0,394.0,103.0,158.0,502.0,462.0,131.0,228.0,1075.0,461.0,634.0,374.0,495.0,,,,,,,,,,
402,981.0,326.0,146.0,145.0,,,,,,,,,,,,,,,,,,,,,,,,
403,73.0,46.0,149.0,31.0,202.0,203.0,439.0,716.0,744.0,815.0,919.0,920.0,939.0,940.0,,,,,,,,,,,,,,
404,286.0,1035.0,549.0,405.0,922.0,536.0,550.0,540.0,538.0,,,,,,,,,,,,,,,,,,,
405,286.0,1035.0,549.0,404.0,922.0,536.0,550.0,540.0,538.0,,,,,,,,,,,,,,,,,,,
406,1077.0,781.0,1158.0,161.0,0.0,21.0,4.0,,,,,,,,,,,,,,,,,,,,,
407,10.0,753.0,558.0,568.0,54.0,102.0,50.0,20.0,1062.0,25.0,690.0,521.0,571.0,408.0,310.0,552.0,350.0,61.0,587.0,375.0,721.0,593.0,609.0,610.0,529.0,804.0,88.0,573.0
408,10.0,753.0,558.0,568.0,54.0,102.0,50.0,20.0,1062.0,25.0,690.0,521.0,571.0,407.0,310.0,552.0,350.0,61.0,587.0,375.0,721.0,593.0,609.0,610.0,529.0,804.0,88.0,573.0
409,,,,,,,,,,,,,,,,,,,,,,,,,,,,
410,813.0,801.0,953.0,,,,,,,,,,,,,,,,,,,,,,,,,
411,264.0,395.0,506.0,62.0,148.0,480.0,607.0,394.0,502.0,531.0,462.0,131.0,228.0,569.0,459.0,503.0,461.0,505.0,635.0,24.0,41.0,42.0,542.0,634.0,374.0,495.0,,
412,393.0,,,,,,,,,,,,,,,,,,,,,,,,,,,
413,946.0,44.0,57.0,58.0,133.0,200.0,1108.0,1073.0,,,,,,,,,,,,,,,,,,,,
414,,,,,,,,,,,,,,,,,,,,,,,,,,,,
415,543.0,292.0,574.0,,,,,,,,,,,,,,,,,,,,,,,,,
416,,,,,,,,,,,,,,,,,,,,,,,,,,,,
417,224.0,1143.0,137.0,35.0,34.0,,,,,,,,,,,,,,,,,,,,,,,
418,79.0,210.0,218.0,135.0,591.0,547.0,546.0,101.0,14.0,3.0,,,,,,,,,,,,,,,,,,
419,390.0,,,,,,,,,,,,,,,,,,,,,,,,,,,
420,263.0,484.0,483.0,392.0,532.0,,,,,,,,,,,,,,,,,,,,,,,
421,287.0,1123.0,1122.0,364.0,328.0,429.0,423.0,422.0,329.0,220.0,186.0,330.0,381.0,1036.0,,,,,,,,,,,,,,
422,287.0,1123.0,1122.0,364.0,328.0,429.0,423.0,329.0,220.0,186.0,330.0,421.0,381.0,1036.0,,,,,,,,,,,,,,
423,287.0,364.0,328.0,429.0,422.0,329.0,220.0,186.0,330.0,421.0,15.0,247.0,884.0,,,,,,,,,,,,,,,
424,400.0,479.0,478.0,512.0,803.0,458.0,498.0,325.0,465.0,387.0,312.0,509.0,524.0,553.0,578.0,554.0,,,,,,,,,,,,
425,518.0,179.0,493.0,244.0,268.0,269.0,455.0,762.0,194.0,798.0,517.0,,,,,,,,,,,,,,,,,
426,19.0,183.0,294.0,295.0,830.0,840.0,986.0,315.0,,,,,,,,,,,,,,,,,,,,
427,366.0,396.0,388.0,373.0,525.0,303.0,567.0,337.0,,,,,,,,,,,,,,,,,,,,
428,682.0,432.0,,,,,,,,,,,,,,,,,,,,,,,,,,
429,287.0,364.0,328.0,423.0,422.0,329.0,220.0,186.0,330.0,421.0,15.0,247.0,884.0,,,,,,,,,,,,,,,
430,834.0,382.0,787.0,501.0,365.0,431.0,,,,,,,,,,,,,,,,,,,,,,
431,834.0,382.0,787.0,501.0,365.0,430.0,,,,,,,,,,,,,,,,,,,,,,
432,682.0,428.0,,,,,,,,,,,,,,,,,,,,,,,,,,
433,1136.0,198.0,1046.0,1095.0,1107.0,,,,,,,,,,,,,,,,,,,,,,,
434,806.0,822.0,733.0,878.0,812.0,941.0,682.0,,,,,,,,,,,,,,,,,,,,,
435,1033.0,1117.0,856.0,907.0,962.0,998.0,,,,,,,,,,,,,,,,,,,,,,
436,346.0,729.0,859.0,185.0,1051.0,557.0,,,,,,,,,,,,,,,,,,,,,,
437,397.0,535.0,,,,,,,,,,,,,,,,,,,,,,,,,,
438,468.0,471.0,,,,,,,,,,,,,,,,,,,,,,,,,,
439,73.0,46.0,149.0,31.0,202.0,203.0,403.0,716.0,744.0,815.0,919.0,920.0,939.0,940.0,,,,,,,,,,,,,,
440,259.0,113.0,1110.0,23.0,169.0,685.0,720.0,90.0,696.0,732.0,760.0,,,,,,,,,,,,,,,,,
441,318.0,452.0,256.0,1076.0,76.0,,,,,,,,,,,,,,,,,,,,,,,
442,,,,,,,,,,,,,,,,,,,,,,,,,,,,
443,242.0,275.0,454.0,453.0,311.0,150.0,748.0,633.0,631.0,698.0,1094.0,944.0,195.0,457.0,637.0,632.0,,,,,,,,,,,,
444,,,,,,,,,,,,,,,,,,,,,,,,,,,,
445,526.0,447.0,354.0,810.0,,,,,,,,,,,,,,,,,,,,,,,,
446,,,,,,,,,,,,,,,,,,,,,,,,,,,,
447,526.0,445.0,354.0,810.0,,,,,,,,,,,,,,,,,,,,,,,,
448,1091.0,606.0,973.0,254.0,620.0,617.0,1092.0,253.0,935.0,95.0,,,,,,,,,,,,,,,,,,
449,607.0,531.0,569.0,459.0,542.0,,,,,,,,,,,,,,,,,,,,,,,
450,515.0,1114.0,,,,,,,,,,,,,,,,,,,,,,,,,,
451,215.0,216.0,980.0,1098.0,,,,,,,,,,,,,,,,,,,,,,,,
452,441.0,318.0,256.0,1076.0,76.0,,,,,,,,,,,,,,,,,,,,,,,
453,242.0,275.0,454.0,311.0,150.0,748.0,171.0,633.0,173.0,631.0,443.0,698.0,1094.0,944.0,195.0,457.0,637.0,632.0,,,,,,,,,,
454,242.0,275.0,453.0,311.0,150.0,748.0,633.0,1138.0,631.0,443.0,698.0,1094.0,944.0,195.0,457.0,637.0,632.0,,,,,,,,,,,
455,518.0,179.0,493.0,244.0,268.0,269.0,425.0,762.0,194.0,798.0,517.0,,,,,,,,,,,,,,,,,
456,67.0,470.0,983.0,984.0,,,,,,,,,,,,,,,,,,,,,,,,
457,242.0,275.0,454.0,453.0,311.0,150.0,748.0,633.0,631.0,443.0,698.0,1094.0,944.0,195.0,637.0,632.0,,,,,,,,,,,,
458,400.0,479.0,478.0,512.0,803.0,424.0,498.0,325.0,465.0,387.0,312.0,509.0,524.0,553.0,578.0,554.0,,,,,,,,,,,,
459,506.0,62.0,148.0,411.0,480.0,607.0,394.0,502.0,531.0,462.0,131.0,228.0,569.0,449.0,503.0,461.0,505.0,635.0,24.0,41.0,42.0,93.0,94.0,542.0,634.0,374.0,495.0,868.0
460,612.0,494.0,1064.0,582.0,621.0,622.0,974.0,576.0,630.0,,,,,,,,,,,,,,,,,,,
461,401.0,314.0,345.0,264.0,395.0,492.0,506.0,148.0,411.0,480.0,607.0,394.0,502.0,531.0,462.0,131.0,228.0,459.0,542.0,634.0,374.0,495.0,,,,,,
462,401.0,314.0,345.0,264.0,395.0,492.0,506.0,148.0,411.0,480.0,607.0,394.0,502.0,531.0,131.0,228.0,459.0,461.0,542.0,634.0,374.0,495.0,,,,,,
463,686.0,1042.0,783.0,1103.0,951.0,982.0,887.0,251.0,293.0,196.0,5.0,1000.0,16.0,,,,,,,,,,,,,,,
464,832.0,,,,,,,,,,,,,,,,,,,,,,,,,,,
465,400.0,479.0,478.0,512.0,803.0,458.0,424.0,498.0,325.0,387.0,312.0,509.0,524.0,553.0,578.0,554.0,,,,,,,,,,,,
466,753.0,558.0,568.0,102.0,794.0,309.0,299.0,266.0,298.0,520.0,134.0,1124.0,28.0,,,,,,,,,,,,,,,
467,,,,,,,,,,,,,,,,,,,,,,,,,,,,
468,471.0,438.0,,,,,,,,,,,,,,,,,,,,,,,,,,
469,324.0,80.0,82.0,2.0,371.0,599.0,768.0,785.0,1100.0,1104.0,1105.0,1106.0,1115.0,1119.0,1148.0,555.0,250.0,1015.0,994.0,1156.0,164.0,1147.0,271.0,497.0,499.0,,,
470,456.0,67.0,983.0,984.0,,,,,,,,,,,,,,,,,,,,,,,,
471,468.0,438.0,,,,,,,,,,,,,,,,,,,,,,,,,,
472,316.0,742.0,,,,,,,,,,,,,,,,,,,,,,,,,,
473,584.0,585.0,589.0,597.0,1029.0,1030.0,560.0,561.0,533.0,1153.0,,,,,,,,,,,,,,,,,,
474,,,,,,,,,,,,,,,,,,,,,,,,,,,,
475,132.0,237.0,252.0,332.0,487.0,602.0,613.0,790.0,629.0,,,,,,,,,,,,,,,,,,,
476,163.0,886.0,915.0,125.0,270.0,122.0,128.0,391.0,530.0,756.0,,,,,,,,,,,,,,,,,,
477,,,,,,,,,,,,,,,,,,,,,,,,,,,,
478,400.0,479.0,512.0,803.0,458.0,424.0,498.0,325.0,465.0,387.0,312.0,509.0,524.0,553.0,578.0,554.0,,,,,,,,,,,,
479,400.0,478.0,512.0,803.0,458.0,424.0,498.0,325.0,465.0,387.0,312.0,509.0,524.0,553.0,578.0,554.0,,,,,,,,,,,,
480,264.0,395.0,506.0,62.0,148.0,411.0,607.0,394.0,502.0,531.0,462.0,131.0,228.0,569.0,459.0,503.0,461.0,505.0,635.0,24.0,41.0,42.0,542.0,634.0,374.0,495.0,,
481,1088.0,841.0,231.0,893.0,,,,,,,,,,,,,,,,,,,,,,,,
482,1128.0,903.0,1121.0,,,,,,,,,,,,,,,,,,,,,,,,,
483,263.0,420.0,484.0,392.0,532.0,,,,,,,,,,,,,,,,,,,,,,,
484,263.0,420.0,483.0,392.0,532.0,,,,,,,,,,,,,,,,,,,,,,,
485,222.0,534.0,616.0,577.0,570.0,,,,,,,,,,,,,,,,,,,,,,,
486,1066.0,1087.0,,,,,,,,,,,,,,,,,,,,,,,,,,
487,132.0,237.0,252.0,332.0,602.0,613.0,790.0,475.0,629.0,,,,,,,,,,,,,,,,,,,
488,917.0,933.0,301.0,968.0,211.0,904.0,703.0,1008.0,1044.0,,,,,,,,,,,,,,,,,,,
489,117.0,151.0,160.0,77.0,83.0,,,,,,,,,,,,,,,,,,,,,,,
490,754.0,260.0,775.0,491.0,860.0,889.0,820.0,1134.0,717.0,,,,,,,,,,,,,,,,,,,
491,754.0,260.0,775.0,490.0,860.0,889.0,820.0,1134.0,717.0,,,,,,,,,,,,,,,,,,,
492,401.0,314.0,345.0,506.0,148.0,49.0,394.0,103.0,158.0,502.0,462.0,131.0,228.0,1075.0,461.0,634.0,374.0,495.0,,,,,,,,,,
493,518.0,179.0,244.0,268.0,269.0,425.0,455.0,762.0,194.0,798.0,517.0,,,,,,,,,,,,,,,,,
494,612.0,460.0,1064.0,582.0,621.0,622.0,974.0,576.0,630.0,273.0,1108.0,765.0,,,,,,,,,,,,,,,,
495,401.0,314.0,345.0,264.0,395.0,492.0,506.0,148.0,411.0,480.0,607.0,394.0,502.0,531.0,462.0,131.0,228.0,459.0,461.0,542.0,634.0,374.0,,,,,,
496,69.0,139.0,317.0,7.0,683.0,758.0,649.0,1080.0,13.0,,,,,,,,,,,,,,,,,,,
497,324.0,80.0,82.0,2.0,371.0,599.0,768.0,785.0,1100.0,1104.0,1105.0,1106.0,1115.0,1119.0,1148.0,555.0,250.0,1015.0,994.0,469.0,1156.0,164.0,1147.0,271.0,499.0,,,
498,400.0,479.0,478.0,512.0,803.0,458.0,424.0,325.0,465.0,387.0,312.0,509.0,524.0,553.0,578.0,554.0,,,,,,,,,,,,
499,390.0,1148.0,555.0,250.0,1015.0,469.0,164.0,1147.0,271.0,497.0,,,,,,,,,,,,,,,,,,
500,533.0,1153.0,274.0,307.0,616.0,217.0,510.0,338.0,565.0,564.0,,,,,,,,,,,,,,,,,,
501,834.0,382.0,787.0,365.0,430.0,431.0,,,,,,,,,,,,,,,,,,,,,,
502,401.0,314.0,345.0,264.0,395.0,492.0,506.0,148.0,411.0,480.0,607.0,394.0,531.0,462.0,131.0,228.0,459.0,461.0,542.0,634.0,374.0,495.0,,,,,,
503,264.0,395.0,62.0,411.0,480.0,607.0,531.0,569.0,459.0,505.0,635.0,24.0,41.0,42.0,93.0,94.0,542.0,868.0,,,,,,,,,,
504,947.0,257.0,355.0,159.0,248.0,514.0,,,,,,,,,,,,,,,,,,,,,,
505,264.0,395.0,62.0,411.0,480.0,607.0,531.0,569.0,459.0,503.0,635.0,24.0,41.0,42.0,93.0,94.0,542.0,868.0,,,,,,,,,,
506,401.0,314.0,345.0,264.0,395.0,492.0,148.0,411.0,480.0,607.0,394.0,502.0,531.0,462.0,131.0,228.0,459.0,461.0,542.0,634.0,374.0,495.0,,,,,,
507,675.0,970.0,774.0,745.0,,,,,,,,,,,,,,,,,,,,,,,,
508,194.0,798.0,512.0,378.0,517.0,803.0,325.0,312.0,509.0,,,,,,,,,,,,,,,,,,,
509,508.0,798.0,400.0,479.0,478.0,512.0,378.0,517.0,803.0,458.0,424.0,498.0,325.0,465.0,387.0,312.0,524.0,553.0,578.0,554.0,,,,,,,,
510,533.0,1153.0,274.0,307.0,500.0,580.0,217.0,338.0,565.0,564.0,,,,,,,,,,,,,,,,,,
511,588.0,583.0,579.0,863.0,601.0,81.0,1137.0,590.0,199.0,513.0,598.0,,,,,,,,,,,,,,,,,
512,508.0,798.0,400.0,479.0,478.0,378.0,517.0,803.0,458.0,424.0,498.0,325.0,465.0,387.0,312.0,509.0,524.0,553.0,578.0,554.0,,,,,,,,
513,588.0,583.0,579.0,863.0,601.0,81.0,1137.0,590.0,199.0,511.0,598.0,,,,,,,,,,,,,,,,,
514,504.0,257.0,913.0,885.0,948.0,714.0,814.0,946.0,44.0,57.0,58.0,133.0,200.0,1073.0,,,,,,,,,,,,,,
515,450.0,1114.0,,,,,,,,,,,,,,,,,,,,,,,,,,
516,746.0,,,,,,,,,,,,,,,,,,,,,,,,,,,
517,518.0,179.0,493.0,244.0,268.0,269.0,425.0,455.0,762.0,194.0,508.0,798.0,512.0,378.0,803.0,325.0,312.0,509.0,,,,,,,,,,
518,179.0,493.0,244.0,268.0,269.0,425.0,455.0,762.0,194.0,798.0,517.0,,,,,,,,,,,,,,,,,
519,987.0,544.0,880.0,929.0,,,,,,,,,,,,,,,,,,,,,,,,
520,753.0,558.0,568.0,102.0,794.0,309.0,466.0,299.0,266.0,298.0,134.0,1124.0,28.0,,,,,,,,,,,,,,,
521,10.0,753.0,558.0,568.0,54.0,102.0,50.0,20.0,1062.0,25.0,690.0,571.0,408.0,407.0,310.0,552.0,350.0,61.0,587.0,375.0,721.0,593.0,609.0,610.0,529.0,804.0,88.0,573.0
522,,,,,,,,,,,,,,,,,,,,,,,,,,,,
523,379.0,646.0,627.0,,,,,,,,,,,,,,,,,,,,,,,,,
524,400.0,479.0,478.0,512.0,803.0,458.0,424.0,498.0,325.0,465.0,387.0,312.0,509.0,553.0,578.0,554.0,,,,,,,,,,,,
525,366.0,396.0,427.0,388.0,373.0,303.0,567.0,337.0,,,,,,,,,,,,,,,,,,,,
526,445.0,447.0,354.0,810.0,,,,,,,,,,,,,,,,,,,,,,,,
527,777.0,657.0,666.0,914.0,,,,,,,,,,,,,,,,,,,,,,,,
528,916.0,782.0,843.0,956.0,,,,,,,,,,,,,,,,,,,,,,,,
529,10.0,54.0,50.0,20.0,1062.0,25.0,690.0,521.0,571.0,408.0,407.0,310.0,552.0,350.0,61.0,587.0,375.0,721.0,593.0,609.0,610.0,804.0,88.0,335.0,573.0,,,
530,163.0,886.0,915.0,476.0,125.0,270.0,122.0,128.0,391.0,756.0,,,,,,,,,,,,,,,,,,
531,506.0,62.0,148.0,411.0,480.0,607.0,394.0,502.0,462.0,131.0,228.0,569.0,459.0,449.0,503.0,461.0,505.0,635.0,24.0,41.0,42.0,93.0,94.0,542.0,634.0,374.0,495.0,868.0
532,263.0,420.0,484.0,483.0,392.0,,,,,,,,,,,,,,,,,,,,,,,
533,473.0,584.0,585.0,589.0,597.0,1029.0,1030.0,1153.0,307.0,616.0,500.0,217.0,510.0,338.0,,,,,,,,,,,,,,
534,222.0,485.0,616.0,577.0,570.0,,,,,,,,,,,,,,,,,,,,,,,
535,397.0,437.0,,,,,,,,,,,,,,,,,,,,,,,,,,
536,549.0,404.0,405.0,922.0,550.0,540.0,326.0,146.0,538.0,145.0,,,,,,,,,,,,,,,,,,
537,594.0,596.0,100.0,,,,,,,,,,,,,,,,,,,,,,,,,
538,549.0,404.0,405.0,922.0,536.0,550.0,540.0,326.0,146.0,145.0,,,,,,,,,,,,,,,,,,
539,,,,,,,,,,,,,,,,,,,,,,,,,,,,
540,549.0,404.0,405.0,922.0,536.0,550.0,326.0,146.0,538.0,145.0,,,,,,,,,,,,,,,,,,
541,59.0,899.0,273.0,765.0,,,,,,,,,,,,,,,,,,,,,,,,
542,506.0,62.0,148.0,411.0,480.0,607.0,394.0,502.0,531.0,462.0,131.0,228.0,569.0,459.0,449.0,503.0,461.0,505.0,635.0,24.0,41.0,42.0,93.0,94.0,634.0,374.0,495.0,868.0
543,415.0,,,,,,,,,,,,,,,,,,,,,,,,,,,
544,987.0,519.0,880.0,929.0,,,,,,,,,,,,,,,,,,,,,,,,
545,592.0,,,,,,,,,,,,,,,,,,,,,,,,,,,
546,79.0,210.0,218.0,140.0,174.0,418.0,135.0,591.0,27.0,547.0,101.0,14.0,3.0,,,,,,,,,,,,,,,
547,79.0,210.0,218.0,418.0,135.0,591.0,546.0,101.0,14.0,3.0,,,,,,,,,,,,,,,,,,
548,915.0,106.0,277.0,144.0,1056.0,276.0,,,,,,,,,,,,,,,,,,,,,,
549,286.0,1035.0,404.0,405.0,922.0,536.0,550.0,540.0,538.0,,,,,,,,,,,,,,,,,,,
550,549.0,404.0,405.0,922.0,536.0,540.0,326.0,146.0,538.0,145.0,,,,,,,,,,,,,,,,,,
551,,,,,,,,,,,,,,,,,,,,,,,,,,,,
552,10.0,753.0,558.0,568.0,54.0,102.0,50.0,20.0,1062.0,25.0,690.0,521.0,571.0,408.0,407.0,310.0,350.0,61.0,587.0,375.0,721.0,593.0,609.0,610.0,529.0,804.0,88.0,573.0
553,400.0,479.0,478.0,512.0,803.0,458.0,424.0,498.0,325.0,465.0,387.0,312.0,509.0,524.0,578.0,554.0,,,,,,,,,,,,
554,400.0,479.0,478.0,512.0,803.0,458.0,424.0,498.0,325.0,465.0,387.0,312.0,509.0,524.0,553.0,578.0,,,,,,,,,,,,
555,324.0,80.0,82.0,2.0,371.0,599.0,768.0,785.0,1100.0,1104.0,1105.0,1106.0,1115.0,1119.0,1148.0,250.0,1015.0,994.0,469.0,1156.0,164.0,1147.0,271.0,497.0,499.0,,,
556,788.0,902.0,1093.0,1097.0,706.0,992.0,957.0,562.0,600.0,605.0,,,,,,,,,,,,,,,,,,
557,346.0,729.0,859.0,436.0,185.0,1051.0,,,,,,,,,,,,,,,,,,,,,,
558,753.0,568.0,102.0,348.0,1062.0,25.0,690.0,521.0,571.0,926.0,794.0,309.0,466.0,299.0,408.0,266.0,407.0,310.0,298.0,520.0,134.0,1124.0,552.0,61.0,587.0,28.0,721.0,88.0
559,711.0,,,,,,,,,,,,,,,,,,,,,,,,,,,
560,473.0,584.0,585.0,589.0,597.0,1029.0,1030.0,561.0,1153.0,,,,,,,,,,,,,,,,,,,
561,473.0,584.0,585.0,589.0,597.0,1029.0,1030.0,560.0,1153.0,,,,,,,,,,,,,,,,,,,
562,788.0,902.0,1093.0,1097.0,706.0,992.0,957.0,556.0,600.0,605.0,,,,,,,,,,,,,,,,,,
563,1012.0,327.0,323.0,283.0,188.0,207.0,282.0,118.0,278.0,340.0,341.0,342.0,162.0,739.0,279.0,353.0,362.0,288.0,232.0,233.0,166.0,322.0,,,,,,
564,274.0,307.0,500.0,217.0,510.0,338.0,566.0,22.0,565.0,,,,,,,,,,,,,,,,,,,
565,274.0,307.0,500.0,217.0,510.0,338.0,566.0,22.0,564.0,,,,,,,,,,,,,,,,,,,
566,22.0,565.0,564.0,,,,,,,,,,,,,,,,,,,,,,,,,
567,366.0,396.0,427.0,388.0,373.0,525.0,303.0,337.0,,,,,,,,,,,,,,,,,,,,
568,753.0,558.0,102.0,348.0,1062.0,25.0,690.0,521.0,571.0,926.0,794.0,309.0,466.0,299.0,408.0,266.0,407.0,310.0,298.0,520.0,134.0,1124.0,552.0,61.0,587.0,28.0,721.0,88.0
569,62.0,411.0,480.0,607.0,531.0,459.0,449.0,503.0,505.0,635.0,24.0,41.0,42.0,93.0,94.0,542.0,868.0,,,,,,,,,,,
570,222.0,534.0,485.0,616.0,577.0,,,,,,,,,,,,,,,,,,,,,,,
571,10.0,753.0,558.0,568.0,54.0,102.0,50.0,20.0,1062.0,25.0,690.0,521.0,408.0,407.0,310.0,552.0,350.0,61.0,587.0,375.0,721.0,593.0,609.0,610.0,529.0,804.0,88.0,573.0
572,64.0,333.0,170.0,255.0,91.0,1004.0,,,,,,,,,,,,,,,,,,,,,,
573,10.0,54.0,50.0,20.0,1062.0,25.0,690.0,521.0,571.0,408.0,407.0,310.0,552.0,350.0,61.0,587.0,375.0,721.0,593.0,609.0,610.0,529.0,804.0,88.0,335.0,,,
574,292.0,415.0,,,,,,,,,,,,,,,,,,,,,,,,,,
575,,,,,,,,,,,,,,,,,,,,,,,,,,,,
576,612.0,460.0,494.0,1064.0,582.0,621.0,622.0,974.0,630.0,273.0,1108.0,765.0,,,,,,,,,,,,,,,,
577,222.0,534.0,485.0,616.0,570.0,,,,,,,,,,,,,,,,,,,,,,,
578,400.0,479.0,478.0,512.0,803.0,458.0,424.0,498.0,325.0,465.0,387.0,312.0,509.0,524.0,553.0,554.0,,,,,,,,,,,,
579,588.0,583.0,863.0,601.0,81.0,1137.0,590.0,199.0,513.0,511.0,598.0,,,,,,,,,,,,,,,,,
580,1153.0,274.0,510.0,,,,,,,,,,,,,,,,,,,,,,,,,
581,,,,,,,,,,,,,,,,,,,,,,,,,,,,
582,612.0,460.0,494.0,1064.0,621.0,622.0,974.0,576.0,630.0,273.0,1108.0,765.0,,,,,,,,,,,,,,,,
583,588.0,579.0,863.0,601.0,81.0,1137.0,590.0,199.0,513.0,511.0,598.0,,,,,,,,,,,,,,,,,
584,473.0,585.0,589.0,597.0,1029.0,1030.0,560.0,561.0,533.0,1153.0,,,,,,,,,,,,,,,,,,
585,473.0,584.0,589.0,597.0,1029.0,1030.0,560.0,561.0,533.0,1153.0,,,,,,,,,,,,,,,,,,
586,71.0,882.0,226.0,357.0,669.0,,,,,,,,,,,,,,,,,,,,,,,
587,10.0,753.0,558.0,568.0,54.0,102.0,50.0,20.0,1062.0,25.0,690.0,521.0,571.0,408.0,407.0,310.0,552.0,350.0,61.0,375.0,721.0,593.0,609.0,610.0,529.0,804.0,88.0,573.0
588,583.0,579.0,863.0,601.0,81.0,1137.0,590.0,199.0,513.0,511.0,598.0,,,,,,,,,,,,,,,,,
589,473.0,584.0,585.0,597.0,1029.0,1030.0,560.0,561.0,533.0,1153.0,,,,,,,,,,,,,,,,,,
590,588.0,583.0,579.0,863.0,601.0,81.0,1137.0,199.0,513.0,511.0,598.0,,,,,,,,,,,,,,,,,
591,79.0,210.0,218.0,418.0,135.0,547.0,546.0,101.0,14.0,3.0,,,,,,,,,,,,,,,,,,
592,545.0,,,,,,,,,,,,,,,,,,,,,,,,,,,
593,10.0,54.0,50.0,20.0,1062.0,25.0,690.0,521.0,571.0,408.0,407.0,310.0,552.0,350.0,61.0,587.0,375.0,721.0,609.0,610.0,529.0,804.0,88.0,335.0,573.0,,,
594,537.0,596.0,100.0,,,,,,,,,,,,,,,,,,,,,,,,,
595,170.0,255.0,55.0,265.0,619.0,673.0,,,,,,,,,,,,,,,,,,,,,,
596,537.0,594.0,100.0,,,,,,,,,,,,,,,,,,,,,,,,,
597,473.0,584.0,585.0,589.0,1029.0,1030.0,560.0,561.0,533.0,1153.0,,,,,,,,,,,,,,,,,,
598,588.0,583.0,579.0,863.0,601.0,81.0,1137.0,590.0,199.0,513.0,511.0,,,,,,,,,,,,,,,,,
599,324.0,80.0,82.0,2.0,371.0,768.0,785.0,1100.0,1104.0,1105.0,1106.0,1115.0,1119.0,1148.0,555.0,1015.0,469.0,1156.0,164.0,271.0,497.0,,,,,,,
600,788.0,902.0,1093.0,1097.0,706.0,992.0,957.0,556.0,562.0,605.0,,,,,,,,,,,,,,,,,,
601,588.0,583.0,579.0,863.0,81.0,1137.0,590.0,199.0,513.0,511.0,598.0,,,,,,,,,,,,,,,,,
602,132.0,237.0,252.0,332.0,487.0,613.0,790.0,475.0,629.0,,,,,,,,,,,,,,,,,,,
603,,,,,,,,,,,,,,,,,,,,,,,,,,,,
604,1120.0,643.0,614.0,,,,,,,,,,,,,,,,,,,,,,,,,
605,788.0,902.0,1093.0,1097.0,706.0,992.0,957.0,556.0,562.0,600.0,,,,,,,,,,,,,,,,,,
606,1091.0,973.0,254.0,620.0,617.0,1092.0,253.0,935.0,448.0,95.0,,,,,,,,,,,,,,,,,,
607,506.0,62.0,148.0,411.0,480.0,394.0,502.0,531.0,462.0,131.0,228.0,569.0,459.0,449.0,503.0,461.0,505.0,635.0,24.0,41.0,42.0,93.0,94.0,542.0,634.0,374.0,495.0,868.0
608,379.0,646.0,625.0,628.0,626.0,,,,,,,,,,,,,,,,,,,,,,,
609,10.0,54.0,50.0,20.0,1062.0,25.0,690.0,521.0,571.0,408.0,407.0,310.0,552.0,350.0,61.0,587.0,375.0,721.0,593.0,610.0,529.0,804.0,88.0,335.0,573.0,,,
610,10.0,54.0,50.0,20.0,1062.0,25.0,690.0,521.0,571.0,408.0,407.0,310.0,552.0,350.0,61.0,587.0,375.0,721.0,593.0,609.0,529.0,804.0,88.0,335.0,573.0,,,
611,319.0,1003.0,130.0,866.0,17.0,964.0,,,,,,,,,,,,,,,,,,,,,,
612,460.0,494.0,1064.0,582.0,621.0,622.0,974.0,576.0,630.0,,,,,,,,,,,,,,,,,,,
613,132.0,237.0,252.0,332.0,487.0,602.0,790.0,475.0,629.0,,,,,,,,,,,,,,,,,,,
614,604.0,1120.0,643.0,,,,,,,,,,,,,,,,,,,,,,,,,
615,688.0,904.0,,,,,,,,,,,,,,,,,,,,,,,,,,
616,533.0,222.0,534.0,485.0,307.0,500.0,577.0,217.0,338.0,570.0,,,,,,,,,,,,,,,,,,
617,1091.0,606.0,973.0,254.0,620.0,1092.0,253.0,935.0,448.0,95.0,,,,,,,,,,,,,,,,,,
618,376.0,,,,,,,,,,,,,,,,,,,,,,,,,,,
619,170.0,255.0,55.0,265.0,595.0,673.0,,,,,,,,,,,,,,,,,,,,,,
620,1091.0,606.0,973.0,254.0,617.0,1092.0,253.0,935.0,448.0,95.0,,,,,,,,,,,,,,,,,,
621,612.0,460.0,494.0,1064.0,582.0,622.0,974.0,576.0,630.0,273.0,1108.0,765.0,,,,,,,,,,,,,,,,
622,612.0,460.0,494.0,1064.0,582.0,621.0,974.0,576.0,630.0,273.0,1108.0,765.0,,,,,,,,,,,,,,,,
623,285.0,206.0,901.0,68.0,,,,,,,,,,,,,,,,,,,,,,,,
624,,,,,,,,,,,,,,,,,,,,,,,,,,,,
625,608.0,628.0,626.0,175.0,,,,,,,,,,,,,,,,,,,,,,,,
626,625.0,608.0,628.0,175.0,,,,,,,,,,,,,,,,,,,,,,,,
627,379.0,523.0,,,,,,,,,,,,,,,,,,,,,,,,,,
628,625.0,608.0,626.0,175.0,,,,,,,,,,,,,,,,,,,,,,,,
629,132.0,237.0,252.0,332.0,487.0,602.0,613.0,790.0,475.0,,,,,,,,,,,,,,,,,,,
630,612.0,460.0,494.0,1064.0,582.0,621.0,622.0,974.0,576.0,273.0,1108.0,765.0,,,,,,,,,,,,,,,,
631,242.0,275.0,454.0,453.0,311.0,150.0,748.0,633.0,443.0,698.0,1094.0,944.0,195.0,457.0,637.0,632.0,,,,,,,,,,,,
632,242.0,275.0,454.0,453.0,311.0,150.0,748.0,633.0,631.0,443.0,698.0,1094.0,944.0,195.0,457.0,637.0,,,,,,,,,,,,
633,242.0,275.0,454.0,453.0,311.0,150.0,748.0,631.0,443.0,698.0,1094.0,944.0,195.0,457.0,637.0,632.0,,,,,,,,,,,,
634,401.0,314.0,345.0,264.0,395.0,492.0,506.0,148.0,411.0,480.0,607.0,394.0,502.0,531.0,462.0,131.0,228.0,459.0,461.0,542.0,374.0,495.0,,,,,,
635,264.0,395.0,62.0,411.0,480.0,607.0,531.0,569.0,459.0,503.0,505.0,24.0,41.0,42.0,93.0,94.0,542.0,868.0,,,,,,,,,,
636,638.0,,,,,,,,,,,,,,,,,,,,,,,,,,,
637,242.0,275.0,454.0,453.0,311.0,150.0,748.0,633.0,631.0,443.0,698.0,1094.0,944.0,195.0,457.0,632.0,,,,,,,,,,,,
638,636.0,,,,,,,,,,,,,,,,,,,,,,,,,,,
639,99.0,43.0,18.0,1090.0,,,,,,,,,,,,,,,,,,,,,,,,
640,999.0,,,,,,,,,,,,,,,,,,,,,,,,,,,
641,96.0,932.0,,,,,,,,,,,,,,,,,,,,,,,,,,
642,1006.0,,,,,,,,,,,,,,,,,,,,,,,,,,,
643,604.0,1120.0,614.0,,,,,,,,,,,,,,,,,,,,,,,,,
644,671.0,52.0,658.0,676.0,,,,,,,,,,,,,,,,,,,,,,,,
645,,,,,,,,,,,,,,,,,,,,,,,,,,,,
646,379.0,608.0,523.0,175.0,281.0,352.0,,,,,,,,,,,,,,,,,,,,,,
647,,,,,,,,,,,,,,,,,,,,,,,,,,,,
648,1084.0,,,,,,,,,,,,,,,,,,,,,,,,,,,
649,69.0,139.0,317.0,7.0,683.0,758.0,496.0,1080.0,13.0,,,,,,,,,,,,,,,,,,,
650,,,,,,,,,,,,,,,,,,,,,,,,,,,,
651,,,,,,,,,,,,,,,,,,,,,,,,,,,,
652,1140.0,,,,,,,,,,,,,,,,,,,,,,,,,,,
653,,,,,,,,,,,,,,,,,,,,,,,,,,,,
654,236.0,240.0,942.0,8.0,111.0,109.0,347.0,30.0,874.0,,,,,,,,,,,,,,,,,,,
655,,,,,,,,,,,,,,,,,,,,,,,,,,,,
656,828.0,204.0,759.0,243.0,853.0,119.0,731.0,678.0,700.0,793.0,,,,,,,,,,,,,,,,,,
657,777.0,896.0,527.0,666.0,914.0,,,,,,,,,,,,,,,,,,,,,,,
658,671.0,52.0,644.0,676.0,260.0,,,,,,,,,,,,,,,,,,,,,,,
659,,,,,,,,,,,,,,,,,,,,,,,,,,,,
660,180.0,847.0,1040.0,26.0,45.0,205.0,665.0,230.0,213.0,681.0,121.0,679.0,262.0,,,,,,,,,,,,,,,
661,1101.0,,,,,,,,,,,,,,,,,,,,,,,,,,,
662,346.0,769.0,,,,,,,,,,,,,,,,,,,,,,,,,,
663,928.0,796.0,,,,,,,,,,,,,,,,,,,,,,,,,,
664,755.0,,,,,,,,,,,,,,,,,,,,,,,,,,,
665,660.0,847.0,1040.0,121.0,,,,,,,,,,,,,,,,,,,,,,,,
666,777.0,896.0,657.0,527.0,914.0,,,,,,,,,,,,,,,,,,,,,,,
667,,,,,,,,,,,,,,,,,,,,,,,,,,,,
668,,,,,,,,,,,,,,,,,,,,,,,,,,,,
669,71.0,586.0,882.0,226.0,357.0,,,,,,,,,,,,,,,,,,,,,,,
670,96.0,724.0,,,,,,,,,,,,,,,,,,,,,,,,,,
671,52.0,644.0,658.0,676.0,,,,,,,,,,,,,,,,,,,,,,,,
672,142.0,837.0,361.0,846.0,70.0,689.0,954.0,,,,,,,,,,,,,,,,,,,,,
673,170.0,255.0,55.0,265.0,595.0,619.0,,,,,,,,,,,,,,,,,,,,,,
674,178.0,348.0,926.0,,,,,,,,,,,,,,,,,,,,,,,,,
675,970.0,507.0,774.0,745.0,,,,,,,,,,,,,,,,,,,,,,,,
676,671.0,52.0,644.0,658.0,260.0,,,,,,,,,,,,,,,,,,,,,,,
677,682.0,,,,,,,,,,,,,,,,,,,,,,,,,,,
678,759.0,656.0,700.0,793.0,,,,,,,,,,,,,,,,,,,,,,,,
679,11.0,180.0,660.0,847.0,1040.0,26.0,45.0,205.0,230.0,213.0,681.0,121.0,262.0,29.0,,,,,,,,,,,,,,
680,,,,,,,,,,,,,,,,,,,,,,,,,,,,
681,11.0,180.0,660.0,847.0,1040.0,26.0,45.0,205.0,230.0,213.0,121.0,679.0,262.0,29.0,,,,,,,,,,,,,,
682,806.0,434.0,822.0,677.0,733.0,878.0,812.0,941.0,428.0,432.0,,,,,,,,,,,,,,,,,,
683,12.0,69.0,139.0,317.0,7.0,758.0,496.0,649.0,1080.0,13.0,,,,,,,,,,,,,,,,,,
684,891.0,,,,,,,,,,,,,,,,,,,,,,,,,,,
685,259.0,113.0,1110.0,23.0,169.0,440.0,720.0,90.0,696.0,732.0,760.0,,,,,,,,,,,,,,,,,
686,1042.0,783.0,1103.0,951.0,982.0,463.0,887.0,,,,,,,,,,,,,,,,,,,,,
687,702.0,,,,,,,,,,,,,,,,,,,,,,,,,,,
688,615.0,,,,,,,,,,,,,,,,,,,,,,,,,,,
689,142.0,837.0,361.0,846.0,672.0,70.0,954.0,1047.0,,,,,,,,,,,,,,,,,,,,
690,10.0,753.0,558.0,568.0,54.0,102.0,50.0,20.0,1062.0,25.0,521.0,571.0,408.0,407.0,310.0,552.0,350.0,61.0,587.0,375.0,721.0,593.0,609.0,610.0,529.0,804.0,88.0,573.0
691,,,,,,,,,,,,,,,,,,,,,,,,,,,,
692,,,,,,,,,,,,,,,,,,,,,,,,,,,,
693,850.0,764.0,725.0,710.0,,,,,,,,,,,,,,,,,,,,,,,,
694,138.0,723.0,,,,,,,,,,,,,,,,,,,,,,,,,,
695,789.0,747.0,,,,,,,,,,,,,,,,,,,,,,,,,,
696,259.0,113.0,1110.0,23.0,169.0,440.0,685.0,720.0,90.0,732.0,1123.0,1122.0,760.0,,,,,,,,,,,,,,,
697,1111.0,208.0,,,,,,,,,,,,,,,,,,,,,,,,,,
698,242.0,275.0,454.0,453.0,311.0,150.0,748.0,633.0,631.0,443.0,1094.0,944.0,195.0,457.0,637.0,632.0,,,,,,,,,,,,
699,,,,,,,,,,,,,,,,,,,,,,,,,,,,
700,759.0,656.0,678.0,793.0,,,,,,,,,,,,,,,,,,,,,,,,
701,,,,,,,,,,,,,,,,,,,,,,,,,,,,
702,687.0,,,,,,,,,,,,,,,,,,,,,,,,,,,
703,917.0,933.0,301.0,968.0,211.0,904.0,488.0,1008.0,1044.0,,,,,,,,,,,,,,,,,,,
704,836.0,1130.0,996.0,,,,,,,,,,,,,,,,,,,,,,,,,
705,718.0,912.0,898.0,925.0,37.0,924.0,48.0,,,,,,,,,,,,,,,,,,,,,
706,788.0,902.0,1093.0,1097.0,992.0,556.0,562.0,600.0,605.0,,,,,,,,,,,,,,,,,,,
707,709.0,,,,,,,,,,,,,,,,,,,,,,,,,,,
708,,,,,,,,,,,,,,,,,,,,,,,,,,,,
709,707.0,,,,,,,,,,,,,,,,,,,,,,,,,,,
710,850.0,764.0,725.0,693.0,,,,,,,,,,,,,,,,,,,,,,,,
711,559.0,,,,,,,,,,,,,,,,,,,,,,,,,,,
712,,,,,,,,,,,,,,,,,,,,,,,,,,,,
713,,,,,,,,,,,,,,,,,,,,,,,,,,,,
714,913.0,885.0,948.0,514.0,814.0,1102.0,,,,,,,,,,,,,,,,,,,,,,
715,,,,,,,,,,,,,,,,,,,,,,,,,,,,
716,73.0,46.0,149.0,31.0,202.0,203.0,403.0,439.0,744.0,815.0,919.0,920.0,939.0,940.0,,,,,,,,,,,,,,
717,754.0,260.0,775.0,491.0,490.0,860.0,889.0,820.0,1134.0,,,,,,,,,,,,,,,,,,,
718,912.0,705.0,898.0,925.0,37.0,924.0,48.0,,,,,,,,,,,,,,,,,,,,,
719,773.0,75.0,767.0,,,,,,,,,,,,,,,,,,,,,,,,,
720,259.0,113.0,1110.0,23.0,169.0,440.0,685.0,90.0,696.0,732.0,760.0,,,,,,,,,,,,,,,,,
721,10.0,753.0,558.0,568.0,54.0,102.0,50.0,20.0,1062.0,25.0,690.0,521.0,571.0,408.0,407.0,310.0,552.0,350.0,61.0,587.0,375.0,593.0,609.0,610.0,529.0,804.0,88.0,573.0
722,86.0,110.0,1083.0,763.0,,,,,,,,,,,,,,,,,,,,,,,,
723,694.0,138.0,,,,,,,,,,,,,,,,,,,,,,,,,,
724,96.0,670.0,,,,,,,,,,,,,,,,,,,,,,,,,,
725,850.0,764.0,693.0,710.0,,,,,,,,,,,,,,,,,,,,,,,,
726,56.0,184.0,189.0,,,,,,,,,,,,,,,,,,,,,,,,,
727,212.0,349.0,187.0,728.0,1001.0,223.0,320.0,,,,,,,,,,,,,,,,,,,,,
728,349.0,187.0,727.0,1001.0,121.0,320.0,,,,,,,,,,,,,,,,,,,,,,
729,346.0,859.0,436.0,185.0,1051.0,557.0,,,,,,,,,,,,,,,,,,,,,,
730,749.0,,,,,,,,,,,,,,,,,,,,,,,,,,,
731,828.0,204.0,243.0,853.0,656.0,,,,,,,,,,,,,,,,,,,,,,,
732,259.0,113.0,1110.0,23.0,169.0,440.0,685.0,720.0,90.0,696.0,1123.0,1122.0,760.0,,,,,,,,,,,,,,,
733,806.0,434.0,822.0,878.0,812.0,941.0,682.0,,,,,,,,,,,,,,,,,,,,,
734,737.0,736.0,,,,,,,,,,,,,,,,,,,,,,,,,,
735,,,,,,,,,,,,,,,,,,,,,,,,,,,,
736,737.0,734.0,,,,,,,,,,,,,,,,,,,,,,,,,,
737,736.0,734.0,,,,,,,,,,,,,,,,,,,,,,,,,,
738,,,,,,,,,,,,,,,,,,,,,,,,,,,,
739,1012.0,327.0,323.0,283.0,188.0,207.0,282.0,118.0,278.0,340.0,341.0,342.0,162.0,279.0,353.0,563.0,362.0,288.0,232.0,233.0,166.0,322.0,,,,,,
740,979.0,,,,,,,,,,,,,,,,,,,,,,,,,,,
741,92.0,1032.0,,,,,,,,,,,,,,,,,,,,,,,,,,
742,472.0,316.0,,,,,,,,,,,,,,,,,,,,,,,,,,
743,,,,,,,,,,,,,,,,,,,,,,,,,,,,
744,73.0,46.0,149.0,31.0,202.0,203.0,403.0,439.0,716.0,815.0,919.0,920.0,939.0,940.0,,,,,,,,,,,,,,
745,675.0,970.0,507.0,774.0,,,,,,,,,,,,,,,,,,,,,,,,
746,516.0,,,,,,,,,,,,,,,,,,,,,,,,,,,
747,789.0,695.0,,,,,,,,,,,,,,,,,,,,,,,,,,
748,242.0,275.0,454.0,453.0,311.0,150.0,633.0,1138.0,631.0,443.0,698.0,1094.0,944.0,195.0,457.0,637.0,632.0,,,,,,,,,,,
749,730.0,,,,,,,,,,,,,,,,,,,,,,,,,,,
750,977.0,1061.0,,,,,,,,,,,,,,,,,,,,,,,,,,
751,,,,,,,,,,,,,,,,,,,,,,,,,,,,
752,,,,,,,,,,,,,,,,,,,,,,,,,,,,
753,558.0,568.0,102.0,348.0,1062.0,25.0,690.0,521.0,571.0,926.0,794.0,309.0,466.0,299.0,408.0,266.0,407.0,310.0,298.0,520.0,134.0,1124.0,552.0,61.0,587.0,28.0,721.0,88.0
754,260.0,775.0,491.0,490.0,860.0,889.0,820.0,1134.0,717.0,,,,,,,,,,,,,,,,,,,
755,664.0,,,,,,,,,,,,,,,,,,,,,,,,,,,
756,163.0,886.0,915.0,476.0,125.0,270.0,122.0,128.0,391.0,530.0,,,,,,,,,,,,,,,,,,
757,,,,,,,,,,,,,,,,,,,,,,,,,,,,
758,12.0,69.0,139.0,317.0,7.0,683.0,496.0,649.0,1080.0,13.0,,,,,,,,,,,,,,,,,,
759,119.0,656.0,678.0,700.0,793.0,,,,,,,,,,,,,,,,,,,,,,,
760,259.0,113.0,1110.0,23.0,169.0,440.0,685.0,720.0,90.0,696.0,732.0,1123.0,1122.0,,,,,,,,,,,,,,,
761,808.0,921.0,1096.0,1126.0,,,,,,,,,,,,,,,,,,,,,,,,
762,518.0,179.0,493.0,244.0,268.0,269.0,425.0,455.0,194.0,798.0,517.0,,,,,,,,,,,,,,,,,
763,86.0,110.0,1083.0,722.0,,,,,,,,,,,,,,,,,,,,,,,,
764,850.0,725.0,693.0,710.0,,,,,,,,,,,,,,,,,,,,,,,,
765,494.0,1064.0,582.0,541.0,621.0,59.0,622.0,974.0,576.0,630.0,899.0,273.0,1108.0,,,,,,,,,,,,,,,
766,36.0,950.0,197.0,,,,,,,,,,,,,,,,,,,,,,,,,
767,719.0,773.0,75.0,,,,,,,,,,,,,,,,,,,,,,,,,
768,324.0,80.0,82.0,2.0,371.0,599.0,785.0,1100.0,1104.0,1105.0,1106.0,1115.0,1119.0,1148.0,555.0,1015.0,469.0,1156.0,164.0,271.0,497.0,,,,,,,
769,346.0,662.0,,,,,,,,,,,,,,,,,,,,,,,,,,
770,771.0,,,,,,,,,,,,,,,,,,,,,,,,,,,
771,770.0,,,,,,,,,,,,,,,,,,,,,,,,,,,
772,,,,,,,,,,,,,,,,,,,,,,,,,,,,
773,719.0,75.0,767.0,,,,,,,,,,,,,,,,,,,,,,,,,
774,675.0,970.0,507.0,745.0,,,,,,,,,,,,,,,,,,,,,,,,
775,754.0,260.0,491.0,490.0,860.0,889.0,820.0,1134.0,717.0,,,,,,,,,,,,,,,,,,,
776,894.0,36.0,963.0,,,,,,,,,,,,,,,,,,,,,,,,,
777,896.0,657.0,527.0,666.0,914.0,,,,,,,,,,,,,,,,,,,,,,,
778,955.0,157.0,,,,,,,,,,,,,,,,,,,,,,,,,,
779,,,,,,,,,,,,,,,,,,,,,,,,,,,,
780,,,,,,,,,,,,,,,,,,,,,,,,,,,,
781,1077.0,406.0,1158.0,161.0,0.0,21.0,4.0,,,,,,,,,,,,,,,,,,,,,
782,916.0,797.0,843.0,528.0,956.0,,,,,,,,,,,,,,,,,,,,,,,
783,686.0,1042.0,1103.0,951.0,982.0,463.0,887.0,,,,,,,,,,,,,,,,,,,,,
784,368.0,,,,,,,,,,,,,,,,,,,,,,,,,,,
785,324.0,80.0,82.0,2.0,371.0,599.0,768.0,1100.0,1104.0,1105.0,1106.0,1115.0,1119.0,1148.0,555.0,1015.0,469.0,1156.0,164.0,271.0,497.0,,,,,,,
786,938.0,,,,,,,,,,,,,,,,,,,,,,,,,,,
787,834.0,382.0,501.0,365.0,430.0,431.0,,,,,,,,,,,,,,,,,,,,,,
788,902.0,1093.0,1097.0,706.0,992.0,556.0,562.0,600.0,605.0,,,,,,,,,,,,,,,,,,,
789,747.0,695.0,,,,,,,,,,,,,,,,,,,,,,,,,,
790,132.0,237.0,252.0,332.0,487.0,602.0,613.0,475.0,629.0,,,,,,,,,,,,,,,,,,,
791,,,,,,,,,,,,,,,,,,,,,,,,,,,,
792,,,,,,,,,,,,,,,,,,,,,,,,,,,,
793,759.0,656.0,678.0,700.0,,,,,,,,,,,,,,,,,,,,,,,,
794,753.0,558.0,568.0,102.0,309.0,466.0,299.0,266.0,298.0,520.0,134.0,1124.0,28.0,,,,,,,,,,,,,,,
795,796.0,1078.0,,,,,,,,,,,,,,,,,,,,,,,,,,
796,928.0,663.0,795.0,,,,,,,,,,,,,,,,,,,,,,,,,
797,916.0,782.0,843.0,,,,,,,,,,,,,,,,,,,,,,,,,
798,518.0,179.0,493.0,244.0,268.0,269.0,425.0,455.0,762.0,194.0,508.0,512.0,378.0,517.0,803.0,325.0,312.0,509.0,,,,,,,,,,
799,929.0,973.0,254.0,253.0,935.0,95.0,60.0,1002.0,1099.0,,,,,,,,,,,,,,,,,,,
800,372.0,,,,,,,,,,,,,,,,,,,,,,,,,,,
801,410.0,813.0,953.0,,,,,,,,,,,,,,,,,,,,,,,,,
802,126.0,136.0,367.0,66.0,334.0,,,,,,,,,,,,,,,,,,,,,,,
803,508.0,798.0,400.0,479.0,478.0,512.0,378.0,517.0,458.0,424.0,498.0,325.0,465.0,387.0,312.0,509.0,524.0,553.0,578.0,554.0,,,,,,,,
804,10.0,54.0,50.0,20.0,1062.0,25.0,690.0,521.0,571.0,408.0,407.0,310.0,552.0,350.0,61.0,587.0,375.0,721.0,593.0,609.0,610.0,529.0,88.0,335.0,573.0,,,
805,848.0,879.0,,,,,,,,,,,,,,,,,,,,,,,,,,
806,434.0,822.0,733.0,878.0,812.0,941.0,682.0,,,,,,,,,,,,,,,,,,,,,
807,380.0,1118.0,296.0,369.0,,,,,,,,,,,,,,,,,,,,,,,,
808,761.0,921.0,1096.0,1126.0,,,,,,,,,,,,,,,,,,,,,,,,
809,1021.0,892.0,1022.0,831.0,1024.0,1025.0,1058.0,1057.0,1053.0,1023.0,1019.0,1020.0,,,,,,,,,,,,,,,,
810,526.0,445.0,447.0,354.0,,,,,,,,,,,,,,,,,,,,,,,,
811,,,,,,,,,,,,,,,,,,,,,,,,,,,,
812,806.0,434.0,822.0,733.0,878.0,941.0,682.0,,,,,,,,,,,,,,,,,,,,,
813,410.0,801.0,953.0,,,,,,,,,,,,,,,,,,,,,,,,,
814,913.0,885.0,948.0,714.0,514.0,1102.0,,,,,,,,,,,,,,,,,,,,,,
815,73.0,46.0,149.0,31.0,202.0,203.0,403.0,439.0,716.0,744.0,919.0,920.0,939.0,940.0,,,,,,,,,,,,,,
816,19.0,867.0,1017.0,985.0,817.0,1085.0,,,,,,,,,,,,,,,,,,,,,,
817,816.0,867.0,1017.0,985.0,315.0,1085.0,,,,,,,,,,,,,,,,,,,,,,
818,,,,,,,,,,,,,,,,,,,,,,,,,,,,
819,971.0,852.0,931.0,,,,,,,,,,,,,,,,,,,,,,,,,
820,754.0,260.0,775.0,491.0,490.0,860.0,889.0,1134.0,717.0,,,,,,,,,,,,,,,,,,,
821,,,,,,,,,,,,,,,,,,,,,,,,,,,,
822,806.0,434.0,733.0,878.0,812.0,941.0,682.0,,,,,,,,,,,,,,,,,,,,,
823,,,,,,,,,,,,,,,,,,,,,,,,,,,,
824,,,,,,,,,,,,,,,,,,,,,,,,,,,,
825,826.0,1013.0,1113.0,1071.0,,,,,,,,,,,,,,,,,,,,,,,,
826,825.0,1013.0,1113.0,1071.0,,,,,,,,,,,,,,,,,,,,,,,,
827,964.0,845.0,384.0,386.0,385.0,881.0,347.0,949.0,30.0,239.0,,,,,,,,,,,,,,,,,,
828,204.0,243.0,853.0,119.0,656.0,731.0,,,,,,,,,,,,,,,,,,,,,,
829,368.0,,,,,,,,,,,,,,,,,,,,,,,,,,,
830,19.0,183.0,294.0,295.0,426.0,840.0,986.0,315.0,,,,,,,,,,,,,,,,,,,,
831,1021.0,892.0,809.0,1058.0,1053.0,1019.0,1020.0,,,,,,,,,,,,,,,,,,,,,
832,464.0,,,,,,,,,,,,,,,,,,,,,,,,,,,
833,,,,,,,,,,,,,,,,,,,,,,,,,,,,
834,382.0,787.0,501.0,365.0,430.0,431.0,,,,,,,,,,,,,,,,,,,,,,
835,842.0,945.0,,,,,,,,,,,,,,,,,,,,,,,,,,
836,704.0,1130.0,996.0,,,,,,,,,,,,,,,,,,,,,,,,,
837,142.0,361.0,846.0,672.0,70.0,689.0,954.0,,,,,,,,,,,,,,,,,,,,,
838,,,,,,,,,,,,,,,,,,,,,,,,,,,,
839,,,,,,,,,,,,,,,,,,,,,,,,,,,,
840,19.0,183.0,294.0,295.0,426.0,830.0,986.0,315.0,,,,,,,,,,,,,,,,,,,,
841,1088.0,231.0,481.0,893.0,,,,,,,,,,,,,,,,,,,,,,,,
842,835.0,945.0,,,,,,,,,,,,,,,,,,,,,,,,,,
843,916.0,797.0,782.0,528.0,956.0,,,,,,,,,,,,,,,,,,,,,,,
844,,,,,,,,,,,,,,,,,,,,,,,,,,,,
845,964.0,827.0,384.0,386.0,385.0,881.0,347.0,949.0,30.0,239.0,,,,,,,,,,,,,,,,,,
846,142.0,837.0,361.0,672.0,70.0,689.0,954.0,,,,,,,,,,,,,,,,,,,,,
847,180.0,660.0,1040.0,26.0,45.0,205.0,665.0,230.0,213.0,681.0,121.0,679.0,262.0,,,,,,,,,,,,,,,
848,805.0,879.0,,,,,,,,,,,,,,,,,,,,,,,,,,
849,,,,,,,,,,,,,,,,,,,,,,,,,,,,
850,764.0,725.0,693.0,710.0,,,,,,,,,,,,,,,,,,,,,,,,
851,923.0,339.0,958.0,,,,,,,,,,,,,,,,,,,,,,,,,
852,971.0,819.0,931.0,,,,,,,,,,,,,,,,,,,,,,,,,
853,828.0,204.0,243.0,119.0,656.0,731.0,,,,,,,,,,,,,,,,,,,,,,
854,911.0,910.0,909.0,908.0,906.0,855.0,960.0,961.0,905.0,,,,,,,,,,,,,,,,,,,
855,911.0,910.0,909.0,908.0,906.0,854.0,960.0,961.0,905.0,,,,,,,,,,,,,,,,,,,
856,435.0,1033.0,1117.0,907.0,962.0,998.0,873.0,,,,,,,,,,,,,,,,,,,,,
857,,,,,,,,,,,,,,,,,,,,,,,,,,,,
858,,,,,,,,,,,,,,,,,,,,,,,,,,,,
859,346.0,729.0,436.0,185.0,557.0,,,,,,,,,,,,,,,,,,,,,,,
860,754.0,260.0,775.0,491.0,490.0,889.0,820.0,1134.0,717.0,,,,,,,,,,,,,,,,,,,
861,,,,,,,,,,,,,,,,,,,,,,,,,,,,
862,,,,,,,,,,,,,,,,,,,,,,,,,,,,
863,588.0,583.0,579.0,601.0,81.0,1137.0,590.0,199.0,513.0,511.0,598.0,,,,,,,,,,,,,,,,,
864,1149.0,,,,,,,,,,,,,,,,,,,,,,,,,,,
865,272.0,966.0,1037.0,,,,,,,,,,,,,,,,,,,,,,,,,
866,1003.0,130.0,611.0,,,,,,,,,,,,,,,,,,,,,,,,,
867,816.0,19.0,1017.0,985.0,315.0,817.0,1085.0,,,,,,,,,,,,,,,,,,,,,
868,62.0,607.0,531.0,569.0,459.0,503.0,505.0,635.0,24.0,41.0,42.0,93.0,94.0,542.0,,,,,,,,,,,,,,
869,1074.0,155.0,1014.0,,,,,,,,,,,,,,,,,,,,,,,,,
870,,,,,,,,,,,,,,,,,,,,,,,,,,,,
871,321.0,,,,,,,,,,,,,,,,,,,,,,,,,,,
872,976.0,,,,,,,,,,,,,,,,,,,,,,,,,,,
873,856.0,907.0,962.0,998.0,997.0,,,,,,,,,,,,,,,,,,,,,,,
874,654.0,8.0,111.0,109.0,,,,,,,,,,,,,,,,,,,,,,,,
875,1116.0,978.0,1034.0,,,,,,,,,,,,,,,,,,,,,,,,,
876,900.0,344.0,,,,,,,,,,,,,,,,,,,,,,,,,,
877,,,,,,,,,,,,,,,,,,,,,,,,,,,,
878,806.0,434.0,822.0,733.0,812.0,941.0,682.0,,,,,,,,,,,,,,,,,,,,,
879,848.0,805.0,,,,,,,,,,,,,,,,,,,,,,,,,,
880,987.0,519.0,544.0,929.0,,,,,,,,,,,,,,,,,,,,,,,,
881,845.0,827.0,384.0,386.0,385.0,159.0,347.0,949.0,248.0,30.0,239.0,,,,,,,,,,,,,,,,,
882,71.0,586.0,226.0,357.0,669.0,,,,,,,,,,,,,,,,,,,,,,,
883,,,,,,,,,,,,,,,,,,,,,,,,,,,,
884,364.0,328.0,429.0,423.0,220.0,186.0,15.0,247.0,,,,,,,,,,,,,,,,,,,,
885,913.0,948.0,714.0,514.0,814.0,1102.0,,,,,,,,,,,,,,,,,,,,,,
886,163.0,915.0,476.0,125.0,270.0,122.0,128.0,391.0,530.0,756.0,,,,,,,,,,,,,,,,,,
887,686.0,1042.0,783.0,1103.0,951.0,982.0,463.0,,,,,,,,,,,,,,,,,,,,,
888,1059.0,,,,,,,,,,,,,,,,,,,,,,,,,,,
889,754.0,260.0,775.0,491.0,490.0,860.0,820.0,1134.0,717.0,,,,,,,,,,,,,,,,,,,
890,950.0,197.0,319.0,,,,,,,,,,,,,,,,,,,,,,,,,
891,684.0,,,,,,,,,,,,,,,,,,,,,,,,,,,
892,1021.0,1022.0,831.0,1024.0,1025.0,809.0,1058.0,1057.0,1053.0,1023.0,1019.0,1020.0,,,,,,,,,,,,,,,,
893,1088.0,841.0,481.0,,,,,,,,,,,,,,,,,,,,,,,,,
894,258.0,776.0,1089.0,36.0,963.0,1060.0,,,,,,,,,,,,,,,,,,,,,,
895,225.0,,,,,,,,,,,,,,,,,,,,,,,,,,,
896,777.0,657.0,666.0,914.0,,,,,,,,,,,,,,,,,,,,,,,,
897,,,,,,,,,,,,,,,,,,,,,,,,,,,,
898,718.0,912.0,705.0,925.0,37.0,924.0,48.0,,,,,,,,,,,,,,,,,,,,,
899,541.0,59.0,273.0,765.0,,,,,,,,,,,,,,,,,,,,,,,,
900,876.0,344.0,,,,,,,,,,,,,,,,,,,,,,,,,,
901,285.0,623.0,206.0,68.0,,,,,,,,,,,,,,,,,,,,,,,,
902,788.0,1093.0,1097.0,706.0,992.0,556.0,562.0,600.0,605.0,,,,,,,,,,,,,,,,,,,
903,1128.0,482.0,1121.0,,,,,,,,,,,,,,,,,,,,,,,,,
904,917.0,933.0,301.0,968.0,211.0,615.0,488.0,703.0,1008.0,1044.0,,,,,,,,,,,,,,,,,,
905,911.0,910.0,909.0,908.0,906.0,855.0,854.0,960.0,961.0,,,,,,,,,,,,,,,,,,,
906,911.0,910.0,909.0,908.0,855.0,854.0,960.0,961.0,905.0,,,,,,,,,,,,,,,,,,,
907,435.0,1033.0,1117.0,856.0,962.0,998.0,873.0,,,,,,,,,,,,,,,,,,,,,
908,911.0,910.0,909.0,906.0,855.0,854.0,960.0,961.0,905.0,,,,,,,,,,,,,,,,,,,
909,911.0,910.0,908.0,906.0,855.0,854.0,960.0,961.0,905.0,,,,,,,,,,,,,,,,,,,
910,911.0,909.0,908.0,906.0,855.0,854.0,960.0,961.0,905.0,,,,,,,,,,,,,,,,,,,
911,910.0,909.0,908.0,906.0,855.0,854.0,960.0,961.0,905.0,,,,,,,,,,,,,,,,,,,
912,718.0,705.0,898.0,925.0,37.0,924.0,48.0,,,,,,,,,,,,,,,,,,,,,
913,885.0,948.0,714.0,514.0,814.0,946.0,44.0,57.0,58.0,133.0,200.0,1073.0,,,,,,,,,,,,,,,,
914,777.0,896.0,657.0,527.0,666.0,,,,,,,,,,,,,,,,,,,,,,,
915,886.0,106.0,476.0,125.0,270.0,122.0,128.0,548.0,391.0,530.0,756.0,1056.0,276.0,,,,,,,,,,,,,,,
916,797.0,782.0,843.0,528.0,956.0,,,,,,,,,,,,,,,,,,,,,,,
917,933.0,301.0,968.0,211.0,904.0,488.0,703.0,1008.0,1044.0,,,,,,,,,,,,,,,,,,,
918,965.0,1026.0,1027.0,1028.0,,,,,,,,,,,,,,,,,,,,,,,,
919,73.0,46.0,149.0,31.0,202.0,203.0,403.0,439.0,716.0,744.0,815.0,920.0,939.0,940.0,,,,,,,,,,,,,,
920,73.0,46.0,149.0,31.0,202.0,203.0,403.0,439.0,716.0,744.0,815.0,919.0,939.0,940.0,,,,,,,,,,,,,,
921,761.0,808.0,1096.0,1126.0,,,,,,,,,,,,,,,,,,,,,,,,
922,286.0,1035.0,549.0,404.0,405.0,536.0,550.0,540.0,538.0,,,,,,,,,,,,,,,,,,,
923,339.0,958.0,851.0,,,,,,,,,,,,,,,,,,,,,,,,,
924,718.0,912.0,705.0,898.0,925.0,37.0,48.0,,,,,,,,,,,,,,,,,,,,,
925,718.0,912.0,705.0,898.0,37.0,924.0,48.0,,,,,,,,,,,,,,,,,,,,,
926,753.0,558.0,568.0,178.0,102.0,348.0,674.0,,,,,,,,,,,,,,,,,,,,,
927,,,,,,,,,,,,,,,,,,,,,,,,,,,,
928,663.0,796.0,,,,,,,,,,,,,,,,,,,,,,,,,,
929,987.0,519.0,544.0,880.0,60.0,799.0,1002.0,1099.0,,,,,,,,,,,,,,,,,,,,
930,47.0,176.0,,,,,,,,,,,,,,,,,,,,,,,,,,
931,971.0,819.0,852.0,,,,,,,,,,,,,,,,,,,,,,,,,
932,96.0,641.0,,,,,,,,,,,,,,,,,,,,,,,,,,
933,917.0,301.0,968.0,211.0,904.0,488.0,703.0,1008.0,1044.0,,,,,,,,,,,,,,,,,,,
934,,,,,,,,,,,,,,,,,,,,,,,,,,,,
935,1091.0,606.0,973.0,254.0,620.0,617.0,1092.0,253.0,448.0,95.0,60.0,799.0,1002.0,1099.0,,,,,,,,,,,,,,
936,297.0,,,,,,,,,,,,,,,,,,,,,,,,,,,
937,,,,,,,,,,,,,,,,,,,,,,,,,,,,
938,786.0,,,,,,,,,,,,,,,,,,,,,,,,,,,
939,73.0,46.0,149.0,31.0,202.0,203.0,403.0,439.0,716.0,744.0,815.0,919.0,920.0,940.0,,,,,,,,,,,,,,
940,73.0,46.0,149.0,31.0,202.0,203.0,403.0,439.0,716.0,744.0,815.0,919.0,920.0,939.0,,,,,,,,,,,,,,
941,806.0,434.0,822.0,733.0,878.0,812.0,682.0,,,,,,,,,,,,,,,,,,,,,
942,654.0,8.0,347.0,30.0,,,,,,,,,,,,,,,,,,,,,,,,
943,964.0,947.0,355.0,,,,,,,,,,,,,,,,,,,,,,,,,
944,242.0,275.0,454.0,453.0,311.0,150.0,748.0,633.0,631.0,443.0,698.0,1094.0,195.0,457.0,637.0,632.0,,,,,,,,,,,,
945,835.0,842.0,,,,,,,,,,,,,,,,,,,,,,,,,,
946,913.0,514.0,44.0,57.0,58.0,133.0,200.0,413.0,1073.0,,,,,,,,,,,,,,,,,,,
947,1032.0,943.0,504.0,257.0,355.0,159.0,248.0,,,,,,,,,,,,,,,,,,,,,
948,913.0,885.0,714.0,514.0,814.0,1102.0,,,,,,,,,,,,,,,,,,,,,,
949,845.0,827.0,384.0,386.0,385.0,159.0,881.0,347.0,248.0,30.0,239.0,,,,,,,,,,,,,,,,,
950,766.0,890.0,197.0,9.0,,,,,,,,,,,,,,,,,,,,,,,,
951,686.0,1042.0,783.0,1103.0,982.0,463.0,887.0,251.0,293.0,196.0,5.0,1000.0,16.0,,,,,,,,,,,,,,,
952,,,,,,,,,,,,,,,,,,,,,,,,,,,,
953,410.0,813.0,801.0,,,,,,,,,,,,,,,,,,,,,,,,,
954,142.0,837.0,361.0,846.0,672.0,70.0,689.0,1047.0,,,,,,,,,,,,,,,,,,,,
955,778.0,157.0,,,,,,,,,,,,,,,,,,,,,,,,,,
956,916.0,782.0,843.0,528.0,,,,,,,,,,,,,,,,,,,,,,,,
957,556.0,562.0,600.0,605.0,,,,,,,,,,,,,,,,,,,,,,,,
958,923.0,339.0,851.0,,,,,,,,,,,,,,,,,,,,,,,,,
959,1051.0,1131.0,241.0,,,,,,,,,,,,,,,,,,,,,,,,,
960,911.0,910.0,909.0,908.0,906.0,855.0,854.0,961.0,905.0,,,,,,,,,,,,,,,,,,,
961,911.0,910.0,909.0,908.0,906.0,855.0,854.0,960.0,905.0,,,,,,,,,,,,,,,,,,,
962,435.0,1033.0,1117.0,856.0,907.0,998.0,873.0,,,,,,,,,,,,,,,,,,,,,
963,258.0,776.0,1089.0,894.0,1060.0,,,,,,,,,,,,,,,,,,,,,,,
964,611.0,17.0,943.0,845.0,827.0,384.0,386.0,385.0,,,,,,,,,,,,,,,,,,,,
965,918.0,1026.0,1027.0,1028.0,,,,,,,,,,,,,,,,,,,,,,,,
966,272.0,865.0,1037.0,,,,,,,,,,,,,,,,,,,,,,,,,
967,,,,,,,,,,,,,,,,,,,,,,,,,,,,
968,917.0,933.0,301.0,211.0,904.0,488.0,703.0,1008.0,1044.0,,,,,,,,,,,,,,,,,,,
969,104.0,,,,,,,,,,,,,,,,,,,,,,,,,,,
970,675.0,507.0,774.0,745.0,,,,,,,,,,,,,,,,,,,,,,,,
971,819.0,852.0,931.0,,,,,,,,,,,,,,,,,,,,,,,,,
972,1067.0,9.0,209.0,319.0,,,,,,,,,,,,,,,,,,,,,,,,
973,1091.0,606.0,254.0,620.0,617.0,1092.0,253.0,935.0,448.0,95.0,60.0,799.0,1002.0,1099.0,,,,,,,,,,,,,,
974,612.0,460.0,494.0,1064.0,582.0,621.0,622.0,576.0,630.0,273.0,1108.0,765.0,,,,,,,,,,,,,,,,
975,238.0,305.0,152.0,356.0,112.0,988.0,,,,,,,,,,,,,,,,,,,,,,
976,872.0,,,,,,,,,,,,,,,,,,,,,,,,,,,
977,750.0,1061.0,,,,,,,,,,,,,,,,,,,,,,,,,,
978,1116.0,875.0,1034.0,,,,,,,,,,,,,,,,,,,,,,,,,
979,740.0,,,,,,,,,,,,,,,,,,,,,,,,,,,
980,215.0,216.0,451.0,1098.0,,,,,,,,,,,,,,,,,,,,,,,,
981,326.0,146.0,145.0,402.0,,,,,,,,,,,,,,,,,,,,,,,,
982,686.0,1042.0,783.0,1103.0,951.0,463.0,887.0,,,,,,,,,,,,,,,,,,,,,
983,456.0,67.0,470.0,984.0,,,,,,,,,,,,,,,,,,,,,,,,
984,456.0,67.0,470.0,983.0,,,,,,,,,,,,,,,,,,,,,,,,
985,816.0,867.0,1017.0,315.0,817.0,1085.0,,,,,,,,,,,,,,,,,,,,,,
986,19.0,183.0,294.0,295.0,426.0,830.0,840.0,315.0,,,,,,,,,,,,,,,,,,,,
987,519.0,544.0,880.0,929.0,,,,,,,,,,,,,,,,,,,,,,,,
988,238.0,975.0,305.0,152.0,356.0,112.0,,,,,,,,,,,,,,,,,,,,,,
989,,,,,,,,,,,,,,,,,,,,,,,,,,,,
990,259.0,113.0,,,,,,,,,,,,,,,,,,,,,,,,,,
991,116.0,123.0,32.0,1055.0,65.0,89.0,74.0,,,,,,,,,,,,,,,,,,,,,
992,788.0,902.0,1093.0,1097.0,706.0,556.0,562.0,600.0,605.0,,,,,,,,,,,,,,,,,,,
993,,,,,,,,,,,,,,,,,,,,,,,,,,,,
994,1148.0,555.0,1015.0,469.0,164.0,271.0,497.0,,,,,,,,,,,,,,,,,,,,,
995,1076.0,76.0,227.0,1041.0,,,,,,,,,,,,,,,,,,,,,,,,
996,836.0,704.0,1130.0,,,,,,,,,,,,,,,,,,,,,,,,,
997,873.0,,,,,,,,,,,,,,,,,,,,,,,,,,,
998,435.0,1033.0,1117.0,856.0,907.0,962.0,873.0,,,,,,,,,,,,,,,,,,,,,
999,640.0,,,,,,,,,,,,,,,,,,,,,,,,,,,
1000,951.0,463.0,293.0,196.0,5.0,16.0,,,,,,,,,,,,,,,,,,,,,,
1001,349.0,187.0,727.0,728.0,121.0,320.0,,,,,,,,,,,,,,,,,,,,,,
1002,929.0,973.0,254.0,253.0,935.0,95.0,60.0,799.0,1099.0,,,,,,,,,,,,,,,,,,,
1003,319.0,130.0,611.0,866.0,17.0,,,,,,,,,,,,,,,,,,,,,,,
1004,64.0,333.0,170.0,255.0,91.0,572.0,,,,,,,,,,,,,,,,,,,,,,
1005,192.0,,,,,,,,,,,,,,,,,,,,,,,,,,,
1006,642.0,,,,,,,,,,,,,,,,,,,,,,,,,,,
1007,1125.0,39.0,,,,,,,,,,,,,,,,,,,,,,,,,,
1008,917.0,933.0,301.0,968.0,211.0,904.0,488.0,703.0,1044.0,,,,,,,,,,,,,,,,,,,
1009,,,,,,,,,,,,,,,,,,,,,,,,,,,,
1010,1065.0,,,,,,,,,,,,,,,,,,,,,,,,,,,
1011,214.0,,,,,,,,,,,,,,,,,,,,,,,,,,,
1012,327.0,323.0,283.0,188.0,207.0,282.0,118.0,278.0,340.0,341.0,342.0,162.0,739.0,279.0,353.0,563.0,362.0,288.0,232.0,233.0,166.0,322.0,,,,,,
1013,825.0,826.0,1113.0,1071.0,,,,,,,,,,,,,,,,,,,,,,,,
1014,1074.0,869.0,155.0,,,,,,,,,,,,,,,,,,,,,,,,,
1015,324.0,80.0,82.0,2.0,371.0,599.0,768.0,785.0,1100.0,1104.0,1105.0,1106.0,1115.0,1119.0,1148.0,555.0,250.0,994.0,469.0,1156.0,164.0,1147.0,271.0,497.0,499.0,,,
1016,1054.0,1069.0,147.0,358.0,267.0,,,,,,,,,,,,,,,,,,,,,,,
1017,816.0,867.0,985.0,315.0,817.0,1085.0,,,,,,,,,,,,,,,,,,,,,,
1018,1152.0,,,,,,,,,,,,,,,,,,,,,,,,,,,
1019,1021.0,892.0,1022.0,831.0,1024.0,1025.0,809.0,1058.0,1057.0,1053.0,1023.0,1020.0,,,,,,,,,,,,,,,,
1020,1021.0,892.0,1022.0,831.0,1024.0,1025.0,809.0,1058.0,1057.0,1053.0,1023.0,1019.0,,,,,,,,,,,,,,,,
1021,892.0,831.0,809.0,1058.0,1053.0,1019.0,1020.0,,,,,,,,,,,,,,,,,,,,,
1022,892.0,1024.0,1025.0,809.0,1058.0,1057.0,1053.0,1023.0,1019.0,1020.0,,,,,,,,,,,,,,,,,,
1023,892.0,1022.0,1024.0,1025.0,809.0,1058.0,1057.0,1053.0,1019.0,1020.0,,,,,,,,,,,,,,,,,,
1024,892.0,1022.0,1025.0,809.0,1058.0,1057.0,1053.0,1023.0,1019.0,1020.0,,,,,,,,,,,,,,,,,,
1025,892.0,1022.0,1024.0,809.0,1058.0,1057.0,1053.0,1023.0,1019.0,1020.0,,,,,,,,,,,,,,,,,,
1026,918.0,965.0,1027.0,1028.0,,,,,,,,,,,,,,,,,,,,,,,,
1027,918.0,965.0,1026.0,1028.0,,,,,,,,,,,,,,,,,,,,,,,,
1028,918.0,965.0,1026.0,1027.0,,,,,,,,,,,,,,,,,,,,,,,,
1029,473.0,584.0,585.0,589.0,597.0,1030.0,560.0,561.0,533.0,1153.0,,,,,,,,,,,,,,,,,,
1030,473.0,584.0,585.0,589.0,597.0,1029.0,560.0,561.0,533.0,1153.0,,,,,,,,,,,,,,,,,,
1031,381.0,1036.0,,,,,,,,,,,,,,,,,,,,,,,,,,
1032,92.0,741.0,249.0,947.0,355.0,,,,,,,,,,,,,,,,,,,,,,,
1033,435.0,1117.0,856.0,907.0,962.0,998.0,,,,,,,,,,,,,,,,,,,,,,
1034,1116.0,875.0,978.0,,,,,,,,,,,,,,,,,,,,,,,,,
1035,286.0,549.0,404.0,405.0,922.0,,,,,,,,,,,,,,,,,,,,,,,
1036,287.0,1123.0,1122.0,422.0,329.0,330.0,421.0,381.0,1031.0,,,,,,,,,,,,,,,,,,,
1037,272.0,865.0,966.0,,,,,,,,,,,,,,,,,,,,,,,,,
1038,,,,,,,,,,,,,,,,,,,,,,,,,,,,
1039,,,,,,,,,,,,,,,,,,,,,,,,,,,,
1040,180.0,660.0,847.0,26.0,45.0,205.0,665.0,230.0,213.0,681.0,121.0,679.0,262.0,,,,,,,,,,,,,,,
1041,995.0,1076.0,76.0,227.0,,,,,,,,,,,,,,,,,,,,,,,,
1042,686.0,783.0,1103.0,951.0,982.0,463.0,887.0,,,,,,,,,,,,,,,,,,,,,
1043,,,,,,,,,,,,,,,,,,,,,,,,,,,,
1044,917.0,933.0,301.0,968.0,211.0,904.0,488.0,703.0,1008.0,,,,,,,,,,,,,,,,,,,
1045,,,,,,,,,,,,,,,,,,,,,,,,,,,,
1046,1136.0,198.0,433.0,1095.0,1107.0,,,,,,,,,,,,,,,,,,,,,,,
1047,142.0,70.0,689.0,954.0,147.0,,,,,,,,,,,,,,,,,,,,,,,
1048,,,,,,,,,,,,,,,,,,,,,,,,,,,,
1049,1050.0,,,,,,,,,,,,,,,,,,,,,,,,,,,
1050,1049.0,,,,,,,,,,,,,,,,,,,,,,,,,,,
1051,729.0,436.0,1131.0,557.0,959.0,,,,,,,,,,,,,,,,,,,,,,,
1052,,,,,,,,,,,,,,,,,,,,,,,,,,,,
1053,1021.0,892.0,1022.0,831.0,1024.0,1025.0,809.0,1058.0,1057.0,1023.0,1019.0,1020.0,,,,,,,,,,,,,,,,
1054,1069.0,358.0,1016.0,,,,,,,,,,,,,,,,,,,,,,,,,
1055,116.0,123.0,32.0,991.0,65.0,89.0,74.0,,,,,,,,,,,,,,,,,,,,,
1056,343.0,915.0,106.0,548.0,276.0,,,,,,,,,,,,,,,,,,,,,,,
1057,892.0,1022.0,1024.0,1025.0,809.0,1058.0,1053.0,1023.0,1019.0,1020.0,,,,,,,,,,,,,,,,,,
1058,1021.0,892.0,1022.0,831.0,1024.0,1025.0,809.0,1057.0,1053.0,1023.0,1019.0,1020.0,,,,,,,,,,,,,,,,
1059,888.0,,,,,,,,,,,,,,,,,,,,,,,,,,,
1060,258.0,1089.0,894.0,963.0,,,,,,,,,,,,,,,,,,,,,,,,
1061,977.0,750.0,,,,,,,,,,,,,,,,,,,,,,,,,,
1062,10.0,753.0,558.0,568.0,54.0,102.0,50.0,20.0,25.0,690.0,521.0,571.0,408.0,407.0,310.0,552.0,350.0,61.0,587.0,375.0,721.0,593.0,609.0,610.0,529.0,804.0,88.0,573.0
1063,,,,,,,,,,,,,,,,,,,,,,,,,,,,
1064,612.0,460.0,494.0,582.0,621.0,622.0,974.0,576.0,630.0,273.0,1108.0,765.0,,,,,,,,,,,,,,,,
1065,1010.0,,,,,,,,,,,,,,,,,,,,,,,,,,,
1066,486.0,1087.0,,,,,,,,,,,,,,,,,,,,,,,,,,
1067,972.0,9.0,209.0,,,,,,,,,,,,,,,,,,,,,,,,,
1068,302.0,1142.0,,,,,,,,,,,,,,,,,,,,,,,,,,
1069,1054.0,358.0,1016.0,,,,,,,,,,,,,,,,,,,,,,,,,
1070,1081.0,,,,,,,,,,,,,,,,,,,,,,,,,,,
1071,825.0,826.0,1013.0,1113.0,,,,,,,,,,,,,,,,,,,,,,,,
1072,,,,,,,,,,,,,,,,,,,,,,,,,,,,
1073,913.0,514.0,946.0,44.0,57.0,58.0,133.0,200.0,413.0,,,,,,,,,,,,,,,,,,,
1074,869.0,155.0,1014.0,,,,,,,,,,,,,,,,,,,,,,,,,
1075,401.0,314.0,345.0,492.0,49.0,103.0,158.0,,,,,,,,,,,,,,,,,,,,,
1076,441.0,318.0,452.0,256.0,995.0,76.0,227.0,1041.0,,,,,,,,,,,,,,,,,,,,
1077,781.0,406.0,1158.0,161.0,0.0,21.0,4.0,,,,,,,,,,,,,,,,,,,,,
1078,795.0,,,,,,,,,,,,,,,,,,,,,,,,,,,
1079,,,,,,,,,,,,,,,,,,,,,,,,,,,,
1080,12.0,69.0,139.0,317.0,7.0,683.0,758.0,496.0,649.0,13.0,,,,,,,,,,,,,,,,,,
1081,1070.0,,,,,,,,,,,,,,,,,,,,,,,,,,,
1082,238.0,370.0,112.0,,,,,,,,,,,,,,,,,,,,,,,,,
1083,86.0,110.0,763.0,722.0,,,,,,,,,,,,,,,,,,,,,,,,
1084,648.0,,,,,,,,,,,,,,,,,,,,,,,,,,,
1085,816.0,867.0,1017.0,985.0,315.0,817.0,,,,,,,,,,,,,,,,,,,,,,
1086,,,,,,,,,,,,,,,,,,,,,,,,,,,,
1087,486.0,1066.0,,,,,,,,,,,,,,,,,,,,,,,,,,
1088,841.0,231.0,481.0,893.0,,,,,,,,,,,,,,,,,,,,,,,,
1089,258.0,894.0,963.0,1060.0,,,,,,,,,,,,,,,,,,,,,,,,
1090,99.0,639.0,43.0,18.0,,,,,,,,,,,,,,,,,,,,,,,,
1091,606.0,973.0,254.0,620.0,617.0,1092.0,253.0,935.0,448.0,95.0,,,,,,,,,,,,,,,,,,
1092,1091.0,606.0,973.0,254.0,620.0,617.0,253.0,935.0,448.0,95.0,,,,,,,,,,,,,,,,,,
1093,788.0,902.0,1097.0,706.0,992.0,556.0,562.0,600.0,605.0,,,,,,,,,,,,,,,,,,,
1094,242.0,275.0,454.0,453.0,311.0,150.0,748.0,633.0,631.0,443.0,698.0,944.0,195.0,457.0,637.0,632.0,,,,,,,,,,,,
1095,1136.0,198.0,433.0,1046.0,1107.0,,,,,,,,,,,,,,,,,,,,,,,
1096,761.0,808.0,921.0,1126.0,,,,,,,,,,,,,,,,,,,,,,,,
1097,788.0,902.0,1093.0,706.0,992.0,556.0,562.0,600.0,605.0,,,,,,,,,,,,,,,,,,,
1098,215.0,216.0,451.0,980.0,,,,,,,,,,,,,,,,,,,,,,,,
1099,929.0,973.0,254.0,253.0,935.0,95.0,60.0,799.0,1002.0,,,,,,,,,,,,,,,,,,,
1100,324.0,80.0,82.0,2.0,371.0,599.0,768.0,785.0,1104.0,1105.0,1106.0,1115.0,1119.0,1148.0,555.0,1015.0,469.0,1156.0,164.0,271.0,497.0,,,,,,,
1101,661.0,,,,,,,,,,,,,,,,,,,,,,,,,,,
1102,885.0,948.0,714.0,814.0,251.0,,,,,,,,,,,,,,,,,,,,,,,
1103,686.0,1042.0,783.0,951.0,982.0,463.0,887.0,,,,,,,,,,,,,,,,,,,,,
1104,324.0,80.0,82.0,2.0,371.0,599.0,768.0,785.0,1100.0,1105.0,1106.0,1115.0,1119.0,1148.0,555.0,1015.0,469.0,1156.0,164.0,271.0,497.0,,,,,,,
1105,324.0,80.0,82.0,2.0,371.0,599.0,768.0,785.0,1100.0,1104.0,1106.0,1115.0,1119.0,1148.0,555.0,1015.0,469.0,1156.0,164.0,271.0,497.0,,,,,,,
1106,324.0,80.0,82.0,2.0,371.0,599.0,768.0,785.0,1100.0,1104.0,1105.0,1115.0,1119.0,1148.0,555.0,1015.0,469.0,1156.0,164.0,271.0,497.0,,,,,,,
1107,1136.0,198.0,433.0,1046.0,1095.0,,,,,,,,,,,,,,,,,,,,,,,
1108,494.0,1064.0,582.0,621.0,622.0,974.0,576.0,630.0,273.0,413.0,765.0,,,,,,,,,,,,,,,,,
1109,,,,,,,,,,,,,,,,,,,,,,,,,,,,
1110,259.0,113.0,23.0,169.0,440.0,685.0,720.0,90.0,696.0,732.0,760.0,,,,,,,,,,,,,,,,,
1111,697.0,208.0,245.0,,,,,,,,,,,,,,,,,,,,,,,,,
1112,140.0,174.0,27.0,,,,,,,,,,,,,,,,,,,,,,,,,
1113,825.0,826.0,1013.0,1071.0,,,,,,,,,,,,,,,,,,,,,,,,
1114,450.0,515.0,,,,,,,,,,,,,,,,,,,,,,,,,,
1115,324.0,80.0,82.0,2.0,371.0,599.0,768.0,785.0,1100.0,1104.0,1105.0,1106.0,1119.0,1148.0,555.0,1015.0,469.0,1156.0,164.0,271.0,497.0,,,,,,,
1116,875.0,978.0,1034.0,,,,,,,,,,,,,,,,,,,,,,,,,
1117,435.0,1033.0,856.0,907.0,962.0,998.0,,,,,,,,,,,,,,,,,,,,,,
1118,807.0,380.0,296.0,369.0,,,,,,,,,,,,,,,,,,,,,,,,
1119,324.0,80.0,82.0,2.0,371.0,599.0,768.0,785.0,1100.0,1104.0,1105.0,1106.0,1115.0,1148.0,555.0,1015.0,469.0,1156.0,164.0,271.0,497.0,,,,,,,
1120,604.0,643.0,614.0,,,,,,,,,,,,,,,,,,,,,,,,,
1121,1128.0,903.0,482.0,,,,,,,,,,,,,,,,,,,,,,,,,
1122,696.0,732.0,287.0,1123.0,422.0,329.0,330.0,421.0,760.0,12.0,381.0,1036.0,,,,,,,,,,,,,,,,
1123,696.0,732.0,287.0,1122.0,422.0,329.0,330.0,421.0,760.0,12.0,381.0,1036.0,,,,,,,,,,,,,,,,
1124,753.0,558.0,568.0,102.0,794.0,309.0,466.0,299.0,266.0,298.0,520.0,134.0,28.0,,,,,,,,,,,,,,,
1125,1007.0,39.0,,,,,,,,,,,,,,,,,,,,,,,,,,
1126,761.0,808.0,921.0,1096.0,,,,,,,,,,,,,,,,,,,,,,,,
1127,,,,,,,,,,,,,,,,,,,,,,,,,,,,
1128,903.0,482.0,1121.0,,,,,,,,,,,,,,,,,,,,,,,,,
1129,108.0,,,,,,,,,,,,,,,,,,,,,,,,,,,
1130,836.0,704.0,996.0,,,,,,,,,,,,,,,,,,,,,,,,,
1131,1051.0,959.0,241.0,,,,,,,,,,,,,,,,,,,,,,,,,
1132,,,,,,,,,,,,,,,,,,,,,,,,,,,,
1133,,,,,,,,,,,,,,,,,,,,,,,,,,,,
1134,754.0,260.0,775.0,491.0,490.0,860.0,889.0,820.0,717.0,,,,,,,,,,,,,,,,,,,
1135,,,,,,,,,,,,,,,,,,,,,,,,,,,,
1136,198.0,433.0,1046.0,1095.0,1107.0,,,,,,,,,,,,,,,,,,,,,,,
1137,588.0,583.0,579.0,863.0,601.0,81.0,590.0,199.0,513.0,511.0,598.0,,,,,,,,,,,,,,,,,
1138,454.0,748.0,,,,,,,,,,,,,,,,,,,,,,,,,,
1139,1151.0,,,,,,,,,,,,,,,,,,,,,,,,,,,
1140,652.0,,,,,,,,,,,,,,,,,,,,,,,,,,,
1141,,,,,,,,,,,,,,,,,,,,,,,,,,,,
1142,302.0,1068.0,,,,,,,,,,,,,,,,,,,,,,,,,,
1143,417.0,224.0,137.0,35.0,34.0,,,,,,,,,,,,,,,,,,,,,,,
1144,,,,,,,,,,,,,,,,,,,,,,,,,,,,
1145,,,,,,,,,,,,,,,,,,,,,,,,,,,,
1146,336.0,,,,,,,,,,,,,,,,,,,,,,,,,,,
1147,390.0,1148.0,555.0,250.0,1015.0,469.0,164.0,271.0,497.0,499.0,,,,,,,,,,,,,,,,,,
1148,324.0,80.0,82.0,2.0,371.0,599.0,768.0,785.0,1100.0,1104.0,1105.0,1106.0,1115.0,1119.0,555.0,250.0,1015.0,994.0,469.0,1156.0,164.0,1147.0,271.0,497.0,499.0,,,
1149,864.0,,,,,,,,,,,,,,,,,,,,,,,,,,,
1150,,,,,,,,,,,,,,,,,,,,,,,,,,,,
1151,1139.0,,,,,,,,,,,,,,,,,,,,,,,,,,,
1152,1018.0,,,,,,,,,,,,,,,,,,,,,,,,,,,
1153,473.0,584.0,585.0,589.0,597.0,1029.0,1030.0,560.0,561.0,533.0,274.0,307.0,500.0,580.0,217.0,510.0,338.0,,,,,,,,,,,
1154,143.0,,,,,,,,,,,,,,,,,,,,,,,,,,,
1155,,,,,,,,,,,,,,,,,,,,,,,,,,,,
1156,324.0,80.0,82.0,2.0,371.0,599.0,768.0,785.0,1100.0,1104.0,1105.0,1106.0,1115.0,1119.0,1148.0,555.0,1015.0,469.0,164.0,271.0,497.0,,,,,,,
1157,,,,,,,,,,,,,,,,,,,,,,,,,,,,
1158,1077.0,781.0,406.0,161.0,0.0,21.0,4.0,,,,,,,,,,,,,,,,,,,,,
