"model","focal_variable","species","focal_value","estimate","lower_95","upper_95"
"climate_sum_only","sum_sun_z","cerana",-2.32844125188069,10.9290526004967,3.83404917932712,27.0139262434695
"climate_sum_only","sum_sun_z","cerana",-2.28078374125052,10.8795692997689,3.83043517020425,26.8319028525278
"climate_sum_only","sum_sun_z","cerana",-2.23312623062035,10.8303969433918,3.82436913884334,26.6511312312127
"climate_sum_only","sum_sun_z","cerana",-2.18546871999018,10.7815334117079,3.81346940392309,26.4989733841092
"climate_sum_only","sum_sun_z","cerana",-2.13781120936001,10.7329766010125,3.80507114032593,26.4604952464238
"climate_sum_only","sum_sun_z","cerana",-2.09015369872984,10.6847244234201,3.80162059205135,26.4220885380417
"climate_sum_only","sum_sun_z","cerana",-2.04249618809967,10.6367748067314,3.79817481284066,26.2660468411787
"climate_sum_only","sum_sun_z","cerana",-1.9948386774695,10.5891256943024,3.79473379448683,26.1104878052993
"climate_sum_only","sum_sun_z","cerana",-1.94718116683933,10.5417750449139,3.79156490883429,25.9542138215718
"climate_sum_only","sum_sun_z","cerana",-1.89952365620916,10.4947208326426,3.78860437252309,25.7988875011361
"climate_sum_only","sum_sun_z","cerana",-1.85186614557899,10.4479610467333,3.78564808484661,25.6445031572775
"climate_sum_only","sum_sun_z","cerana",-1.80420863494882,10.401493691472,3.78360152070178,25.4910551378131
"climate_sum_only","sum_sun_z","cerana",-1.75655112431865,10.3553167860606,3.77864240271332,25.3385378248818
"climate_sum_only","sum_sun_z","cerana",-1.70889361368848,10.3094283644921,3.7603519546785,25.2207293794417
"climate_sum_only","sum_sun_z","cerana",-1.66123610305831,10.2638264754278,3.74908933700893,25.1761038835967
"climate_sum_only","sum_sun_z","cerana",-1.61357859242814,10.2185091820744,3.73805289443129,25.1315620114257
"climate_sum_only","sum_sun_z","cerana",-1.56592108179797,10.1734745620637,3.72706131821739,25.0871035948979
"climate_sum_only","sum_sun_z","cerana",-1.5182635711678,10.1287207073317,3.71611443222507,25.0427284663729
"climate_sum_only","sum_sun_z","cerana",-1.47060606053763,10.0842457240006,3.70992418394762,24.9984364585996
"climate_sum_only","sum_sun_z","cerana",-1.42294854990746,10.0400477322602,3.70589588014705,24.9524237867435
"climate_sum_only","sum_sun_z","cerana",-1.37529103927729,9.99612486625113,3.7018740490501,24.8133887382114
"climate_sum_only","sum_sun_z","cerana",-1.32763352864712,9.95247527394968,3.68639690257101,24.6203925112058
"climate_sum_only","sum_sun_z","cerana",-1.27997601801695,9.9090971170525,3.66902070758914,24.6007440653307
"climate_sum_only","sum_sun_z","cerana",-1.23231850738678,9.86598857086315,3.66382234152818,24.5802724228292
"climate_sum_only","sum_sun_z","cerana",-1.18466099675661,9.82314782417942,3.65872316149192,24.5598246734317
"climate_sum_only","sum_sun_z","cerana",-1.13700348612644,9.78057307918169,3.65373066328287,24.5014755470133
"climate_sum_only","sum_sun_z","cerana",-1.08934597549627,9.73826255132225,3.64890081580736,24.404845761756
"climate_sum_only","sum_sun_z","cerana",-1.0416884648661,9.69621446921573,3.64407994643934,24.3086104473638
"climate_sum_only","sum_sun_z","cerana",-0.994030954235931,9.65442707453036,3.63032100108416,24.2125713478518
"climate_sum_only","sum_sun_z","cerana",-0.946373443605761,9.61289862188039,3.61315565563073,24.1133971819948
"climate_sum_only","sum_sun_z","cerana",-0.898715932975591,9.57162737871932,3.5924850392438,24.0146414999472
"climate_sum_only","sum_sun_z","cerana",-0.851058422345421,9.53061162523417,3.57235229320861,23.9619353703967
"climate_sum_only","sum_sun_z","cerana",-0.803400911715251,9.48984965424073,3.55454750410966,23.8215027743331
"climate_sum_only","sum_sun_z","cerana",-0.755743401085081,9.44933977107968,3.54394008334855,23.727527248743
"climate_sum_only","sum_sun_z","cerana",-0.708085890454911,9.40908029351373,3.53379035990521,23.6339353090481
"climate_sum_only","sum_sun_z","cerana",-0.660428379824741,9.36906955162561,3.53181707033614,23.5407254066333
"climate_sum_only","sum_sun_z","cerana",-0.612770869194571,9.32930588771703,3.53037520852839,23.447895999177
"climate_sum_only","sum_sun_z","cerana",-0.565113358564401,9.28978765620856,3.52893497344904,23.3554455506254
"climate_sum_only","sum_sun_z","cerana",-0.517455847934231,9.25051322354039,3.51954322991213,23.2610348777105
"climate_sum_only","sum_sun_z","cerana",-0.469798337304061,9.21148096807397,3.50545468203412,23.1669790891142
"climate_sum_only","sum_sun_z","cerana",-0.422140826673891,9.17268927999461,3.49144549038372,23.0733114643585
"climate_sum_only","sum_sun_z","cerana",-0.374483316043721,9.13413656121491,3.47650643441206,22.9800304232949
"climate_sum_only","sum_sun_z","cerana",-0.326825805413551,9.09582122527903,3.45440071755841,22.8871343922563
"climate_sum_only","sum_sun_z","cerana",-0.279168294783381,9.05774169726793,3.44203889101181,22.7946218040293
"climate_sum_only","sum_sun_z","cerana",-0.231510784153211,9.01989641370538,3.43177693992726,22.7024910978279
"climate_sum_only","sum_sun_z","cerana",-0.183853273523041,8.98228382246485,3.42155987636842,22.610740719267
"climate_sum_only","sum_sun_z","cerana",-0.136195762892871,8.94490238267726,3.40811096363091,22.5193691203356
"climate_sum_only","sum_sun_z","cerana",-0.0885382522627012,8.90775056463956,3.39465806462656,22.4283747593708
"climate_sum_only","sum_sun_z","cerana",-0.0408807416325314,8.8708268497241,3.38128101701309,22.3377561010309
"climate_sum_only","sum_sun_z","cerana",0.00677676899763879,8.83412973028893,3.36797940392031,22.24751161627
"climate_sum_only","sum_sun_z","cerana",0.0544342796278086,8.79765770958877,3.35482574930517,22.1576397823113
"climate_sum_only","sum_sun_z","cerana",0.102091790257979,8.76140930168691,3.34192975628715,22.0681390826215
"climate_sum_only","sum_sun_z","cerana",0.149749300888149,8.72538303136785,3.34201726606758,21.9790080068848
"climate_sum_only","sum_sun_z","cerana",0.197406811518319,8.68957743405079,3.34210672136368,21.8902450509773
"climate_sum_only","sum_sun_z","cerana",0.245064322148489,8.65399105570381,3.33413580925603,21.801848716941
"climate_sum_only","sum_sun_z","cerana",0.292721832778659,8.61862245275893,3.32461542229527,21.7138175129587
"climate_sum_only","sum_sun_z","cerana",0.340379343408829,8.58347019202793,3.31527782291335,21.6261499533283
"climate_sum_only","sum_sun_z","cerana",0.388036854038999,8.54853285061886,3.30602698842172,21.5388445584375
"climate_sum_only","sum_sun_z","cerana",0.435694364669169,8.51380901585342,3.29681404729595,21.4518998547387
"climate_sum_only","sum_sun_z","cerana",0.483351875299339,8.47929728518504,3.28423133448167,21.3653143747238
"climate_sum_only","sum_sun_z","cerana",0.531009385929509,8.44499626611767,3.27798334917517,21.2790866568989
"climate_sum_only","sum_sun_z","cerana",0.578666896559679,8.4109045761254,3.26838456220527,21.1932152457598
"climate_sum_only","sum_sun_z","cerana",0.626324407189849,8.37702084257277,3.25914709708457,21.1000730488139
"climate_sum_only","sum_sun_z","cerana",0.673981917820019,8.34334370263576,3.24994760794388,20.9979827130716
"climate_sum_only","sum_sun_z","cerana",0.721639428450189,8.30987180322363,3.24078594293403,20.8963956037115
"climate_sum_only","sum_sun_z","cerana",0.769296939080359,8.27660380090133,3.23166195075975,20.7948684973927
"climate_sum_only","sum_sun_z","cerana",0.816954449710529,8.24353836181274,3.22257548067794,20.6958779219318
"climate_sum_only","sum_sun_z","cerana",0.864611960340699,8.21067416160454,3.21352638249598,20.5936585186813
"climate_sum_only","sum_sun_z","cerana",0.912269470970869,8.1780098853508,3.20451450656996,20.4949717043355
"climate_sum_only","sum_sun_z","cerana",0.959926981601039,8.14554422747829,3.19561105644299,20.3959235488686
"climate_sum_only","sum_sun_z","cerana",1.00758449223121,8.11327589169243,3.18680919440222,20.2962181583764
"climate_sum_only","sum_sun_z","cerana",1.05524200286138,8.08120359090393,3.17804337601677,20.1953565499931
"climate_sum_only","sum_sun_z","cerana",1.10289951349155,8.04932604715614,3.16931345694391,20.0179076434861
"climate_sum_only","sum_sun_z","cerana",1.15055702412172,8.01764199155305,3.16052970673052,19.8326549416675
"climate_sum_only","sum_sun_z","cerana",1.19821453475189,7.98615016418788,3.1515589016619,19.7050258086202
"climate_sum_only","sum_sun_z","cerana",1.24587204538206,7.95484931407248,3.14262628788494,19.5832972864602
"climate_sum_only","sum_sun_z","cerana",1.29352955601223,7.92373819906722,3.13374172283821,19.4623395427456
"climate_sum_only","sum_sun_z","cerana",1.3411870666424,7.89281558581162,3.12505820293753,19.4018797464158
"climate_sum_only","sum_sun_z","cerana",1.38884457727257,7.86208024965559,3.11641043865992,19.3710776752305
"climate_sum_only","sum_sun_z","cerana",1.43650208790274,7.8315309745913,3.10243245322332,19.340331178014
"climate_sum_only","sum_sun_z","mellifera",-2.32844125188069,54.9346939026093,12.6515225674273,172.180070870383
"climate_sum_only","sum_sun_z","mellifera",-2.28078374125052,54.3606968055266,12.6602173716712,170.062232389902
"climate_sum_only","sum_sun_z","mellifera",-2.23312623062035,53.7969194925854,12.7782864289653,164.681630037376
"climate_sum_only","sum_sun_z","mellifera",-2.18546871999018,53.243164112826,12.7970863827715,161.35027511882
"climate_sum_only","sum_sun_z","mellifera",-2.13781120936001,52.6992372910818,12.8159153674863,159.774066752118
"climate_sum_only","sum_sun_z","mellifera",-2.09015369872984,52.1649500197982,12.835739772722,158.559227013181
"climate_sum_only","sum_sun_z","mellifera",-2.04249618809967,51.6401175536737,12.8561890126293,157.354219717655
"climate_sum_only","sum_sun_z","mellifera",-1.9948386774695,51.1245593070447,12.9036515584301,154.363439346313
"climate_sum_only","sum_sun_z","mellifera",-1.94718116683933,50.6180987539404,12.9787436020747,152.050656519951
"climate_sum_only","sum_sun_z","mellifera",-1.89952365620916,50.1205633307349,13.0543021562469,149.8309352456
"climate_sum_only","sum_sun_z","mellifera",-1.85186614557899,49.6317843413254,13.1303300402591,146.364706888061
"climate_sum_only","sum_sun_z","mellifera",-1.80420863494882,49.1515968647696,13.1823879432948,143.683145567646
"climate_sum_only","sum_sun_z","mellifera",-1.75655112431865,48.679839665314,13.12767334472,140.459147910852
"climate_sum_only","sum_sun_z","mellifera",-1.70889361368848,48.2163551047497,12.9903540370955,137.232225158629
"climate_sum_only","sum_sun_z","mellifera",-1.66123610305831,47.7609890570324,13.0101527146737,134.509498192599
"climate_sum_only","sum_sun_z","mellifera",-1.61357859242814,47.3135908251055,13.0285099212766,131.920956569763
"climate_sum_only","sum_sun_z","mellifera",-1.56592108179797,46.8740130598669,13.0028645673303,130.247341062031
"climate_sum_only","sum_sun_z","mellifera",-1.5182635711678,46.4421116812224,13.0617850635538,129.063831880635
"climate_sum_only","sum_sun_z","mellifera",-1.47060606053763,46.0177458011687,12.9971921405494,127.89109361728
"climate_sum_only","sum_sun_z","mellifera",-1.42294854990746,45.6007776488526,12.8981019683258,126.894480084438
"climate_sum_only","sum_sun_z","mellifera",-1.37529103927729,45.1910724975526,12.9298319778385,125.375305508507
"climate_sum_only","sum_sun_z","mellifera",-1.32763352864712,44.7884985935321,12.9187735936243,123.555893845168
"climate_sum_only","sum_sun_z","mellifera",-1.27997601801695,44.3929270867136,12.9383143593109,122.971875717238
"climate_sum_only","sum_sun_z","mellifera",-1.23231850738678,44.0042319631255,13.0069703692026,122.166585277569
"climate_sum_only","sum_sun_z","mellifera",-1.18466099675661,43.6222899790749,13.0028500744641,121.049281985687
"climate_sum_only","sum_sun_z","mellifera",-1.13700348612644,43.2469805969996,12.9853215110292,117.965638908497
"climate_sum_only","sum_sun_z","mellifera",-1.08934597549627,42.8781859229548,13.061162775462,116.048806150634
"climate_sum_only","sum_sun_z","mellifera",-1.0416884648661,42.5157906456917,13.0189941051304,115.505230781478
"climate_sum_only","sum_sun_z","mellifera",-0.994030954235931,42.159681977285,12.9818219622199,114.875550579199
"climate_sum_only","sum_sun_z","mellifera",-0.946373443605761,41.8097495952693,12.9307768966311,113.398662865823
"climate_sum_only","sum_sun_z","mellifera",-0.898715932975591,41.4658855862436,12.8869109045988,111.933491883646
"climate_sum_only","sum_sun_z","mellifera",-0.851058422345421,41.1279843909053,12.8388514180776,110.450306981604
"climate_sum_only","sum_sun_z","mellifera",-0.803400911715251,40.7959427504772,12.6075262261356,109.12563396417
"climate_sum_only","sum_sun_z","mellifera",-0.755743401085081,40.4696596544887,12.4726367794676,107.662983966112
"climate_sum_only","sum_sun_z","mellifera",-0.708085890454911,40.1490362898779,12.5440489725026,106.896348195283
"climate_sum_only","sum_sun_z","mellifera",-0.660428379824741,39.8339759913782,12.616133657296,105.634047386127
"climate_sum_only","sum_sun_z","mellifera",-0.612770869194571,39.5243841931575,12.624453632302,104.537895665558
"climate_sum_only","sum_sun_z","mellifera",-0.565113358564401,39.2201683816746,12.5862345163996,103.243132828101
"climate_sum_only","sum_sun_z","mellifera",-0.517455847934231,38.9212380497248,12.5039049301572,102.126337834103
"climate_sum_only","sum_sun_z","mellifera",-0.469798337304061,38.6275046516397,12.315758019315,100.218901317894
"climate_sum_only","sum_sun_z","mellifera",-0.422140826673891,38.3388815596145,12.1984782660043,99.4260814909942
"climate_sum_only","sum_sun_z","mellifera",-0.374483316043721,38.0552840211316,12.0460913681025,98.0531897165648
"climate_sum_only","sum_sun_z","mellifera",-0.326825805413551,37.7766291174525,11.8962386036562,96.3485509098537
"climate_sum_only","sum_sun_z","mellifera",-0.279168294783381,37.5028357231507,11.753042072559,96.368280709854
"climate_sum_only","sum_sun_z","mellifera",-0.231510784153211,37.2338244666591,11.6117149833946,96.6693147386184
"climate_sum_only","sum_sun_z","mellifera",-0.183853273523041,36.9695176918041,11.556795340697,95.993416749808
"climate_sum_only","sum_sun_z","mellifera",-0.136195762892871,36.7098394203034,11.4465417293936,95.1467822145547
"climate_sum_only","sum_sun_z","mellifera",-0.0885382522627012,36.4547153152006,11.3023413134625,95.3785816831122
"climate_sum_only","sum_sun_z","mellifera",-0.0408807416325314,36.2040726452142,11.2362917824139,94.4358312968568
"climate_sum_only","sum_sun_z","mellifera",0.00677676899763879,35.9578402499766,11.1791423055107,93.4564599407848
"climate_sum_only","sum_sun_z","mellifera",0.0544342796278086,35.7159485061414,11.0715789939041,93.9200598531484
"climate_sum_only","sum_sun_z","mellifera",0.102091790257979,35.4783292943358,11.0186079546362,94.5597198008612
"climate_sum_only","sum_sun_z","mellifera",0.149749300888149,35.2449159669377,10.9670631905533,92.8855468782649
"climate_sum_only","sum_sun_z","mellifera",0.197406811518319,35.0156433166561,10.9157758921853,92.7379108925748
"climate_sum_only","sum_sun_z","mellifera",0.245064322148489,34.7904475458946,10.8647448183141,91.7292923390383
"climate_sum_only","sum_sun_z","mellifera",0.292721832778659,34.5692662368784,10.7837240737463,91.1430687201183
"climate_sum_only","sum_sun_z","mellifera",0.340379343408829,34.3520383225261,10.6566511200822,90.5399280786856
"climate_sum_only","sum_sun_z","mellifera",0.388036854038999,34.1387040580462,10.5311810007832,89.7291188997712
"climate_sum_only","sum_sun_z","mellifera",0.435694364669169,33.9292049932426,10.4092778022208,88.9239478432211
"climate_sum_only","sum_sun_z","mellifera",0.483351875299339,33.723483945509,10.2820124435955,88.1248036355342
"climate_sum_only","sum_sun_z","mellifera",0.531009385929509,33.5214849734971,10.1571584915313,87.8059446894252
"climate_sum_only","sum_sun_z","mellifera",0.578666896559679,33.3231533514412,10.0354474506051,87.9648927125992
"climate_sum_only","sum_sun_z","mellifera",0.626324407189849,33.1284355441226,9.87906200045557,87.68225143453
"climate_sum_only","sum_sun_z","mellifera",0.673981917820019,32.9372791824589,9.69730781094849,87.4171154122793
"climate_sum_only","sum_sun_z","mellifera",0.721639428450189,32.7496330397034,9.52173199878037,87.107878673226
"climate_sum_only","sum_sun_z","mellifera",0.769296939080359,32.565447008238,9.45769828318758,86.6309981416255
"climate_sum_only","sum_sun_z","mellifera",0.816954449710529,32.3846720769476,9.41060803115507,86.096975895028
"climate_sum_only","sum_sun_z","mellifera",0.864611960340699,32.2072603091596,9.34745729769153,85.5593729919589
"climate_sum_only","sum_sun_z","mellifera",0.912269470970869,32.0331648211379,9.26622782867039,85.0251297585583
"climate_sum_only","sum_sun_z","mellifera",0.959926981601039,31.8623397611148,9.1414941808399,84.4108842790257
"climate_sum_only","sum_sun_z","mellifera",1.00758449223121,31.6947402888514,9.02086528306742,83.966638540766
"climate_sum_only","sum_sun_z","mellifera",1.05524200286138,31.5303225557112,8.9143924033586,83.4408598132797
"climate_sum_only","sum_sun_z","mellifera",1.10289951349155,31.3690436852374,8.78524078812347,83.3514715725269
"climate_sum_only","sum_sun_z","mellifera",1.15055702412172,31.2108617542203,8.70508440134687,82.6790236422677
"climate_sum_only","sum_sun_z","mellifera",1.19821453475189,31.0557357742444,8.60312336938077,81.889058077416
"climate_sum_only","sum_sun_z","mellifera",1.24587204538206,30.903625673704,8.50202832402183,81.3777525788459
"climate_sum_only","sum_sun_z","mellifera",1.29352955601223,30.7544922802766,8.35781916499385,80.869642593199
"climate_sum_only","sum_sun_z","mellifera",1.3411870666424,30.6082973038442,8.20867344800888,80.1840241234656
"climate_sum_only","sum_sun_z","mellifera",1.38884457727257,30.465003319851,8.12551453978663,79.6822993300576
"climate_sum_only","sum_sun_z","mellifera",1.43650208790274,30.32457375309,7.9872076599979,79.364286870831
