"model","predictor","estimate","median","lower_95","upper_95","IRR","IRR_lower_95","IRR_upper_95","prob_positive","prob_negative","direction_probability","credible_95","species_effect"
"climate_both","mean_temp_z",0.0632447017092544,0.0639248080473424,-0.0571639532801326,0.178871368363115,1.0652874850082,0.944439212765428,1.19586690795613,0.84425,0.15575,0.84425,FALSE,"cerana"
"climate_both","mean_temp_z",-0.210738270030347,-0.213013799171291,-0.542645224647611,0.112742188628783,0.809986036761452,0.581208789343896,1.11934331631062,0.1025,0.8975,0.8975,FALSE,"mellifera"
"climate_both","mean_temp_z",-0.273982971739601,-0.267761589122278,-0.612966421097379,0.0436783769233937,0.760345022503683,0.541741449880918,1.04464631848989,0.046,0.954,0.954,FALSE,"mellifera_minus_cerana"
"climate_both","sum_sun_z",-0.0604154380068522,-0.0597992461302359,-0.856820974780523,0.746537950873167,0.941373370061215,0.424509465797651,2.109683530878,0.446,0.554,0.554,FALSE,"cerana"
"climate_both","sum_sun_z",1.46032890647037,1.4792469101515,-1.17147799847469,4.09349059957761,4.30737601922898,0.30990855822786,59.9487841126702,0.86075,0.13925,0.86075,FALSE,"mellifera"
"climate_both","sum_sun_z",1.52074434447722,1.51974739249306,-1.09894248961579,4.08105674324773,4.57562977264683,0.333223284520883,59.208004461475,0.8695,0.1305,0.8695,FALSE,"mellifera_minus_cerana"
"climate_both","ratio_sun_z",-0.0312925310591566,-0.0342870988691487,-0.802745429663375,0.746773789940438,0.969192012836918,0.448097054884377,2.11018113534914,0.46525,0.53475,0.53475,FALSE,"cerana"
"climate_both","ratio_sun_z",-1.54632179426841,-1.56177762972259,-4.03387553101016,0.963113042259397,0.213030103074934,0.0177055782973798,2.61983946307289,0.117,0.883,0.883,FALSE,"mellifera"
"climate_both","ratio_sun_z",-1.51502926320926,-1.52094108705716,-3.9869712418565,0.997271144479319,0.219801752648966,0.0185558302177585,2.71087414193469,0.122,0.878,0.878,FALSE,"mellifera_minus_cerana"
"climate_both","sum_rain_z",0.0162070417771919,0.0174093647686607,-0.0969419086468794,0.12450895152884,1.01633908827532,0.907608728821053,1.13259215884624,0.61275,0.38725,0.61275,FALSE,"cerana"
"climate_both","sum_rain_z",-0.342139253513118,-0.342316526480732,-0.589839872678506,-0.095658450697426,0.710249293113188,0.554416054784908,0.908774354314697,0.0045,0.9955,0.9955,TRUE,"mellifera"
"climate_both","sum_rain_z",-0.35834629529031,-0.360314697207997,-0.601572815443563,-0.109353976983602,0.698831031204802,0.547949135132388,0.896413051743346,0.0025,0.9975,0.9975,TRUE,"mellifera_minus_cerana"
"climate_sum_only","mean_temp_z",0.0647432558787728,0.0644721336653741,-0.0438229625186092,0.174596007635118,1.06688507274751,0.957123389188924,1.19076505943461,0.8755,0.1245,0.8755,FALSE,"cerana"
"climate_sum_only","mean_temp_z",-0.138785954473593,-0.134666969697364,-0.446365842973413,0.158520272192487,0.87041431681108,0.639949608163165,1.17177567844653,0.17975,0.82025,0.82025,FALSE,"mellifera"
"climate_sum_only","mean_temp_z",-0.203529210352366,-0.200370562227948,-0.508978197527242,0.10353074292659,0.815846372814586,0.601109480269177,1.10907988920258,0.088,0.912,0.912,FALSE,"mellifera_minus_cerana"
"climate_sum_only","sum_sun_z",-0.0918981211770075,-0.0919421983126603,-0.19733002046439,0.0162188404268675,0.912198078477836,0.820919668312956,1.01635107977491,0.045,0.955,0.955,FALSE,"cerana"
"climate_sum_only","sum_sun_z",-0.149229373667779,-0.147719527409224,-0.50485743707892,0.202389038864564,0.861371516293854,0.603591619077933,1.2243242251783,0.2085,0.7915,0.7915,FALSE,"mellifera"
"climate_sum_only","sum_sun_z",-0.0573312524907712,-0.05520246026119,-0.4103245595083,0.294983180379047,0.944281222046866,0.663434891087756,1.34310376800002,0.386,0.614,0.614,FALSE,"mellifera_minus_cerana"
"climate_sum_only","sum_rain_z",0.0181945820493539,0.0189356249971499,-0.0846313135448568,0.121607254827444,1.0183611119045,0.918850989873822,1.12931048343085,0.6325,0.3675,0.6325,FALSE,"cerana"
"climate_sum_only","sum_rain_z",-0.296829713406607,-0.294981567020893,-0.526848394081346,-0.0621524677141436,0.743170553569376,0.590462946852591,0.939739595919671,0.00625,0.99375,0.99375,TRUE,"mellifera"
"climate_sum_only","sum_rain_z",-0.31502429545596,-0.314632790020717,-0.552292196466178,-0.0772661586974272,0.729771143930986,0.57562884260119,0.925643452761417,0.00525,0.99475,0.99475,TRUE,"mellifera_minus_cerana"
"climate_ratio_only","mean_temp_z",0.0585148087925334,0.05861498311231,-0.0488116332001744,0.162476485095431,1.06026068675888,0.952360505904491,1.17642065470401,0.86925,0.13075,0.86925,FALSE,"cerana"
"climate_ratio_only","mean_temp_z",-0.136306482319697,-0.140077474645596,-0.430107432676906,0.160170603470165,0.872575162643467,0.6504392125438,1.17371109309749,0.19175,0.80825,0.80825,FALSE,"mellifera"
"climate_ratio_only","mean_temp_z",-0.194821291112231,-0.19769284176848,-0.501444928614131,0.111179386651377,0.822981719062741,0.605654899065245,1.11759537056478,0.11075,0.88925,0.88925,FALSE,"mellifera_minus_cerana"
"climate_ratio_only","ratio_sun_z",-0.086189074892758,-0.0862721136457267,-0.191523095262987,0.0218269280680252,0.917420753589937,0.825700555114801,1.02206687807292,0.0565,0.9435,0.9435,FALSE,"cerana"
"climate_ratio_only","ratio_sun_z",-0.162931689786671,-0.162053570792664,-0.495098079748604,0.183652059651876,0.849649226152176,0.609511123666795,1.20159766604344,0.17525,0.82475,0.82475,FALSE,"mellifera"
"climate_ratio_only","ratio_sun_z",-0.0767426148939129,-0.0757832848246821,-0.413199829953541,0.266065771124692,0.926128194536078,0.661530076094484,1.30482087540126,0.328,0.672,0.672,FALSE,"mellifera_minus_cerana"
"climate_ratio_only","sum_rain_z",0.0145860507616714,0.0159186120080836,-0.0939319987390173,0.119496867080811,1.01469294629563,0.91034466472115,1.12692971348195,0.6115,0.3885,0.6115,FALSE,"cerana"
"climate_ratio_only","sum_rain_z",-0.294975228997187,-0.292040481731346,-0.522556960021151,-0.0715263297246479,0.744550030488382,0.593002324542769,0.93097176504193,0.00775,0.99225,0.99225,TRUE,"mellifera"
"climate_ratio_only","sum_rain_z",-0.309561279758858,-0.310176543233539,-0.536643062012186,-0.0794758261512701,0.733768804845379,0.584707789301518,0.923600346673812,0.00625,0.99375,0.99375,TRUE,"mellifera_minus_cerana"
"landcover","forest_z",0.230048229164432,0.231750859465128,-0.138691067469722,0.596378093011722,1.25866071262012,0.870496911736259,1.81553119262667,0.88775,0.11225,0.88775,FALSE,"cerana"
"landcover","forest_z",0.384249189200521,0.382762134887274,-0.0373964657833118,0.810212094262687,1.46851133325707,0.963294146462958,2.24838480562699,0.9645,0.0355,0.9645,FALSE,"mellifera"
"landcover","forest_z",0.154200960036088,0.152591863635365,-0.367306293291386,0.671472045808993,1.16672532838505,0.692597474592759,1.95711616586974,0.724,0.276,0.724,FALSE,"mellifera_minus_cerana"
"landcover","agri_z",0.0411239468652496,0.044098462299306,-0.288578774759999,0.363853319447495,1.04198124785124,0.749327774706866,1.43886314543743,0.602,0.398,0.602,FALSE,"cerana"
"landcover","agri_z",0.28846653597485,0.285190648433129,-0.125429730394505,0.71743491688363,1.33437969506007,0.88211774831539,2.04917017165353,0.91175,0.08825,0.91175,FALSE,"mellifera"
"landcover","agri_z",0.2473425891096,0.245209418727894,-0.236288479096413,0.752838701050567,1.28061776333481,0.789552871577311,2.12301808449044,0.841,0.159,0.841,FALSE,"mellifera_minus_cerana"
"landcover","water_z",0.274413155075463,0.273410451823971,0.131138753230943,0.417566215616915,1.31575830217674,1.14012596649892,1.51826193322069,0.9995,5e-04,0.9995,TRUE,"cerana"
"landcover","water_z",0.0694545357280789,0.0718305404011494,-0.372007299429856,0.496571343306779,1.07192332588335,0.689349210649648,1.64307805133933,0.622,0.378,0.622,FALSE,"mellifera"
"landcover","water_z",-0.204958619347384,-0.206918819661561,-0.657162964823115,0.246079688720209,0.814681027746513,0.518319741885682,1.27900149147283,0.193,0.807,0.807,FALSE,"mellifera_minus_cerana"
