Latitude,Longitude,축종,발생두수,ID,종,카운트
36.7403856,129.1983249,벌-재래종,7,6441,아까시나무,1
36.7181091,129.2462741,벌-재래종,3,5512,상수리나무,1
38.1453645,128.1335981,벌-재래종,4,730,개다래,1
36.4785066,129.1679121,벌-재래종,107,2536,다래,1
36.8167104,129.2501549,벌-재래종,2,596,개다래,1
38.0087006,128.1617215,벌-재래종,4,6131,신갈나무,1
36.8144001,128.1482474,벌-재래종,18,8909,피마자,1
37.4472938,127.6700914,벌-재래종,6,7070,애기똥풀,1
37.8560252,127.8469846,벌-재래종,26,706,개다래,1
37.6255406,127.93141,벌-재래종,1,4321,붉나무,1
37.017043,128.8162766,벌-재래종,2,951,개옻나무,1
36.2954995,128.7889909,벌-재래종,3,181,갈참나무,1
37.4439367,127.6250917,벌-재래종,2,1103,개옻나무,1
37.4472938,127.6700914,벌-재래종,4,7070,애기똥풀,1
36.4785066,129.1679121,벌-재래종,107,2536,다래,1
37.5710458,127.6416006,벌-재래종,7,2299,굴참나무,3
38.0087006,128.1617215,벌-재래종,1,6131,신갈나무,1
37.7264197,127.9160954,벌-재래종,1,3659,밤나무,2
36.2945638,129.0464878,벌-재래종,9,7544,족제비싸리,1
37.6170662,127.4871263,벌-재래종,1,1438,고욤나무,1
37.017043,128.8162766,벌-재래종,2,951,개옻나무,1
36.7877626,129.2030091,벌-재래종,4,596,개다래,1
35.1986439,127.4529926,벌-재래종,106,7459,족제비싸리,1
37.497971,127.5050639,벌-재래종,9,3739,벼,1
37.4615935,128.153439,벌-재래종,1,6584,아까시나무,2
36.9786453,128.85124,벌-재래종,60,1705,광대싸리,1
36.3321473,128.8067483,벌-재래종,1,2535,다래,1
36.5095472,129.0923238,벌-재래종,8,2536,다래,1
37.0060873,128.9653695,벌-재래종,6,1707,광대싸리,1
36.2891333,128.8180761,벌-재래종,2,494,감나무,1
37.8303719,127.8955118,벌-재래종,1,682,개다래,4
37.9429407,127.4806675,벌-재래종,7,1886,광대싸리,1
37.4250014,128.2967109,벌-재래종,1,652,개다래,1
36.7551344,128.1698493,벌-재래종,1,2547,다래,1
36.4571359,129.3230741,벌-재래종,195,1669,광대싸리,1
36.4571359,129.3230741,벌-재래종,127,1669,광대싸리,1
37.5290575,127.8523294,벌-재래종,1,7070,애기똥풀,1
37.2458153,128.045615,벌-재래종,1,3561,밤나무,1
36.6496554,128.7873596,벌-재래종,4,3440,밤나무,1
38.0412339,127.0393313,벌-재래종,1,6114,신갈나무,1
36.0053204,129.0451342,벌-재래종,6,835,개옻나무,1
37.4615935,128.153439,벌-재래종,2,6584,아까시나무,2
37.4615935,128.153439,벌-재래종,2,6584,아까시나무,2
36.2945638,129.0464878,벌-재래종,2,7544,족제비싸리,1
37.8140141,128.1452309,벌-재래종,7,1167,개옻나무,1
36.3321473,128.8067483,벌-재래종,2,2535,다래,1
37.9429407,127.4806675,벌-재래종,2,1886,광대싸리,1
38.0019958,128.6187189,벌-재래종,1,2332,굴참나무,1
37.2458153,128.045615,벌-재래종,1,3561,밤나무,1
37.348768,128.1604644,벌-재래종,2,5175,산초나무,1
37.017043,128.8162766,벌-재래종,6,951,개옻나무,1
36.6932767,128.7045904,벌-재래종,4,3440,밤나무,1
35.61436,127.2851097,벌-재래종,30,100,갈참나무,1
36.6190338,127.5915186,벌-재래종,5,2951,떡갈나무,1
37.017043,128.8162766,벌-재래종,2,951,개옻나무,1
36.6966455,128.969731,벌-재래종,4,8855,초피나무,1
36.9796571,128.3675653,벌-재래종,4,5000,산초나무,1
37.8140141,128.1452309,벌-재래종,2,1167,개옻나무,1
37.8140141,128.1452309,벌-재래종,4,1167,개옻나무,1
37.694464,128.2708307,벌-재래종,2,678,개다래,1
37.6644632,127.6998828,벌-재래종,11,1141,개옻나무,2
36.9786453,128.85124,벌-재래종,2,1705,광대싸리,1
37.4615935,128.153439,벌-재래종,1,6584,아까시나무,2
37.3644088,127.1154987,벌-재래종,5,1072,개옻나무,1
36.630742,128.9132417,벌-재래종,25,3440,밤나무,1
37.4250014,128.2967109,벌-재래종,1,652,개다래,1
37.5307719,128.7275235,벌-재래종,30,2650,다래,1
38.1219556,128.3101926,벌-재래종,6,2743,다래,1
37.7267059,126.9116461,벌-재래종,2,5246,산초나무,1
37.4515774,127.654413,벌-재래종,2,5986,신갈나무,1
36.9395486,128.7902001,벌-재래종,2,3006,떡갈나무,1
36.7047911,128.8286576,벌-재래종,19,3440,밤나무,1
35.3241616,128.4270594,벌-재래종,1,6270,아까시나무,1
37.9429407,127.4806675,벌-재래종,2,1886,광대싸리,1
37.4250014,128.2967109,벌-재래종,3,652,개다래,1
37.5048669,128.4671105,벌-재래종,3,665,개다래,1
38.0807,128.5240511,벌-재래종,1,2725,다래,1
37.0603106,128.3768758,벌-재래종,2,269,갈참나무,1
37.1278328,128.1395824,벌-재래종,4,5555,상수리나무,1
36.4785066,129.1679121,벌-재래종,50,2536,다래,1
38.1453645,128.1335981,벌-재래종,1,730,개다래,1
38.0466608,128.3851271,벌-재래종,2,7214,애기똥풀,1
38.1453645,128.1335981,벌-재래종,3,730,개다래,1
37.0603106,128.3768758,벌-재래종,2,269,갈참나무,1
37.1278328,128.1395824,벌-재래종,1,5555,상수리나무,1
37.4094445,127.0721126,벌-재래종,4,1097,개옻나무,1
36.7900282,128.8422727,벌-재래종,8,926,개옻나무,1
35.9213983,129.1566704,벌-재래종,2,6790,애기똥풀,1
37.0186463,128.8734902,벌-재래종,3,2170,굴참나무,1
37.4250014,128.2967109,벌-재래종,1,652,개다래,1
37.5207478,127.506135,벌-재래종,8,7090,애기똥풀,1
36.6583598,128.8915154,벌-재래종,29,3440,밤나무,1
37.6760295,128.0480344,벌-재래종,15,8550,주름잎,1
37.4684441,128.2208537,벌-재래종,4,1804,광대싸리,1
37.4684441,128.2208537,벌-재래종,4,1804,광대싸리,1
37.6324523,127.7520913,벌-재래종,2,1141,개옻나무,2
37.7772913,127.4542677,벌-재래종,8,7173,애기똥풀,1
37.1516128,128.8448938,벌-재래종,5,7632,족제비싸리,1
38.2198155,127.7724077,벌-재래종,53,8586,주름잎,1
36.3098164,129.0140533,벌-재래종,5,7544,족제비싸리,1
36.2136951,129.0125484,벌-재래종,3,5774,신갈나무,1
36.4762887,129.1340697,벌-재래종,10,2536,다래,1
36.9781712,128.9144704,벌-재래종,3,942,개옻나무,1
37.348768,128.1604644,벌-재래종,1,5175,산초나무,1
37.5570387,128.1853633,벌-재래종,7,7107,애기똥풀,1
36.8621052,127.0313115,벌-재래종,5,6459,아까시나무,2
37.2220583,128.8218722,벌-재래종,4,7650,족제비싸리,1
36.7551344,128.1698493,벌-재래종,2,2547,다래,1
34.8171423,127.1199466,벌-재래종,10,1961,굴참나무,1
37.8932509,127.8039512,벌-재래종,3,6098,신갈나무,1
36.8004842,128.7944095,벌-재래종,10,7574,족제비싸리,1
37.8932509,127.8039512,벌-재래종,2,6098,신갈나무,1
37.5933552,128.1664828,벌-재래종,3,7107,애기똥풀,1
37.5066872,127.4717254,벌-재래종,2,1450,고추,1
36.8581851,128.5151227,벌-재래종,2,234,갈참나무,1
36.9597995,128.5821026,벌-재래종,8,2367,누운주름잎,1
37.4250014,128.2967109,벌-재래종,1,652,개다래,1
37.0603106,128.3768758,벌-재래종,1,269,갈참나무,1
34.7326998,127.1538776,벌-재래종,1,1474,광대싸리,1
35.5798635,127.1981911,벌-재래종,1,100,갈참나무,1
36.0555481,128.2571982,벌-재래종,1,1599,광대싸리,1
36.3667465,128.8419833,벌-재래종,3,7397,유채,1
37.2534286,128.726245,벌-재래종,2,1760,광대싸리,1
37.4250014,128.2967109,벌-재래종,1,652,개다래,1
35.9213983,129.1566704,벌-재래종,10,6790,애기똥풀,1
37.2534286,128.726245,벌-재래종,3,1760,광대싸리,1
37.5019304,128.7080385,벌-재래종,5,2650,다래,1
34.8114222,126.9428825,벌-재래종,1,2803,떡갈나무,1
37.2534286,128.726245,벌-재래종,6,1760,광대싸리,1
37.4146192,128.8668205,벌-재래종,13,5946,신갈나무,1
37.7014855,127.8674722,벌-재래종,3,3659,밤나무,2
37.4048732,128.1453026,벌-재래종,1,6584,아까시나무,2
37.7120915,127.7440552,벌-재래종,2,4340,붉나무,1
37.8140141,128.1452309,벌-재래종,4,1167,개옻나무,1
37.0060873,128.9653695,벌-재래종,127,1707,광대싸리,1
36.4785066,129.1679121,벌-재래종,100,2536,다래,1
37.5019304,128.7080385,벌-재래종,17,2650,다래,1
36.4571359,129.3230741,벌-재래종,141,1669,광대싸리,1
37.3873252,128.6859393,벌-재래종,9,7664,족제비싸리,1
37.4515774,127.654413,벌-재래종,4,5986,신갈나무,1
36.5095472,129.0923238,벌-재래종,3,2536,다래,1
35.2075729,128.3702795,벌-재래종,31,8353,주름잎,1
36.9395486,128.7902001,벌-재래종,15,3006,떡갈나무,1
35.0286639,126.7526792,벌-재래종,1,4556,산검양옻나무,1
37.2597658,128.8729253,벌-재래종,1,6549,아까시나무,1
35.0160601,127.0127779,벌-재래종,1,6717,애기똥풀,1
35.0160601,127.0127779,벌-재래종,1,6717,애기똥풀,1
36.8561157,128.8395425,벌-재래종,32,7574,족제비싸리,1
37.4048732,128.1453026,벌-재래종,6,6584,아까시나무,2
37.9429407,127.4806675,벌-재래종,3,1886,광대싸리,1
37.3852166,128.3913906,벌-재래종,15,6574,아까시나무,1
37.0603106,128.3768758,벌-재래종,1,269,갈참나무,1
37.6011843,128.2265769,벌-재래종,7,670,개다래,1
37.9831858,127.7035317,벌-재래종,3,1892,광대싸리,1
36.7551344,128.1698493,벌-재래종,1,2547,다래,1
38.1886627,128.3651816,벌-재래종,5,7236,애기똥풀,1
36.7551344,128.1698493,벌-재래종,2,2547,다래,1
37.8107051,128.2724166,벌-재래종,1,7170,애기똥풀,1
37.348768,128.1604644,벌-재래종,2,5175,산초나무,1
37.8173563,128.0004157,벌-재래종,5,682,개다래,4
37.0603106,128.3768758,벌-재래종,1,269,갈참나무,1
36.7877626,129.2030091,벌-재래종,11,596,개다래,1
34.7128412,127.1870253,벌-재래종,1,1953,굴참나무,1
37.25075,128.6692609,벌-재래종,18,5124,산초나무,1
38.1681838,128.1786506,벌-재래종,7,6151,신갈나무,1
37.3909559,127.8008094,벌-재래종,1,4246,붉나무,1
34.7168052,127.1320597,벌-재래종,1,1474,광대싸리,1
36.8428925,128.5079335,벌-재래종,7,234,갈참나무,1
36.8581851,128.5151227,벌-재래종,7,234,갈참나무,1
37.497971,127.5050639,벌-재래종,2,3739,벼,1
36.6536828,128.9347622,벌-재래종,35,3440,밤나무,1
37.4358067,128.3992554,벌-재래종,1,3598,밤나무,1
37.9529831,128.1965588,벌-재래종,9,723,개다래,1
37.4358067,128.3992554,벌-재래종,1,3598,밤나무,1
36.5095472,129.0923238,벌-재래종,2,2536,다래,1
35.1414667,126.5323581,벌-재래종,1,469,감나무,1
38.0019958,128.6187189,벌-재래종,7,2332,굴참나무,1
35.8869663,127.8205443,벌-재래종,1,3995,붉나무,1
36.9256095,128.9603713,벌-재래종,65,3004,떡갈나무,1
37.5631941,128.3127372,벌-재래종,1,7097,애기똥풀,1
36.3321473,128.8067483,벌-재래종,1,2535,다래,1
37.2237462,128.6427344,벌-재래종,5,5124,산초나무,1
38.1700928,127.7093384,벌-재래종,5,2746,다래,1
37.5893415,127.4947634,벌-재래종,2,4310,붉나무,1
36.9796571,128.3675653,벌-재래종,2,5000,산초나무,1
35.7070291,127.1532238,벌-재래종,20,3961,붉나무,1
37.5558764,127.5817911,벌-재래종,4,2672,다래,1
36.3351104,128.9174135,벌-재래종,9,5774,신갈나무,1
34.7040567,127.1445908,벌-재래종,1,1474,광대싸리,1
36.9796571,128.3675653,벌-재래종,1,5000,산초나무,1
35.8869663,127.8205443,벌-재래종,13,3995,붉나무,1
35.8869663,127.8205443,벌-재래종,3,3995,붉나무,1
37.7979718,126.3953013,벌-재래종,26,402,갈참나무,1
37.1919741,128.5989961,벌-재래종,2,1756,광대싸리,1
37.5690079,128.3547193,벌-재래종,2,7097,애기똥풀,1
37.3628576,128.4182448,벌-재래종,7,6574,아까시나무,1
38.0087006,128.1617215,벌-재래종,2,6131,신갈나무,1
37.6147161,127.8863288,벌-재래종,4,3659,밤나무,2
37.9993658,128.3250403,벌-재래종,3,7214,애기똥풀,1
38.0466608,128.3851271,벌-재래종,3,7214,애기똥풀,1
37.8140141,128.1452309,벌-재래종,3,1167,개옻나무,1
37.3411588,126.7220994,벌-재래종,2,7675,족제비싸리,1
37.9429407,127.4806675,벌-재래종,3,1886,광대싸리,1
37.9429407,127.4806675,벌-재래종,6,1886,광대싸리,1
35.5646226,127.1343061,벌-재래종,4,100,갈참나무,1
36.3321473,128.8067483,벌-재래종,3,2535,다래,1
37.7267059,126.9116461,벌-재래종,10,5246,산초나무,1
34.7026119,127.1659258,벌-재래종,1,1474,광대싸리,1
34.3936351,126.5418454,벌-재래종,1,2774,떡갈나무,2
37.6020683,127.9591221,벌-재래종,4,4321,붉나무,1
36.4785066,129.1679121,벌-재래종,75,2536,다래,1
36.9635809,127.9320017,벌-재래종,4,4143,붉나무,2
36.3231567,128.8736824,벌-재래종,2,5774,신갈나무,1
36.3321473,128.8067483,벌-재래종,2,2535,다래,1
35.2867911,126.5237272,벌-재래종,1,776,개옻나무,1
35.0878407,127.6114145,벌-재래종,1,7452,족제비싸리,1
35.0878407,127.6114145,벌-재래종,1,7452,족제비싸리,1
35.1849378,127.3547925,벌-재래종,1,65,갈참나무,1
36.4785066,129.1679121,벌-재래종,13,2536,다래,1
37.3411588,126.7220994,벌-재래종,5,7675,족제비싸리,1
37.5558764,127.5817911,벌-재래종,3,2672,다래,1
37.2772238,128.1975847,벌-재래종,1,641,개다래,1
35.121549,127.3677518,벌-재래종,1,65,갈참나무,1
36.3231567,128.8736824,벌-재래종,2,5774,신갈나무,1
36.4571359,129.3230741,벌-재래종,115,1669,광대싸리,1
35.2053772,128.1165386,벌-재래종,150,7455,족제비싸리,1
36.7047911,128.8286576,벌-재래종,8,3440,밤나무,1
38.0375603,128.5476157,벌-재래종,9,2725,다래,1
37.4048732,128.1453026,벌-재래종,1,6584,아까시나무,2
36.2648464,127.404001,벌-재래종,2,167,갈참나무,1
36.3321473,128.8067483,벌-재래종,2,2535,다래,1
37.3526611,127.8023805,벌-재래종,29,4246,붉나무,1
34.7040567,127.1445908,벌-재래종,1,1474,광대싸리,1
34.7040567,127.1445908,벌-재래종,1,1474,광대싸리,1
37.9529831,128.1965588,벌-재래종,4,723,개다래,1
37.9529831,128.1965588,벌-재래종,1,723,개다래,1
37.8059381,127.8497773,벌-재래종,4,5250,산초나무,3
37.7120915,127.7440552,벌-재래종,4,4340,붉나무,1
37.5933552,128.1664828,벌-재래종,3,7107,애기똥풀,1
37.8228476,127.9549594,벌-재래종,7,682,개다래,4
37.8059381,127.8497773,벌-재래종,1,5250,산초나무,3
35.6899474,127.3178602,벌-재래종,6,6774,애기똥풀,1
37.3728454,128.4052788,벌-재래종,2,6574,아까시나무,1
35.6019213,127.1434343,벌-재래종,23,100,갈참나무,1
37.5631941,128.3127372,벌-재래종,2,7097,애기똥풀,1
34.4439909,126.5877817,벌-재래종,1,7417,족제비싸리,1
37.3411588,126.7220994,벌-재래종,1,7675,족제비싸리,1
37.5710458,127.6416006,벌-재래종,9,2299,굴참나무,3
37.8173563,128.0004157,벌-재래종,3,682,개다래,4
37.7410335,128.0839616,벌-재래종,1,6639,아까시나무,1
38.1922602,128.1994956,벌-재래종,3,2347,굴참나무,1
37.9478221,128.142228,벌-재래종,1,1903,광대싸리,1
37.7120915,127.7440552,벌-재래종,1,4340,붉나무,1
37.6518777,127.74339,벌-재래종,20,1141,개옻나무,2
37.6324523,127.7520913,벌-재래종,5,1141,개옻나무,2
36.6536828,128.9347622,벌-재래종,1,3440,밤나무,1
38.0834935,128.4610259,벌-재래종,6,2725,다래,1
37.7953885,128.0466435,벌-재래종,3,6639,아까시나무,1
37.4405188,127.8508915,벌-재래종,51,4246,붉나무,1
37.5066872,127.4717254,벌-재래종,2,1450,고추,1
35.5988084,127.3825703,벌-재래종,50,8383,주름잎,1
37.50515,128.6013888,벌-재래종,3,2654,다래,1
36.3321473,128.8067483,벌-재래종,6,2535,다래,1
35.2714721,127.8166414,벌-재래종,2,6733,애기똥풀,1
37.4351307,128.1088047,벌-재래종,3,6584,아까시나무,2
36.6966455,128.969731,벌-재래종,1,8855,초피나무,1
37.0060873,128.9653695,벌-재래종,1,1707,광대싸리,1
36.9225591,128.8623667,벌-재래종,1,1705,광대싸리,1
37.5631941,128.3127372,벌-재래종,1,7097,애기똥풀,1
37.5631941,128.3127372,벌-재래종,1,7097,애기똥풀,1
37.2534286,128.726245,벌-재래종,4,1760,광대싸리,1
38.1681838,128.1786506,벌-재래종,5,6151,신갈나무,1
35.6990304,127.590711,벌-재래종,18,3965,붉나무,1
37.7356068,128.2378592,벌-재래종,4,3666,밤나무,1
35.2202574,127.3881185,벌-재래종,1,6728,애기똥풀,1
37.3728454,128.4052788,벌-재래종,27,6574,아까시나무,1
37.2220583,128.8218722,벌-재래종,5,7650,족제비싸리,1
37.2597658,128.8729253,벌-재래종,15,6549,아까시나무,1
34.7026119,127.1659258,벌-재래종,1,1474,광대싸리,1
34.7026119,127.1659258,벌-재래종,1,1474,광대싸리,1
34.4608019,127.4680798,벌-재래종,1,11,갈참나무,1
35.1749839,126.5409272,벌-재래종,3,469,감나무,1
34.7026119,127.1659258,벌-재래종,1,1474,광대싸리,1
34.7026119,127.1659258,벌-재래종,1,1474,광대싸리,1
37.6544392,128.7821778,벌-재래종,1,6616,아까시나무,2
37.7267059,126.9116461,벌-재래종,1,5246,산초나무,1
34.9730223,127.1427854,벌-재래종,1,8717,초피나무,1
37.5306149,127.5850392,벌-재래종,3,2273,굴참나무,1
34.7026119,127.1659258,벌-재래종,1,1474,광대싸리,1
35.8867998,128.4910476,벌-재래종,120,5442,상수리나무,1
35.8867998,128.4910476,벌-재래종,120,5442,상수리나무,1
37.9529831,128.1965588,벌-재래종,1,723,개다래,1
37.245738,129.0698695,벌-재래종,3,1416,고욤나무,1
38.0087006,128.1617215,벌-재래종,4,6131,신갈나무,1
37.5893415,127.4947634,벌-재래종,2,4310,붉나무,1
37.5893415,127.4947634,벌-재래종,1,4310,붉나무,1
37.763285,127.5286119,벌-재래종,10,1156,개옻나무,1
36.4837622,128.8900474,벌-재래종,1,7397,유채,1
37.0060873,128.9653695,벌-재래종,1,1707,광대싸리,1
37.0060873,128.9653695,벌-재래종,1,1707,광대싸리,1
36.6648281,127.6731019,벌-재래종,2,6448,아까시나무,1
36.9635809,127.9320017,벌-재래종,5,4143,붉나무,2
35.3338895,129.1732717,벌-재래종,3,1269,고욤나무,1
34.7015684,127.0514942,벌-재래종,1,1471,광대싸리,1
37.50515,128.6013888,벌-재래종,3,2654,다래,1
37.6011843,128.2265769,벌-재래종,1,670,개다래,1
36.3645223,129.3873596,벌-재래종,110,222,갈참나무,1
35.1849378,127.3547925,벌-재래종,1,65,갈참나무,1
37.4431918,128.8718084,벌-재래종,2,664,개다래,1
37.0060873,128.9653695,벌-재래종,2,1707,광대싸리,1
36.9786453,128.85124,벌-재래종,2,1705,광대싸리,1
37.3728454,128.4052788,벌-재래종,2,6574,아까시나무,1
37.6361022,128.3700029,벌-재래종,1,5633,생열귀나무,1
37.6110372,128.0775996,벌-재래종,1,8213,졸참나무,1
37.3675393,128.1159262,벌-재래종,2,6584,아까시나무,2
37.6192937,127.5376046,벌-재래종,1,2672,다래,1
37.6622733,128.5594295,벌-재래종,6,7113,애기똥풀,1
37.4515774,127.654413,벌-재래종,4,5986,신갈나무,1
38.0834935,128.4610259,벌-재래종,12,2725,다래,1
37.6784735,127.9151229,벌-재래종,2,3659,밤나무,2
36.3735292,128.9007835,벌-재래종,2,7397,유채,1
36.5211412,128.555425,벌-재래종,1,3427,밤나무,1
34.7040567,127.1445908,벌-재래종,1,1474,광대싸리,1
34.7040567,127.1445908,벌-재래종,1,1474,광대싸리,1
38.1453645,128.1335981,벌-재래종,3,730,개다래,1
37.6361022,128.3700029,벌-재래종,2,5633,생열귀나무,1
35.0160601,127.0127779,벌-재래종,1,6717,애기똥풀,1
34.7040567,127.1445908,벌-재래종,1,1474,광대싸리,1
37.5558764,127.5817911,벌-재래종,4,2672,다래,1
37.5306149,127.5850392,벌-재래종,10,2273,굴참나무,1
37.5306149,127.5850392,벌-재래종,8,2273,굴참나무,1
34.4668234,126.8357079,벌-재래종,1,4657,산초나무,1
37.7120915,127.7440552,벌-재래종,9,4340,붉나무,1
36.630742,128.9132417,벌-재래종,1,3440,밤나무,1
37.5307719,128.7275235,벌-재래종,31,2650,다래,1
37.0565536,128.7909086,벌-재래종,5,4150,붉나무,1
36.5789495,128.7192854,벌-재래종,8,1663,광대싸리,1
34.7015684,127.0514942,벌-재래종,1,1471,광대싸리,1
35.1849378,127.3547925,벌-재래종,1,65,갈참나무,1
35.0117982,126.8818047,벌-재래종,1,59,갈참나무,1
34.7026119,127.1659258,벌-재래종,1,1474,광대싸리,1
34.7026119,127.1659258,벌-재래종,1,1474,광대싸리,1
34.7026119,127.1659258,벌-재래종,1,1474,광대싸리,1
37.1922511,128.8706731,벌-재래종,2,1030,개옻나무,1
37.2764225,127.355345,벌-재래종,1,7661,족제비싸리,1
37.3675393,128.1159262,벌-재래종,1,6584,아까시나무,2
35.7397064,127.1401714,벌-재래종,38,3967,붉나무,1
37.8303719,127.8955118,벌-재래종,5,682,개다래,4
36.9448146,128.9381286,벌-재래종,1,3004,떡갈나무,1
36.3735292,128.9007835,벌-재래종,2,7397,유채,1
37.017043,128.8162766,벌-재래종,4,951,개옻나무,1
37.3437715,127.1194183,벌-재래종,5,1072,개옻나무,1
35.1749839,126.5409272,벌-재래종,2,469,감나무,1
34.7026119,127.1659258,벌-재래종,1,1474,광대싸리,1
36.4518737,129.4294626,벌-재래종,20,222,갈참나무,1
37.7770615,128.0156889,벌-재래종,2,8550,주름잎,1
37.6011843,128.2265769,벌-재래종,2,670,개다래,1
36.7047911,128.8286576,벌-재래종,29,3440,밤나무,1
36.8744093,128.8887244,벌-재래종,4,1686,광대싸리,1
36.6932767,128.7045904,벌-재래종,5,3440,밤나무,1
34.5278304,126.8366131,벌-재래종,1,1934,굴참나무,1
36.9694817,128.7708492,벌-재래종,7,3006,떡갈나무,1
34.7128412,127.1870253,벌-재래종,1,1953,굴참나무,1
37.9529831,128.1965588,벌-재래종,2,723,개다래,1
37.5558764,127.5817911,벌-재래종,3,2672,다래,1
36.0302856,127.9284691,벌-재래종,7,2063,굴참나무,1
34.7015684,127.0514942,벌-재래종,1,1471,광대싸리,1
37.5019304,128.7080385,벌-재래종,10,2650,다래,1
37.753529,127.6204995,벌-재래종,3,395,갈참나무,2
37.763285,127.5286119,벌-재래종,1,1156,개옻나무,1
37.6139354,128.1511451,벌-재래종,10,7107,애기똥풀,1
38.1453645,128.1335981,벌-재래종,1,730,개다래,1
35.6030592,127.596053,벌-재래종,16,568,개다래,1
34.7015684,127.0514942,벌-재래종,2,1471,광대싸리,1
37.4048732,128.1453026,벌-재래종,2,6584,아까시나무,2
37.017043,128.8162766,벌-재래종,3,951,개옻나무,1
37.2082712,129.2480702,벌-재래종,10,8872,초피나무,1
36.6178391,127.60997,벌-재래종,15,209,갈참나무,1
37.6118996,128.3758853,벌-재래종,1,5633,생열귀나무,1
35.0987453,126.6155714,벌-재래종,2,4557,산검양옻나무,1
37.763285,127.5286119,벌-재래종,5,1156,개옻나무,1
37.5107169,127.6332539,벌-재래종,6,2273,굴참나무,1
36.0302856,127.9284691,벌-재래종,5,2063,굴참나무,1
36.8006931,127.1224079,벌-재래종,9,246,갈참나무,1
37.7803639,127.9135629,벌-재래종,6,682,개다래,4
37.7803639,127.9135629,벌-재래종,10,682,개다래,4
37.7803639,127.9135629,벌-재래종,5,682,개다래,4
37.6644484,128.4015336,벌-재래종,1,5633,생열귀나무,1
34.7015684,127.0514942,벌-재래종,1,1471,광대싸리,1
36.372711,127.1396642,벌-재래종,5,508,감나무,1
38.2264721,128.2324778,벌-재래종,4,2347,굴참나무,1
37.2919744,128.7445776,벌-재래종,12,7040,애기똥풀,1
35.2714721,127.8166414,벌-재래종,13,6733,애기똥풀,1
37.539564,128.1012695,벌-재래종,2,7107,애기똥풀,1
37.4048732,128.1453026,벌-재래종,1,6584,아까시나무,2
37.4351307,128.1088047,벌-재래종,8,6584,아까시나무,2
34.7015684,127.0514942,벌-재래종,1,1471,광대싸리,1
35.1378377,128.5161745,벌-재래종,2,8737,초피나무,1
35.123976,128.805758,벌-재래종,1,7859,졸참나무,1
35.1183254,128.5820345,벌-재래종,21,8737,초피나무,1
37.6644484,128.4015336,벌-재래종,2,5633,생열귀나무,1
37.3675393,128.1159262,벌-재래종,1,6584,아까시나무,2
35.0389006,126.9988465,벌-재래종,1,6717,애기똥풀,1
37.9429407,127.4806675,벌-재래종,1,1886,광대싸리,1
34.9918255,127.1324743,벌-재래종,1,8717,초피나무,1
34.9918255,127.1324743,벌-재래종,1,8717,초피나무,1
36.7877626,129.2030091,벌-재래종,62,596,개다래,1
36.9786453,128.85124,벌-재래종,3,1705,광대싸리,1
36.9786453,128.85124,벌-재래종,25,1705,광대싸리,1
36.7858857,126.4598336,벌-재래종,13,2981,떡갈나무,3
35.8134957,127.2866581,벌-재래종,11,2493,다래,1
37.4332607,128.143289,벌-재래종,2,6584,아까시나무,2
37.539564,128.1012695,벌-재래종,5,7107,애기똥풀,1
37.7754348,128.1419051,벌-재래종,2,6639,아까시나무,1
36.751179,128.9409492,벌-재래종,2,8855,초피나무,1
37.2310597,129.0577581,벌-재래종,14,527,감나무,1
37.4645144,127.9905951,벌-재래종,3,7108,애기똥풀,1
36.4571359,129.3230741,벌-재래종,30,1669,광대싸리,1
36.4785066,129.1679121,벌-재래종,120,2536,다래,1
38.2715512,128.2609359,벌-재래종,4,1205,개옻나무,1
35.2714721,127.8166414,벌-재래종,6,6733,애기똥풀,1
37.5306149,127.5850392,벌-재래종,8,2273,굴참나무,1
37.5306149,127.5850392,벌-재래종,10,2273,굴참나무,1
37.5558764,127.5817911,벌-재래종,4,2672,다래,1
37.6644484,128.4015336,벌-재래종,1,5633,생열귀나무,1
37.5631941,128.3127372,벌-재래종,2,7097,애기똥풀,1
37.5893415,127.4947634,벌-재래종,1,4310,붉나무,1
34.7347053,127.0449183,벌-재래종,1,4531,산검양옻나무,1
35.433975,127.6260086,벌-재래종,22,4575,산검양옻나무,1
37.5558764,127.5817911,벌-재래종,4,2672,다래,1
36.0226985,127.9082523,벌-재래종,8,139,갈참나무,1
36.0302856,127.9284691,벌-재래종,8,2063,굴참나무,1
35.433975,127.6260086,벌-재래종,42,4575,산검양옻나무,1
37.9993658,128.3250403,벌-재래종,3,7214,애기똥풀,1
35.354195,127.5896257,벌-재래종,1,788,개옻나무,1
38.0815097,127.4702373,벌-재래종,13,7225,애기똥풀,1
35.7169648,127.1893559,벌-재래종,30,3961,붉나무,1
35.1378377,128.5161745,벌-재래종,2,8737,초피나무,1
37.8624543,128.2199006,벌-재래종,12,2702,다래,1
37.9429407,127.4806675,벌-재래종,2,1886,광대싸리,1
37.497971,127.5050639,벌-재래종,1,3739,벼,1
38.0834935,128.4610259,벌-재래종,6,2725,다래,1
35.0735153,127.7475564,벌-재래종,16,8349,주름잎,1
37.3728454,128.4052788,벌-재래종,8,6574,아까시나무,1
35.5507352,127.4770543,벌-재래종,4,7891,졸참나무,1
36.4518737,129.4294626,벌-재래종,27,222,갈참나무,1
36.2063308,127.3890182,벌-재래종,1,167,갈참나무,1
36.4518737,129.4294626,벌-재래종,40,222,갈참나무,1
37.615778,127.772086,벌-재래종,2,1141,개옻나무,2
37.412114,128.2193256,벌-재래종,3,654,개다래,1
35.8167838,127.1984944,벌-재래종,20,2493,다래,1
35.0878407,127.6114145,벌-재래종,7,7452,족제비싸리,1
38.0834935,128.4610259,벌-재래종,12,2725,다래,1
37.3852166,128.3913906,벌-재래종,19,6574,아까시나무,1
37.3340143,128.3903643,벌-재래종,2,6574,아까시나무,1
37.5631941,128.3127372,벌-재래종,1,7097,애기똥풀,1
38.1219556,128.3101926,벌-재래종,7,2743,다래,1
37.3628576,128.4182448,벌-재래종,1,6574,아까시나무,1
37.6644484,128.4015336,벌-재래종,1,5633,생열귀나무,1
37.4498916,128.1823372,벌-재래종,8,6584,아까시나무,2
37.6634847,128.203636,벌-재래종,2,1836,광대싸리,1
37.4048732,128.1453026,벌-재래종,2,6584,아까시나무,2
37.4048732,128.1453026,벌-재래종,1,6584,아까시나무,2
37.9894237,128.116951,벌-재래종,1,1903,광대싸리,1
37.866666,128.3416211,벌-재래종,12,702,개다래,1
37.6644484,128.4015336,벌-재래종,1,5633,생열귀나무,1
37.0060873,128.9653695,벌-재래종,2,1707,광대싸리,1
36.0665695,127.3792702,벌-재래종,62,135,갈참나무,1
37.8624543,128.2199006,벌-재래종,1,2702,다래,1
38.1681838,128.1786506,벌-재래종,3,6151,신갈나무,1
38.1219556,128.3101926,벌-재래종,3,2743,다래,1
37.8624543,128.2199006,벌-재래종,1,2702,다래,1
37.6386536,128.5377634,벌-재래종,2,677,개다래,1
35.1934074,127.2851201,벌-재래종,1,7855,졸참나무,1
37.1225804,128.9502692,벌-재래종,2,632,개다래,1
37.7216909,127.722363,벌-재래종,2,4340,붉나무,1
37.2534286,128.726245,벌-재래종,5,1760,광대싸리,1
37.9220961,128.4038892,벌-재래종,13,703,개다래,1
37.6644484,128.4015336,벌-재래종,1,5633,생열귀나무,1
37.6644484,128.4015336,벌-재래종,3,5633,생열귀나무,1
37.4332607,128.143289,벌-재래종,4,6584,아까시나무,2
37.3162611,127.8333974,벌-재래종,13,4246,붉나무,1
35.3363846,127.9217038,벌-재래종,18,2008,굴참나무,1
35.2714721,127.8166414,벌-재래종,9,6733,애기똥풀,1
35.2714721,127.8166414,벌-재래종,5,6733,애기똥풀,1
35.121549,127.3677518,벌-재래종,1,65,갈참나무,1
37.3382632,127.9559957,벌-재래종,2,3079,떡갈나무,1
37.7120915,127.7440552,벌-재래종,3,4340,붉나무,1
36.9635809,127.9320017,벌-재래종,14,4143,붉나무,2
37.0572925,128.4364592,벌-재래종,6,611,개다래,1
35.6398854,127.3985765,벌-재래종,59,8383,주름잎,1
35.6398854,127.3985765,벌-재래종,1,8383,주름잎,1
37.3675393,128.1159262,벌-재래종,3,6584,아까시나무,2
37.5631941,128.3127372,벌-재래종,1,7097,애기똥풀,1
37.7142062,128.1824685,벌-재래종,1,1836,광대싸리,1
37.4048732,128.1453026,벌-재래종,1,6584,아까시나무,2
37.4021616,127.676899,벌-재래종,20,8182,졸참나무,1
38.1681838,128.1786506,벌-재래종,16,6151,신갈나무,1
37.6644484,128.4015336,벌-재래종,2,5633,생열귀나무,1
38.1922602,128.1994956,벌-재래종,1,2347,굴참나무,1
35.1849378,127.3547925,벌-재래종,4,65,갈참나무,1
36.0126583,127.8978469,벌-재래종,10,139,갈참나무,1
37.4048732,128.1453026,벌-재래종,1,6584,아까시나무,2
37.4615935,128.153439,벌-재래종,4,6584,아까시나무,2
37.7953885,128.0466435,벌-재래종,27,6639,아까시나무,1
37.4615935,128.153439,벌-재래종,3,6584,아까시나무,2
37.4048732,128.1453026,벌-재래종,2,6584,아까시나무,2
36.6679285,128.5584835,벌-재래종,2,234,갈참나무,1
37.6118996,128.3758853,벌-재래종,2,5633,생열귀나무,1
37.6361022,128.3700029,벌-재래종,3,5633,생열귀나무,1
35.2037356,127.3675408,벌-재래종,1,6728,애기똥풀,1
38.0466608,128.3851271,벌-재래종,5,7214,애기똥풀,1
37.6361022,128.3700029,벌-재래종,2,5633,생열귀나무,1
38.0466608,128.3851271,벌-재래종,4,7214,애기똥풀,1
37.8258631,128.0921497,벌-재래종,4,1167,개옻나무,1
35.8167838,127.1984944,벌-재래종,9,2493,다래,1
36.3462323,127.9202627,벌-재래종,6,2925,떡갈나무,1
37.6037604,128.3210882,벌-재래종,2,2296,굴참나무,1
37.5631941,128.3127372,벌-재래종,2,7097,애기똥풀,1
37.6814752,127.6318406,벌-재래종,10,2685,다래,1
37.0060873,128.9653695,벌-재래종,2,1707,광대싸리,1
36.9786453,128.85124,벌-재래종,3,1705,광대싸리,1
38.5393784,128.3767215,벌-재래종,20,6708,아까시나무,1
35.1223615,126.6091503,벌-재래종,1,6245,아까시나무,1
37.6644484,128.4015336,벌-재래종,2,5633,생열귀나무,1
34.7347053,127.0449183,벌-재래종,1,4531,산검양옻나무,1
36.4518737,129.4294626,벌-재래종,20,222,갈참나무,1
35.3897255,127.829636,벌-재래종,5,8366,주름잎,1
35.4412163,127.4091203,벌-재래종,1,3934,붉나무,1
37.017043,128.8162766,벌-재래종,1,951,개옻나무,1
37.2534286,128.726245,벌-재래종,3,1760,광대싸리,1
37.4498916,128.1823372,벌-재래종,1,6584,아까시나무,2
35.2714721,127.8166414,벌-재래종,38,6733,애기똥풀,1
35.1757137,127.3359261,벌-재래종,1,65,갈참나무,1
35.121549,127.3677518,벌-재래종,7,65,갈참나무,1
35.1378377,128.5161745,벌-재래종,1,8737,초피나무,1
34.9964708,127.0719319,벌-재래종,1,6717,애기똥풀,1
36.2136951,129.0125484,벌-재래종,3,5774,신갈나무,1
35.0119675,127.0777038,벌-재래종,1,6717,애기똥풀,1
35.0807573,127.087375,벌-재래종,1,7847,졸참나무,1
35.0119675,127.0777038,벌-재래종,7,6717,애기똥풀,1
37.694464,128.2708307,벌-재래종,2,678,개다래,1
37.4498916,128.1823372,벌-재래종,3,6584,아까시나무,2
37.1890654,129.0362358,벌-재래종,50,1411,고욤나무,1
37.6814752,127.6318406,벌-재래종,20,2685,다래,1
36.9002638,128.1552132,벌-재래종,3,1704,광대싸리,1
36.4762887,129.1340697,벌-재래종,2,2536,다래,1
36.4785066,129.1679121,벌-재래종,50,2536,다래,1
37.258505,128.8253618,벌-재래종,5,643,개다래,1
34.9811271,127.0915996,벌-재래종,1,8719,초피나무,1
34.9964708,127.0719319,벌-재래종,1,6717,애기똥풀,1
36.7659693,127.7038728,벌-재래종,5,6448,아까시나무,1
36.9786453,128.85124,벌-재래종,6,1705,광대싸리,1
37.6644484,128.4015336,벌-재래종,2,5633,생열귀나무,1
37.6644484,128.4015336,벌-재래종,2,5633,생열귀나무,1
38.1681838,128.1786506,벌-재래종,2,6151,신갈나무,1
35.1556824,127.2116211,벌-재래종,4,6725,애기똥풀,1
35.7169648,127.1893559,벌-재래종,12,3961,붉나무,1
36.9781712,128.9144704,벌-재래종,8,942,개옻나무,1
37.3352646,128.6022225,벌-재래종,2,4249,붉나무,1
35.2344191,127.2867937,벌-재래종,2,1992,굴참나무,1
35.2344191,127.2867937,벌-재래종,3,1992,굴참나무,1
35.1556824,127.2116211,벌-재래종,7,6725,애기똥풀,1
34.7026119,127.1659258,벌-재래종,1,1474,광대싸리,1
35.1998713,127.4104679,벌-재래종,1,7459,족제비싸리,1
35.1998713,127.4104679,벌-재래종,1,7459,족제비싸리,1
35.1986439,127.4529926,벌-재래종,1,7459,족제비싸리,1
34.7015684,127.0514942,벌-재래종,1,1471,광대싸리,1
36.9781712,128.9144704,벌-재래종,4,942,개옻나무,1
37.4381764,128.2000497,벌-재래종,2,7073,애기똥풀,1
35.121549,127.3677518,벌-재래종,2,65,갈참나무,1
36.9786453,128.85124,벌-재래종,4,1705,광대싸리,1
36.6583598,128.8915154,벌-재래종,1,3440,밤나무,1
37.017043,128.8162766,벌-재래종,2,951,개옻나무,1
37.245738,129.0698695,벌-재래종,7,1416,고욤나무,1
36.4838784,126.7898453,벌-재래종,15,5493,상수리나무,1
37.7142062,128.1824685,벌-재래종,2,1836,광대싸리,1
35.121549,127.3677518,벌-재래종,30,65,갈참나무,1
37.6644484,128.4015336,벌-재래종,1,5633,생열귀나무,1
38.0466608,128.3851271,벌-재래종,2,7214,애기똥풀,1
35.2513297,127.3842655,벌-재래종,1,7459,족제비싸리,1
34.9624053,127.5650821,벌-재래종,1,7452,족제비싸리,1
37.7142062,128.1824685,벌-재래종,3,1836,광대싸리,1
38.0466608,128.3851271,벌-재래종,1,7214,애기똥풀,1
35.1934074,127.2851201,벌-재래종,2,7855,졸참나무,1
35.1934074,127.2851201,벌-재래종,4,7855,졸참나무,1
36.7047911,128.8286576,벌-재래종,4,3440,밤나무,1
36.9786453,128.85124,벌-재래종,1,1705,광대싸리,1
38.0466608,128.3851271,벌-재래종,4,7214,애기똥풀,1
35.1934074,127.2851201,벌-재래종,3,7855,졸참나무,1
38.0466608,128.3851271,벌-재래종,2,7214,애기똥풀,1
36.4785066,129.1679121,벌-재래종,50,2536,다래,1
36.9225014,128.1364956,벌-재래종,19,1704,광대싸리,1
37.017043,128.8162766,벌-재래종,1,951,개옻나무,1
36.2136951,129.0125484,벌-재래종,1,5774,신갈나무,1
36.6966455,128.969731,벌-재래종,5,8855,초피나무,1
36.2136951,129.0125484,벌-재래종,1,5774,신갈나무,1
35.1934074,127.2851201,벌-재래종,15,7855,졸참나무,1
38.0466608,128.3851271,벌-재래종,2,7214,애기똥풀,1
38.1453645,128.1335981,벌-재래종,1,730,개다래,1
35.1556824,127.2116211,벌-재래종,1,6725,애기똥풀,1
38.0466608,128.3851271,벌-재래종,1,7214,애기똥풀,1
37.7120915,127.7440552,벌-재래종,6,4340,붉나무,1
35.0317078,127.5730566,벌-재래종,7,7452,족제비싸리,1
35.4797722,127.698092,벌-재래종,5,6742,애기똥풀,1
35.1556824,127.2116211,벌-재래종,2,6725,애기똥풀,1
37.6078802,127.7290553,벌-재래종,1,5218,산초나무,3
37.4498916,128.1823372,벌-재래종,1,6584,아까시나무,2
35.0795439,126.5604999,벌-재래종,12,6245,아까시나무,1
37.017043,128.8162766,벌-재래종,3,951,개옻나무,1
37.017043,128.8162766,벌-재래종,8,951,개옻나무,1
37.704929,127.8953907,벌-재래종,5,3659,밤나무,2
37.6634847,128.203636,벌-재래종,4,1836,광대싸리,1
37.7120915,127.7440552,벌-재래종,21,4340,붉나무,1
35.4797722,127.698092,벌-재래종,5,6742,애기똥풀,1
36.9405735,127.855825,벌-재래종,5,8492,주름잎,1
35.1474739,127.3627599,벌-재래종,18,65,갈참나무,1
37.6078802,127.7290553,벌-재래종,2,5218,산초나무,3
37.2082712,129.2480702,벌-재래종,6,8872,초피나무,1
36.6966455,128.969731,벌-재래종,4,8855,초피나무,1
37.6078802,127.7290553,벌-재래종,7,5218,산초나무,3
37.7142062,128.1824685,벌-재래종,9,1836,광대싸리,1
37.7142062,128.1824685,벌-재래종,2,1836,광대싸리,1
37.7267059,126.9116461,벌-재래종,8,5246,산초나무,1
34.9992997,126.6187141,벌-재래종,1,1505,광대싸리,1
35.0887865,126.5205687,벌-재래종,3,1256,고욤나무,1
35.0887865,126.5205687,벌-재래종,2,1256,고욤나무,1
35.0988227,126.6579998,벌-재래종,1,6246,아까시나무,1
35.0887865,126.5205687,벌-재래종,1,1256,고욤나무,1
37.7216909,127.722363,벌-재래종,5,4340,붉나무,1
37.7142062,128.1824685,벌-재래종,4,1836,광대싸리,1
37.3619937,128.3598571,벌-재래종,3,6574,아까시나무,1
37.3728454,128.4052788,벌-재래종,4,6574,아까시나무,1
37.3619937,128.3598571,벌-재래종,9,6574,아까시나무,1
37.4048732,128.1453026,벌-재래종,1,6584,아까시나무,2
37.4615935,128.153439,벌-재래종,1,6584,아까시나무,2
36.7806849,127.2953255,벌-재래종,2,929,개옻나무,1
37.3728454,128.4052788,벌-재래종,8,6574,아까시나무,1
36.7806849,127.2953255,벌-재래종,3,929,개옻나무,1
36.2945638,129.0464878,벌-재래종,1,7544,족제비싸리,1
35.2343442,128.8318904,벌-재래종,5,7859,졸참나무,1
37.7370004,127.4190182,벌-재래종,1,5236,산초나무,1
35.1957011,128.4999975,벌-재래종,1,8737,초피나무,1
35.4797722,127.698092,벌-재래종,4,6742,애기똥풀,1
35.61436,127.2851097,벌-재래종,8,100,갈참나무,1
34.9128619,126.6420286,벌-재래종,1,7444,족제비싸리,1
35.1268935,126.569878,벌-재래종,1,6245,아까시나무,1
37.0953283,127.1832377,벌-재래종,3,6474,아까시나무,1
37.7307329,127.1373616,벌-재래종,2,6633,아까시나무,1
37.4021616,127.676899,벌-재래종,12,8182,졸참나무,1
34.6023284,127.4256431,벌-재래종,1,6190,아까시나무,1
36.8320043,127.7337388,벌-재래종,11,4115,붉나무,1
36.689657,128.064647,벌-재래종,2,594,개다래,1
33.4545419,126.3563016,벌-재래종,2,8276,종가시나무,1
37.8560252,127.8469846,벌-재래종,31,706,개다래,1
37.949804,126.8874703,벌-재래종,2,5296,산초나무,1
35.6016867,127.1755408,벌-재래종,1,100,갈참나무,1
35.4151198,127.7807653,벌-재래종,8,2475,다래,1
35.5749948,127.3247378,벌-재래종,68,100,갈참나무,1
35.2406252,126.746821,벌-재래종,8,4563,산검양옻나무,1
36.3616331,128.7962705,벌-재래종,2,2535,다래,1
37.5319136,129.0996014,벌-재래종,36,2646,다래,1
35.7555413,127.0893369,벌-재래종,7,3967,붉나무,1
35.8703189,127.2653376,벌-재래종,110,2051,굴참나무,1
35.302315,126.9461278,벌-재래종,1,562,개다래,1
36.4016276,128.8287914,벌-재래종,3,7397,유채,1
35.4151198,127.7807653,벌-재래종,3,2475,다래,1
33.3064679,126.4426404,벌-재래종,5,3754,붉가시나무,1
37.7652984,126.7859757,벌-재래종,7,404,갈참나무,1
36.7047911,128.8286576,벌-재래종,3,3440,밤나무,1
37.8213525,127.4368324,벌-재래종,4,1172,개옻나무,1
35.61436,127.2851097,벌-재래종,1,100,갈참나무,1
36.9694817,128.7708492,벌-재래종,4,3006,떡갈나무,1
36.6966455,128.969731,벌-재래종,4,8855,초피나무,1
36.9256095,128.9603713,벌-재래종,7,3004,떡갈나무,1
36.6393275,128.5140897,벌-재래종,1,234,갈참나무,1
35.5749948,127.3247378,벌-재래종,54,100,갈참나무,1
35.4176317,127.546666,벌-재래종,3,788,개옻나무,1
35.6414668,127.201126,벌-재래종,90,3961,붉나무,1
36.3321473,128.8067483,벌-재래종,6,2535,다래,1
36.3387497,127.5502399,벌-재래종,40,4908,산초나무,1
36.3321473,128.8067483,벌-재래종,6,2535,다래,1
35.3999107,127.5958244,벌-재래종,3,475,감나무,1
37.4472938,127.6700914,벌-재래종,3,7070,애기똥풀,1
35.6010073,126.4997293,벌-재래종,9,8370,주름잎,1
37.497971,127.5050639,벌-재래종,3,3739,벼,1
37.9763688,128.0820625,벌-재래종,10,1903,광대싸리,1
37.5914038,127.2168206,벌-재래종,29,535,감나무,1
36.9844958,127.8472485,벌-재래종,7,8492,주름잎,1
36.9395486,128.7902001,벌-재래종,40,3006,떡갈나무,1
36.9786453,128.85124,벌-재래종,28,1705,광대싸리,1
37.296082,129.1155653,벌-재래종,18,1416,고욤나무,1
37.5430033,127.2926447,벌-재래종,1,3625,밤나무,1
36.795644,127.8382474,벌-재래종,7,233,갈참나무,1
37.357463,128.6897039,벌-재래종,4,7664,족제비싸리,1
37.5939121,128.5844613,벌-재래종,3,1822,광대싸리,1
37.4823024,127.5245592,벌-재래종,1,3739,벼,1
34.3835699,126.5660443,벌-재래종,31,2774,떡갈나무,2
37.3628576,128.4182448,벌-재래종,5,6574,아까시나무,1
34.8250192,127.2664881,벌-재래종,1,6221,아까시나무,1
35.6414668,127.201126,벌-재래종,150,3961,붉나무,1
35.3550719,126.9948641,벌-재래종,1,562,개다래,1
37.5914038,127.2168206,벌-재래종,6,535,감나무,1
36.9635809,127.9320017,벌-재래종,3,4143,붉나무,2
35.891691,127.3976681,벌-재래종,8,3359,밤나무,1
37.2775872,128.0831466,벌-재래종,3,1056,개옻나무,1
35.1077764,127.2000409,벌-재래종,30,7847,졸참나무,1
36.737561,127.8549567,벌-재래종,4,233,갈참나무,1
37.0175465,127.7047799,벌-재래종,30,262,갈참나무,2
36.737561,127.8549567,벌-재래종,3,233,갈참나무,1
36.795644,127.8382474,벌-재래종,2,233,갈참나무,1
37.3625666,128.5877391,벌-재래종,11,5974,신갈나무,1
36.4628137,128.4016703,벌-재래종,9,211,갈참나무,1
36.8109986,126.393996,벌-재래종,1,4973,산초나무,2
37.8764886,128.0984423,벌-재래종,6,2322,굴참나무,1
36.3683863,128.0369352,벌-재래종,1,178,갈참나무,1
37.9429407,127.4806675,벌-재래종,7,1886,광대싸리,1
35.6028238,127.4073324,벌-재래종,5,8383,주름잎,1
37.2816624,128.0198556,벌-재래종,5,7002,애기똥풀,1
37.5048669,128.4671105,벌-재래종,5,665,개다래,1
37.497971,127.5050639,벌-재래종,2,3739,벼,1
37.0186463,128.8734902,벌-재래종,6,2170,굴참나무,1
36.8004842,128.7944095,벌-재래종,13,7574,족제비싸리,1
37.3905072,128.7218619,벌-재래종,12,7664,족제비싸리,1
37.8213525,127.4368324,벌-재래종,2,1172,개옻나무,1
36.795644,127.8382474,벌-재래종,3,233,갈참나무,1
36.9796571,128.3675653,벌-재래종,5,5000,산초나무,1
36.3351104,128.9174135,벌-재래종,8,5774,신갈나무,1
36.3735292,128.9007835,벌-재래종,22,7397,유채,1
35.7169648,127.1893559,벌-재래종,140,3961,붉나무,1
36.9395457,127.997495,벌-재래종,360,4143,붉나무,2
35.6094674,127.1158277,벌-재래종,178,100,갈참나무,1
37.4823024,127.5245592,벌-재래종,2,3739,벼,1
35.354195,127.5896257,벌-재래종,1,788,개옻나무,1
35.4920078,128.3249929,벌-재래종,1,8373,주름잎,1
37.2333707,128.9569401,벌-재래종,36,3080,떡갈나무,1
35.4920078,128.3249929,벌-재래종,1,8373,주름잎,1
35.4920078,128.3249929,벌-재래종,1,8373,주름잎,1
34.7252595,127.3394142,벌-재래종,8,28,갈참나무,2
34.7026119,127.1659258,벌-재래종,70,1474,광대싸리,1
37.7594062,128.5710184,벌-재래종,2,1152,개옻나무,1
37.6760295,128.0480344,벌-재래종,6,8550,주름잎,1
37.6386536,128.5377634,벌-재래종,6,677,개다래,1
37.743516,127.3173939,벌-재래종,1,399,갈참나무,1
37.9429407,127.4806675,벌-재래종,4,1886,광대싸리,1
36.6393275,128.5140897,벌-재래종,3,234,갈참나무,1
36.3371588,127.8960781,벌-재래종,1,6867,애기똥풀,1
37.5779448,128.5344673,벌-재래종,5,2658,다래,1
37.346617,128.368184,벌-재래종,4,6574,아까시나무,1
36.9454457,128.0250168,벌-재래종,5,4143,붉나무,2
35.8877503,129.4453564,벌-재래종,1,8803,초피나무,1
37.5819651,128.7568297,벌-재래종,20,1119,개옻나무,1
37.3483037,129.0349719,벌-재래종,5,2641,다래,1
36.9781712,128.9144704,벌-재래종,2,942,개옻나무,1
35.6232241,127.3953874,벌-재래종,16,8383,주름잎,1
35.2979526,126.9007776,벌-재래종,1,562,개다래,1
37.2534286,128.726245,벌-재래종,12,1760,광대싸리,1
35.8684845,129.2166885,벌-재래종,1,6784,애기똥풀,1
37.4472938,127.6700914,벌-재래종,15,7070,애기똥풀,1
35.5887415,127.2112125,벌-재래종,126,100,갈참나무,1
37.4823024,127.5245592,벌-재래종,2,3739,벼,1
36.8484432,127.9865342,벌-재래종,1,7267,옻나무,1
37.5631941,128.3127372,벌-재래종,5,7097,애기똥풀,1
36.8004842,128.7944095,벌-재래종,10,7574,족제비싸리,1
36.795644,127.8382474,벌-재래종,3,233,갈참나무,1
37.7356068,128.2378592,벌-재래종,4,3666,밤나무,1
37.5794647,127.8659411,벌-재래종,13,3659,밤나무,2
37.5048669,128.4671105,벌-재래종,10,665,개다래,1
38.1453645,128.1335981,벌-재래종,5,730,개다래,1
35.7555413,127.0893369,벌-재래종,10,3967,붉나무,1
36.6166367,128.2654241,벌-재래종,1,2364,누운주름잎,1
36.6166367,128.2654241,벌-재래종,1,2364,누운주름잎,1
38.0402742,128.0432435,벌-재래종,9,726,개다래,1
37.5531992,128.4677279,벌-재래종,3,665,개다래,1
36.6679285,128.5584835,벌-재래종,5,234,갈참나무,1
35.6232241,127.3953874,벌-재래종,14,8383,주름잎,1
37.4856113,127.8890489,벌-재래종,6,4246,붉나무,1
35.4151198,127.7807653,벌-재래종,9,2475,다래,1
37.8107051,128.2724166,벌-재래종,13,7170,애기똥풀,1
37.3910274,128.9927715,벌-재래종,10,1093,개옻나무,1
37.7965324,127.7787099,벌-재래종,5,4380,붉나무,1
36.7877626,129.2030091,벌-재래종,2,596,개다래,1
35.4259901,127.3648432,벌-재래종,22,1267,고욤나무,1
37.9763688,128.0820625,벌-재래종,2,1903,광대싸리,1
37.7183936,127.5757485,벌-재래종,2,2688,다래,1
38.1453645,128.1335981,벌-재래종,15,730,개다래,1
35.485308,127.5426539,벌-재래종,2,2018,굴참나무,1
36.0302856,127.9284691,벌-재래종,2,2063,굴참나무,1
35.1077764,127.2000409,벌-재래종,16,7847,졸참나무,1
37.5779448,128.5344673,벌-재래종,8,2658,다래,1
37.7120915,127.7440552,벌-재래종,10,4340,붉나무,1
36.7516478,126.9660455,벌-재래종,1,5513,상수리나무,1
37.6343265,126.3988995,벌-재래종,2,6054,신갈나무,1
35.6414668,127.201126,벌-재래종,200,3961,붉나무,1
37.0060873,128.9653695,벌-재래종,3,1707,광대싸리,1
35.9454491,127.3208264,벌-재래종,20,484,감나무,1
35.8975893,127.3115218,벌-재래종,20,2051,굴참나무,1
35.4142743,127.3487711,벌-재래종,25,1267,고욤나무,1
37.6037604,128.3210882,벌-재래종,3,2296,굴참나무,1
37.6644632,127.6998828,벌-재래종,13,1141,개옻나무,2
35.6030592,127.596053,벌-재래종,10,568,개다래,1
35.822442,127.344502,벌-재래종,33,3970,붉나무,1
37.5019304,128.7080385,벌-재래종,4,2650,다래,1
37.6361022,128.3700029,벌-재래종,3,5633,생열귀나무,1
37.017043,128.8162766,벌-재래종,4,951,개옻나무,1
36.9576622,127.2127404,벌-재래종,1,4995,산초나무,2
35.354195,127.5896257,벌-재래종,2,788,개옻나무,1
37.763285,127.5286119,벌-재래종,2,1156,개옻나무,1
36.8484432,127.9865342,벌-재래종,2,7267,옻나무,1
34.3748605,126.6614699,벌-재래종,17,3819,붉나무,1
36.4518737,129.4294626,벌-재래종,50,222,갈참나무,1
37.1778476,128.7549387,벌-재래종,3,6535,아까시나무,1
35.354195,127.5896257,벌-재래종,6,788,개옻나무,1
35.8134957,127.2866581,벌-재래종,45,2493,다래,1
37.8764886,128.0984423,벌-재래종,6,2322,굴참나무,1
37.9429407,127.4806675,벌-재래종,6,1886,광대싸리,1
37.6685086,127.4860673,벌-재래종,2,3649,밤나무,1
37.6617845,127.5291954,벌-재래종,5,2672,다래,1
35.6269529,129.2847549,벌-재래종,1,108,갈참나무,1
36.8992222,128.4537971,벌-재래종,2,234,갈참나무,1
35.6232241,127.3953874,벌-재래종,20,8383,주름잎,1
34.4722055,127.2029507,벌-재래종,42,2777,떡갈나무,1
35.354195,127.5896257,벌-재래종,2,788,개옻나무,1
36.3125036,126.6942481,벌-재래종,1,4588,산검양옻나무,1
36.1607314,127.8561939,벌-재래종,30,866,개옻나무,1
36.0501173,128.589178,벌-재래종,2,1318,고욤나무,1
36.0501173,128.589178,벌-재래종,2,1318,고욤나무,1
37.7803639,127.9135629,벌-재래종,6,682,개다래,4
35.6019213,127.1434343,벌-재래종,140,100,갈참나무,1
37.7952538,127.637333,벌-재래종,5,6647,아까시나무,1
37.5893415,127.4947634,벌-재래종,2,4310,붉나무,1
34.3886384,126.673364,벌-재래종,10,3819,붉나무,1
37.866666,128.3416211,벌-재래종,12,702,개다래,1
37.43714,127.4569735,벌-재래종,2,2267,굴참나무,1
36.0302856,127.9284691,벌-재래종,1,2063,굴참나무,1
36.6211096,128.1016145,벌-재래종,10,2137,굴참나무,1
35.891691,127.3976681,벌-재래종,22,3359,밤나무,1
36.9694817,128.7708492,벌-재래종,3,3006,떡갈나무,1
35.9718139,127.4414868,벌-재래종,1,6333,아까시나무,1
34.810344,127.0284393,벌-재래종,61,6216,아까시나무,1
37.5893415,127.4947634,벌-재래종,3,4310,붉나무,1
37.3264572,127.8461587,벌-재래종,30,4246,붉나무,1
36.6211096,128.1016145,벌-재래종,3,2137,굴참나무,1
35.4402894,127.4044142,벌-재래종,1,3934,붉나무,1
37.1981957,127.3366783,벌-재래종,2,7638,족제비싸리,1
37.7803639,127.9135629,벌-재래종,14,682,개다래,4
36.9694817,128.7708492,벌-재래종,4,3006,떡갈나무,1
36.3616331,128.7962705,벌-재래종,2,2535,다래,1
36.9576622,127.2127404,벌-재래종,1,4995,산초나무,2
37.0529246,128.2095856,벌-재래종,1,5555,상수리나무,1
36.795644,127.8382474,벌-재래종,2,233,갈참나무,1
35.0380394,126.9087248,벌-재래종,40,59,갈참나무,1
36.8992222,128.4537971,벌-재래종,7,234,갈참나무,1
35.6019213,127.1434343,벌-재래종,27,100,갈참나무,1
38.1759283,127.5417197,벌-재래종,5,7225,애기똥풀,1
38.1759283,127.5417197,벌-재래종,15,7225,애기똥풀,1
38.0777327,127.519277,벌-재래종,1,6137,신갈나무,1
34.8849014,127.3922504,벌-재래종,3,4547,산검양옻나무,1
37.8862401,127.2168372,벌-재래종,3,7181,애기똥풀,1
35.7070291,127.1532238,벌-재래종,15,3961,붉나무,1
35.6232241,127.3953874,벌-재래종,15,8383,주름잎,1
35.6565243,129.1392355,벌-재래종,1,109,갈참나무,1
35.5118111,129.0765389,벌-재래종,1,96,갈참나무,1
38.0466608,128.3851271,벌-재래종,5,7214,애기똥풀,1
37.8811169,127.5245739,벌-재래종,1,7722,족제비싸리,1
35.6990304,127.590711,벌-재래종,1,3965,붉나무,1
37.7228102,127.8432939,벌-재래종,7,681,개다래,4
37.6654255,127.5054068,벌-재래종,5,2672,다래,1
37.4684441,128.2208537,벌-재래종,72,1804,광대싸리,1
38.1886627,128.3651816,벌-재래종,11,7236,애기똥풀,1
36.5763417,128.8070598,벌-재래종,6,3440,밤나무,1
36.5475881,128.5452575,벌-재래종,73,3427,밤나무,1
37.0161648,128.7315613,벌-재래종,2,3006,떡갈나무,1
38.0599182,127.553534,벌-재래종,9,6137,신갈나무,1
37.8594804,127.7837564,벌-재래종,6,8570,주름잎,1
35.0611343,128.4556496,벌-재래종,13,770,개옻나무,1
37.3116906,127.3799627,벌-재래종,3,5962,신갈나무,1
35.0237325,128.0824143,벌-재래종,1,58,갈참나무,1
35.354195,127.5896257,벌-재래종,4,788,개옻나무,1
36.9833588,127.2304655,벌-재래종,1,1371,고욤나무,2
37.6814752,127.6318406,벌-재래종,50,2685,다래,1
37.8228476,127.9549594,벌-재래종,6,682,개다래,4
36.7047911,128.8286576,벌-재래종,1,3440,밤나무,1
36.4034175,129.0243083,벌-재래종,1,1662,광대싸리,1
37.5710458,127.6416006,벌-재래종,4,2299,굴참나무,3
37.8764886,128.0984423,벌-재래종,12,2322,굴참나무,1
37.2534286,128.726245,벌-재래종,1,1760,광대싸리,1
37.9763688,128.0820625,벌-재래종,2,1903,광대싸리,1
36.0840588,128.4993854,벌-재래종,8,1597,광대싸리,1
35.6232241,127.3953874,벌-재래종,10,8383,주름잎,1
37.6426333,127.8650768,벌-재래종,2,3659,밤나무,2
35.6010073,126.4997293,벌-재래종,3,8370,주름잎,1
34.3617495,126.6617565,벌-재래종,1,3819,붉나무,1
37.2882089,127.8796149,벌-재래종,1,3079,떡갈나무,1
37.4933412,127.8543931,벌-재래종,2,7070,애기똥풀,1
35.2053772,128.1165386,벌-재래종,55,7455,족제비싸리,1
35.4613511,127.7911938,벌-재래종,2,6741,애기똥풀,1
35.6835943,126.674112,벌-재래종,1,1284,고욤나무,1
37.2775872,128.0831466,벌-재래종,5,1056,개옻나무,1
37.694464,128.2708307,벌-재래종,18,678,개다래,1
37.3116906,127.3799627,벌-재래종,2,5962,신갈나무,1
37.7267059,126.9116461,벌-재래종,3,5246,산초나무,1
35.1077764,127.2000409,벌-재래종,20,7847,졸참나무,1
35.2938097,127.9227657,벌-재래종,96,2008,굴참나무,1
36.929005,127.9105637,벌-재래종,1,4143,붉나무,2
38.1759283,127.5417197,벌-재래종,20,7225,애기똥풀,1
38.1759283,127.5417197,벌-재래종,4,7225,애기똥풀,1
38.0777327,127.519277,벌-재래종,35,6137,신갈나무,1
38.1759283,127.5417197,벌-재래종,2,7225,애기똥풀,1
38.1759283,127.5417197,벌-재래종,17,7225,애기똥풀,1
38.1759283,127.5417197,벌-재래종,15,7225,애기똥풀,1
38.1759283,127.5417197,벌-재래종,14,7225,애기똥풀,1
37.2775872,128.0831466,벌-재래종,7,1056,개옻나무,1
37.8598438,128.1293578,벌-재래종,2,2322,굴참나무,1
35.4151198,127.7807653,벌-재래종,5,2475,다래,1
37.2520769,128.7817425,벌-재래종,4,1768,광대싸리,1
35.4114491,127.382667,벌-재래종,20,1267,고욤나무,1
36.9691539,127.9232858,벌-재래종,6,4143,붉나무,2
35.0146387,127.6844058,벌-재래종,12,50,갈참나무,1
37.9429407,127.4806675,벌-재래종,2,1886,광대싸리,1
37.9429407,127.4806675,벌-재래종,6,1886,광대싸리,1
36.8484432,127.9865342,벌-재래종,1,7267,옻나무,1
34.9918255,127.1324743,벌-재래종,15,8717,초피나무,1
34.9908486,126.9213478,벌-재래종,30,59,갈참나무,1
37.2775872,128.0831466,벌-재래종,2,1056,개옻나무,1
37.2775872,128.0831466,벌-재래종,2,1056,개옻나무,1
36.9448146,128.9381286,벌-재래종,8,3004,떡갈나무,1
35.6490244,128.8541177,벌-재래종,3,6754,애기똥풀,1
35.8703189,127.2653376,벌-재래종,30,2051,굴참나무,1
37.6418514,127.6530618,벌-재래종,7,2685,다래,1
37.9872585,128.6295139,벌-재래종,13,2332,굴참나무,1
36.8992222,128.4537971,벌-재래종,8,234,갈참나무,1
37.7524819,127.437941,벌-재래종,1,5236,산초나무,1
36.9691539,127.9232858,벌-재래종,13,4143,붉나무,2
38.117962,127.0473841,벌-재래종,17,7226,애기똥풀,1
37.6518777,127.74339,벌-재래종,35,1141,개옻나무,2
36.4616321,128.9410712,벌-재래종,18,7397,유채,1
37.6535569,127.3319806,벌-재래종,2,382,갈참나무,1
35.485308,127.5426539,벌-재래종,4,2018,굴참나무,1
37.9429407,127.4806675,벌-재래종,1,1886,광대싸리,1
37.9429407,127.4806675,벌-재래종,1,1886,광대싸리,1
35.354195,127.5896257,벌-재래종,18,788,개옻나무,1
37.8740024,127.909936,벌-재래종,10,706,개다래,1
37.7610572,127.9813129,벌-재래종,21,682,개다래,4
37.3728454,128.4052788,벌-재래종,7,6574,아까시나무,1
36.6211096,128.1016145,벌-재래종,2,2137,굴참나무,1
37.8229473,128.121852,벌-재래종,5,1167,개옻나무,1
37.7770615,128.0156889,벌-재래종,2,8550,주름잎,1
37.8764886,128.0984423,벌-재래종,32,2322,굴참나무,1
37.8228476,127.9549594,벌-재래종,4,682,개다래,4
37.6147161,127.8863288,벌-재래종,9,3659,밤나무,2
37.9894237,128.116951,벌-재래종,1,1903,광대싸리,1
38.0771327,128.1436063,벌-재래종,4,539,감나무,1
35.8134957,127.2866581,벌-재래종,60,2493,다래,1
36.9395486,128.7902001,벌-재래종,3,3006,떡갈나무,1
37.8107051,128.2724166,벌-재래종,7,7170,애기똥풀,1
35.4412163,127.4091203,벌-재래종,12,3934,붉나무,1
35.1813263,127.173433,벌-재래종,51,556,개다래,1
35.0117982,126.8818047,벌-재래종,50,59,갈참나무,1
35.6745167,127.2863785,벌-재래종,50,3961,붉나무,1
38.1759283,127.5417197,벌-재래종,3,7225,애기똥풀,1
38.1759283,127.5417197,벌-재래종,1,7225,애기똥풀,1
38.0777327,127.519277,벌-재래종,11,6137,신갈나무,1
37.4573003,127.893469,벌-재래종,30,4246,붉나무,1
37.7492272,127.9215469,벌-재래종,6,682,개다래,4
35.0146387,127.6844058,벌-재래종,3,50,갈참나무,1
35.6990304,127.590711,벌-재래종,1,3965,붉나무,1
35.7401886,127.4294129,벌-재래종,1,5438,상수리나무,1
36.9691539,127.9232858,벌-재래종,8,4143,붉나무,2
37.5365529,128.2296884,벌-재래종,2,670,개다래,1
36.6393275,128.5140897,벌-재래종,7,234,갈참나무,1
36.8992222,128.4537971,벌-재래종,6,234,갈참나무,1
37.6437711,127.9527749,벌-재래종,5,4321,붉나무,1
37.6324523,127.7520913,벌-재래종,20,1141,개옻나무,2
37.7142062,128.1824685,벌-재래종,5,1836,광대싸리,1
37.6011843,128.2265769,벌-재래종,6,670,개다래,1
37.0161648,128.7315613,벌-재래종,7,3006,떡갈나무,1
35.9128626,129.4499391,벌-재래종,5,8803,초피나무,1
35.0182672,128.4765665,벌-재래종,30,5667,신갈나무,1
37.7594062,128.5710184,벌-재래종,1,1152,개옻나무,1
35.0878407,127.6114145,벌-재래종,11,7452,족제비싸리,1
35.0389006,126.9988465,벌-재래종,64,6717,애기똥풀,1
37.9763688,128.0820625,벌-재래종,4,1903,광대싸리,1
38.1219556,128.3101926,벌-재래종,4,2743,다래,1
38.1219556,128.3101926,벌-재래종,1,2743,다래,1
37.6617845,127.5291954,벌-재래종,9,2672,다래,1
37.5893415,127.4947634,벌-재래종,1,4310,붉나무,1
37.656916,127.6122255,벌-재래종,8,2685,다래,1
37.6011843,128.2265769,벌-재래종,2,670,개다래,1
36.8203575,128.6044862,벌-재래종,85,234,갈참나무,1
37.5416012,127.4258645,벌-재래종,15,1815,광대싸리,1
37.4250014,128.2967109,벌-재래종,1,652,개다래,1
35.1077764,127.2000409,벌-재래종,10,7847,졸참나무,1
35.6501248,128.7060644,벌-재래종,3,3328,밤나무,1
38.1323492,128.2292072,벌-재래종,2,1200,개옻나무,1
38.05014,128.5452484,벌-재래종,7,2725,다래,1
35.891691,127.3976681,벌-재래종,2,3359,밤나무,1
38.0497615,127.5950284,벌-재래종,3,2727,다래,1
38.0777327,127.519277,벌-재래종,7,6137,신갈나무,1
35.2343442,128.8318904,벌-재래종,2,7859,졸참나무,1
38.0087006,128.1617215,벌-재래종,1,6131,신갈나무,1
36.3735292,128.9007835,벌-재래종,2,7397,유채,1
37.6644632,127.6998828,벌-재래종,2,1141,개옻나무,2
37.6995714,127.8821936,벌-재래종,5,3659,밤나무,2
36.6583598,128.8915154,벌-재래종,44,3440,밤나무,1
37.7979718,126.3953013,벌-재래종,10,402,갈참나무,1
35.1957011,128.4999975,벌-재래종,12,8737,초피나무,1
38.0412339,127.0393313,벌-재래종,7,6114,신갈나무,1
36.9635809,127.9320017,벌-재래종,20,4143,붉나무,2
34.5646638,127.148057,벌-재래종,15,3244,밤나무,1
35.1917957,126.4357275,벌-재래종,53,3913,붉나무,1
35.256597,126.5405597,벌-재래종,81,776,개옻나무,1
34.7326998,127.1538776,벌-재래종,42,1474,광대싸리,1
36.0501173,128.589178,벌-재래종,8,1318,고욤나무,1
38.1886627,128.3651816,벌-재래종,60,7236,애기똥풀,1
38.1681838,128.1786506,벌-재래종,10,6151,신갈나무,1
36.8744093,128.8887244,벌-재래종,3,1686,광대싸리,1
37.6617845,127.5291954,벌-재래종,8,2672,다래,1
35.5165876,129.2623781,벌-재래종,26,5697,신갈나무,1
34.3748605,126.6614699,벌-재래종,10,3819,붉나무,1
34.3748605,126.6614699,벌-재래종,2,3819,붉나무,1
34.3839197,126.6915543,벌-재래종,10,9,갈참나무,1
34.3342368,126.6602934,벌-재래종,19,3774,붉가시나무,1
34.3342368,126.6602934,벌-재래종,8,3774,붉가시나무,1
34.3342368,126.6602934,벌-재래종,26,3774,붉가시나무,1
34.3342368,126.6602934,벌-재래종,10,3774,붉가시나무,1
35.0181337,127.6489426,벌-재래종,15,7452,족제비싸리,1
35.0181337,127.6489426,벌-재래종,25,7452,족제비싸리,1
35.0181337,127.6489426,벌-재래종,15,7452,족제비싸리,1
35.1934074,127.2851201,벌-재래종,7,7855,졸참나무,1
35.1934074,127.2851201,벌-재래종,12,7855,졸참나무,1
37.5313869,127.6928777,벌-재래종,16,7070,애기똥풀,1
37.7285179,128.0376067,벌-재래종,2,8550,주름잎,1
38.0815097,127.4702373,벌-재래종,1,7225,애기똥풀,1
35.0611343,128.4556496,벌-재래종,21,770,개옻나무,1
34.9730223,127.1427854,벌-재래종,38,8717,초피나무,1
37.5107169,127.6332539,벌-재래종,25,2273,굴참나무,1
35.6990304,127.590711,벌-재래종,1,3965,붉나무,1
35.8021674,127.4199564,벌-재래종,8,3968,붉나무,1
36.1854956,129.2051557,벌-재래종,3,189,갈참나무,1
36.3616331,128.7962705,벌-재래종,1,2535,다래,1
38.0375603,128.5476157,벌-재래종,20,2725,다래,1
37.9763688,128.0820625,벌-재래종,40,1903,광대싸리,1
34.7014878,126.9485704,벌-재래종,70,2785,떡갈나무,1
36.9635809,127.9320017,벌-재래종,10,4143,붉나무,2
38.2279577,128.5206485,벌-재래종,1,3166,떡갈나무,1
37.9993658,128.3250403,벌-재래종,5,7214,애기똥풀,1
36.8919819,128.7963456,벌-재래종,2,7574,족제비싸리,1
37.2462508,126.5257313,벌-재래종,10,328,갈참나무,1
35.1649004,128.985722,벌-재래종,1,4742,산초나무,1
35.1746452,128.9884548,벌-재래종,2,4742,산초나무,1
35.693019,127.22746,벌-재래종,1,3961,붉나무,1
35.1505106,126.9952503,벌-재래종,1,6251,아까시나무,1
34.3467695,126.6651876,벌-재래종,1,3774,붉가시나무,1
36.8353368,128.910956,벌-재래종,6,6915,애기똥풀,1
37.4250014,128.2967109,벌-재래종,6,652,개다래,1
37.2220583,128.8218722,벌-재래종,7,7650,족제비싸리,1
34.3342368,126.6602934,벌-재래종,1,3774,붉가시나무,1
34.3467695,126.6651876,벌-재래종,50,3774,붉가시나무,1
36.0909549,128.4829988,벌-재래종,5,1597,광대싸리,1
37.4405188,127.8508915,벌-재래종,2,4246,붉나무,1
35.8877503,129.4453564,벌-재래종,7,8803,초피나무,1
36.9786453,128.85124,벌-재래종,1,1705,광대싸리,1
37.6654008,126.714036,벌-재래종,1,3130,떡갈나무,1
37.7142062,128.1824685,벌-재래종,3,1836,광대싸리,1
35.2270487,126.3984685,벌-재래종,11,3913,붉나무,1
37.3793844,127.9569719,벌-재래종,13,3079,떡갈나무,1
37.6020683,127.9591221,벌-재래종,5,4321,붉나무,1
35.3338895,129.1732717,벌-재래종,6,1269,고욤나무,1
36.8353368,128.910956,벌-재래종,4,6915,애기똥풀,1
37.8683544,127.0292399,벌-재래종,1,5274,산초나무,1
36.03714,128.6111061,벌-재래종,2,1318,고욤나무,1
35.3000705,127.0618243,벌-재래종,31,2009,굴참나무,1
37.8140141,128.1452309,벌-재래종,1,1167,개옻나무,1
38.1886627,128.3651816,벌-재래종,4,7236,애기똥풀,1
37.348768,128.1604644,벌-재래종,6,5175,산초나무,1
38.0807,128.5240511,벌-재래종,9,2725,다래,1
36.7877626,129.2030091,벌-재래종,4,596,개다래,1
35.9822558,127.3033187,벌-재래종,12,4832,산초나무,1
35.7357767,129.4342524,벌-재래종,2,820,개옻나무,1
37.4325997,127.6898941,벌-재래종,10,7070,애기똥풀,1
37.8528108,127.0391079,벌-재래종,1,5274,산초나무,1
37.6139354,128.1511451,벌-재래종,4,7107,애기똥풀,1
36.8004842,128.7944095,벌-재래종,2,7574,족제비싸리,1
37.7307329,127.1373616,벌-재래종,1,6633,아까시나무,1
37.6617845,127.5291954,벌-재래종,3,2672,다래,1
34.4869365,126.2284574,벌-재래종,280,4507,산검양옻나무,1
37.3382632,127.9559957,벌-재래종,40,3079,떡갈나무,1
37.3162611,127.8333974,벌-재래종,5,4246,붉나무,1
37.4405188,127.8508915,벌-재래종,106,4246,붉나무,1
36.2945638,129.0464878,벌-재래종,3,7544,족제비싸리,1
37.6078802,127.7290553,벌-재래종,2,5218,산초나무,3
37.6078802,127.7290553,벌-재래종,1,5218,산초나무,3
35.1077764,127.2000409,벌-재래종,14,7847,졸참나무,1
37.3728454,128.4052788,벌-재래종,4,6574,아까시나무,1
37.9993658,128.3250403,벌-재래종,4,7214,애기똥풀,1
36.8484432,127.9865342,벌-재래종,2,7267,옻나무,1
35.1077764,127.2000409,벌-재래종,7,7847,졸참나무,1
35.0878407,127.6114145,벌-재래종,5,7452,족제비싸리,1
37.6644632,127.6998828,벌-재래종,9,1141,개옻나무,2
38.1453645,128.1335981,벌-재래종,1,730,개다래,1
37.5059781,129.0900522,벌-재래종,10,2646,다래,1
37.9151065,128.1387795,벌-재래종,3,2322,굴참나무,1
37.9763688,128.0820625,벌-재래종,5,1903,광대싸리,1
38.1453645,128.1335981,벌-재래종,2,730,개다래,1
38.1453645,128.1335981,벌-재래종,4,730,개다래,1
38.1453645,128.1335981,벌-재래종,2,730,개다래,1
37.9993658,128.3250403,벌-재래종,15,7214,애기똥풀,1
37.768125,128.1850253,벌-재래종,3,1444,고욤나무,1
36.0472497,127.7101074,벌-재래종,78,5736,신갈나무,1
37.4945468,127.4887109,벌-재래종,3,3739,벼,1
34.417759,126.5509463,벌-재래종,18,2774,떡갈나무,2
36.4852884,129.046328,벌-재래종,4,1662,광대싸리,1
36.0501173,128.589178,벌-재래종,4,1318,고욤나무,1
35.8167838,127.1984944,벌-재래종,50,2493,다래,1
38.1453645,128.1335981,벌-재래종,5,730,개다래,1
35.0611343,128.4556496,벌-재래종,38,770,개옻나무,1
38.0815097,127.4702373,벌-재래종,2,7225,애기똥풀,1
37.785624,127.5469953,벌-재래종,2,686,개다래,1
38.1453645,128.1335981,벌-재래종,1,730,개다래,1
35.4797722,127.698092,벌-재래종,5,6742,애기똥풀,1
35.3310801,127.9113578,벌-재래종,13,2008,굴참나무,1
37.4863982,127.5902252,벌-재래종,23,2273,굴참나무,1
37.4863982,127.5902252,벌-재래종,23,2273,굴참나무,1
37.0060873,128.9653695,벌-재래종,15,1707,광대싸리,1
38.0412339,127.0393313,벌-재래종,5,6114,신갈나무,1
36.8484432,127.9865342,벌-재래종,3,7267,옻나무,1
36.718176,127.6424775,벌-재래종,1,4976,산초나무,1
35.3310801,127.9113578,벌-재래종,5,2008,굴참나무,1
34.784308,127.109093,벌-재래종,25,1961,굴참나무,1
35.891691,127.3976681,벌-재래종,1,3359,밤나무,1
35.6764888,127.2632347,벌-재래종,18,3961,붉나무,1
34.7703449,128.4157739,벌-재래종,16,7382,유채,1
38.0415585,128.6886217,벌-재래종,2,721,개다래,1
35.6398854,127.3985765,벌-재래종,7,8383,주름잎,1
35.7213202,128.6332771,벌-재래종,1,3333,밤나무,1
37.948639,128.3172237,벌-재래종,4,7214,애기똥풀,1
38.0466608,128.3851271,벌-재래종,12,7214,애기똥풀,1
37.3087458,128.3873055,벌-재래종,15,7279,옻나무,1
38.0616616,128.6215764,벌-재래종,12,2332,굴참나무,1
36.668705,128.0171798,벌-재래종,3,2962,떡갈나무,1
36.378131,128.5618083,벌-재래종,1,205,갈참나무,1
35.3166025,129.1658062,벌-재래종,1,1269,고욤나무,1
36.4571359,129.3230741,벌-재래종,10,1669,광대싸리,1
34.8774854,128.0044561,벌-재래종,6,40,갈참나무,2
35.2523976,128.6922326,벌-재래종,10,1270,고욤나무,1
36.5686008,128.7151174,벌-재래종,1,1663,광대싸리,1
38.1922602,128.1994956,벌-재래종,1,2347,굴참나무,1
38.1681838,128.1786506,벌-재래종,5,6151,신갈나무,1
37.8811169,127.5245739,벌-재래종,1,7722,족제비싸리,1
35.142975,128.1495849,벌-재래종,7,7455,족제비싸리,1
38.0616616,128.6215764,벌-재래종,9,2332,굴참나무,1
35.5239237,129.2886798,벌-재래종,1,5697,신갈나무,1
35.2128403,127.3399964,벌-재래종,2,2454,다래,1
35.005055,126.7573618,벌-재래종,2,4556,산검양옻나무,1
37.3860959,126.6389202,벌-재래종,7,5987,신갈나무,1
38.1453645,128.1335981,벌-재래종,2,730,개다래,1
37.1765396,127.0263059,벌-재래종,1,2211,굴참나무,1
36.7877626,129.2030091,벌-재래종,7,596,개다래,1
