SIG_CD,SIDO_NM,SIGUNGU_NM,SIGUNGU_ROOT,key_exact,key_root,centroid_lon,centroid_lat,nearest_station,mean_temp,sum_rain,sum_sun,ratio_sun,forest,agri,urban,water,sbv_count,apiary_n,response
11060,서울,동대문구,동대문구,서울::동대문구,서울::동대문구,127.05185030441083,37.58447635850652,108,26.566666666666666,83.83333333333333,232.53333333333333,53.78,0.14288377874456185,0,0.8088875077688005,0.013610938471100065,0,0,0
11070,서울,중랑구,중랑구,서울::중랑구,서울::중랑구,127.09314736985809,37.595394907382115,108,26.566666666666666,83.83333333333333,232.53333333333333,53.78,0.33234689271204293,0.0011536339469328384,0.5850428850880273,0.004614535787731354,0,0,0
11080,서울,성북구,성북구,서울::성북구,서울::성북구,127.02709163392815,37.60698662403173,108,26.566666666666666,83.83333333333333,232.53333333333333,53.78,0.4084683820000738,5.16814943334933e-4,0.5521429362471852,1.4766141238140942e-4,0,0,0
11090,서울,강북구,강북구,서울::강북구,서울::강북구,127.004785653978,37.647025604189714,108,26.566666666666666,83.83333333333333,232.53333333333333,53.78,0.6211189554391559,1.1386927806877705e-4,0.35132467926820005,0,0,0,0
11100,서울,도봉구,도봉구,서울::도봉구,서울::도봉구,127.03282639562657,37.66592590699741,108,26.566666666666666,83.83333333333333,232.53333333333333,53.78,0.5224896985469529,0,0.44094556495337234,4.337453914552158e-5,0,0,0
11110,서울,노원구,노원구,서울::노원구,서울::노원구,127.07327066768264,37.65515203562539,108,26.566666666666666,83.83333333333333,232.53333333333333,53.78,0.48595313489550346,0.0012412919569347687,0.4265737808739708,4.559848005066497e-4,0,0,0
11120,서울,은평구,은평구,서울::은평구,서울::은평구,126.92663708363277,37.61748210461685,108,26.566666666666666,83.83333333333333,232.53333333333333,53.78,0.5987867287677534,8.912655971479501e-4,0.37801161520326604,1.1500201253521937e-4,0,0,0
11130,서울,서대문구,서대문구,서울::서대문구,서울::서대문구,126.93317912225405,37.582858951494174,108,26.566666666666666,83.83333333333333,232.53333333333333,53.78,0.43777067436584866,0,0.5325840379459683,2.0622808826562179e-4,0,0,0
11140,서울,마포구,마포구,서울::마포구,서울::마포구,126.89803990165736,37.56228618236144,108,26.566666666666666,83.83333333333333,232.53333333333333,53.78,0.20839114876214124,0.004454830935514496,0.5555393266632586,0.1915942452347915,0,0,0
11150,서울,양천구,양천구,서울::양천구,서울::양천구,126.86217967464309,37.52703380988201,108,26.566666666666666,83.83333333333333,232.53333333333333,53.78,0.3693425500782078,0.00464201019223977,0.5645088046823755,0.004843836722337152,0,0,0
11160,서울,강서구,강서구,서울::강서구,서울::강서구,126.81863114276216,37.56576536213288,108,26.566666666666666,83.83333333333333,232.53333333333333,53.78,0.20123168758013327,0.19976038842297747,0.4752296277613133,0.08409525611114614,0,0,0
11170,서울,구로구,구로구,서울::구로구,서울::구로구,126.85403161830304,37.49554312309624,116,NA,NA,NA,NA,0.309817620905544,0.02381816532075129,0.6184556755285364,0.0030850195082115957,0,0,0
11180,서울,금천구,금천구,서울::금천구,서울::금천구,126.89982828339086,37.46008834577354,116,NA,NA,NA,NA,0.26937401518407106,0,0.6933104139808051,0.004941985388912763,0,0,0
11190,서울,영등포구,영등포구,서울::영등포구,서울::영등포구,126.91465664731604,37.52069191410734,108,26.566666666666666,83.83333333333333,232.53333333333333,53.78,0.1648205213625385,8.328475056217206e-5,0.6711918047805446,0.12255351045223621,0,0,0
11200,서울,동작구,동작구,서울::동작구,서울::동작구,126.94814642932766,37.496487915623796,116,NA,NA,NA,NA,0.31331849474610485,0,0.6095035974946943,0.052746001345825355,0,0,0
11210,서울,관악구,관악구,서울::관악구,서울::관악구,126.95087256964052,37.46542494055783,116,NA,NA,NA,NA,0.5367059603846965,0,0.4547921251771232,6.029726551900871e-5,0,0,0
11220,서울,서초구,서초구,서울::서초구,서울::서초구,127.01368676798295,37.476955748483284,116,NA,NA,NA,NA,0.5142883983090653,0.04020666979802724,0.37386566463128224,0.03167684358853922,0,0,0
11230,서울,강남구,강남구,서울::강남구,서울::강남구,127.06242007186685,37.496135309811706,116,NA,NA,NA,NA,0.28593512120857245,0.009204824920950932,0.6251083265019323,0.04311980325565055,0,0,0
11240,서울,송파구,송파구,서울::송파구,서울::송파구,127.10593504071221,37.504876353771614,116,NA,NA,NA,NA,0.2396237004570115,0.016623459924633186,0.5902397306037362,0.08814175374829623,0,0,0
11250,서울,강동구,강동구,서울::강동구,서울::강동구,127.14724023824131,37.549118627637036,108,26.566666666666666,83.83333333333333,232.53333333333333,53.78,0.25533116791413646,0.06164383561643836,0.5333286259002966,0.1030574777573789,0,0,0
21010,NA,중구,중구,NA::중구,NA::중구,129.0306612897456,35.105961830266985,159,25.366666666666667,93.36666666666667,247.43333333333334,57.92,NA,NA,NA,NA,0,0,0
21020,NA,서구,서구,NA::서구,NA::서구,129.01938445926803,35.095681249065194,159,25.366666666666667,93.36666666666667,247.43333333333334,57.92,NA,NA,NA,NA,0,0,0
21030,NA,동구,동구,NA::동구,NA::동구,129.044872408985,35.126864680748355,159,25.366666666666667,93.36666666666667,247.43333333333334,57.92,NA,NA,NA,NA,0,0,0
21040,NA,영도구,영도구,NA::영도구,NA::영도구,129.06392011919905,35.07703574932239,159,25.366666666666667,93.36666666666667,247.43333333333334,57.92,NA,NA,NA,NA,0,0,0
21050,NA,부산진구,부산진구,NA::부산진구,NA::부산진구,129.04609154328816,35.167452044133576,159,25.366666666666667,93.36666666666667,247.43333333333334,57.92,NA,NA,NA,NA,0,0,0
21060,NA,동래구,동래구,NA::동래구,NA::동래구,129.08007642004873,35.20528339274441,296,NA,NA,NA,NA,NA,NA,NA,NA,0,0,0
21070,NA,남구,남구,NA::남구,NA::남구,129.08962781306315,35.12638827141794,159,25.366666666666667,93.36666666666667,247.43333333333334,57.92,NA,NA,NA,NA,0,0,0
21080,NA,북구,북구,NA::북구,NA::북구,129.02126088436398,35.23237936587371,296,NA,NA,NA,NA,NA,NA,NA,NA,0,0,0
21090,NA,해운대구,해운대구,NA::해운대구,NA::해운대구,129.14469818275992,35.20118343277068,159,25.366666666666667,93.36666666666667,247.43333333333334,57.92,NA,NA,NA,NA,0,0,0
21100,NA,사하구,사하구,NA::사하구,NA::사하구,128.97596856556987,35.084440190927914,159,25.366666666666667,93.36666666666667,247.43333333333334,57.92,NA,NA,NA,NA,0,0,0
21110,NA,금정구,금정구,NA::금정구,NA::금정구,129.08951451871113,35.25836396919713,257,26.266666666666666,97.83333333333333,194.3,44.95666666666666,NA,NA,NA,NA,0,0,0
21120,NA,강서구,강서구,NA::강서구,NA::강서구,128.91790897243214,35.15795911456872,296,NA,NA,NA,NA,NA,NA,NA,NA,0,0,0
21130,NA,연제구,연제구,NA::연제구,NA::연제구,129.08532818513365,35.17876082570735,159,25.366666666666667,93.36666666666667,247.43333333333334,57.92,NA,NA,NA,NA,0,0,0
21140,NA,수영구,수영구,NA::수영구,NA::수영구,129.11346555686112,35.16100549346479,159,25.366666666666667,93.36666666666667,247.43333333333334,57.92,NA,NA,NA,NA,0,0,0
21150,NA,사상구,사상구,NA::사상구,NA::사상구,128.98646943420852,35.15896709342184,296,NA,NA,NA,NA,NA,NA,NA,NA,3,2,3
21510,NA,기장군,기장군,NA::기장군,NA::기장군,129.19338257718852,35.28526848690779,257,26.266666666666666,97.83333333333333,194.3,44.95666666666666,NA,NA,NA,NA,10,3,10
22010,NA,중구,중구,NA::중구,NA::중구,128.59541334239216,35.867211487026495,176,NA,NA,NA,NA,NA,NA,NA,NA,0,0,0
22020,NA,동구,동구,NA::동구,NA::동구,128.68199624237135,35.93412229743391,143,26.5,86.16666666666667,215.56666666666666,49.78333333333333,NA,NA,NA,NA,0,0,0
22030,NA,서구,서구,NA::서구,NA::서구,128.54836203950887,35.875783290556754,176,NA,NA,NA,NA,NA,NA,NA,NA,0,0,0
22040,NA,남구,남구,NA::남구,NA::남구,128.58141824507982,35.83360935100565,143,26.5,86.16666666666667,215.56666666666666,49.78333333333333,NA,NA,NA,NA,0,0,0
22050,NA,북구,북구,NA::북구,NA::북구,128.5808334751995,35.93110885820739,176,NA,NA,NA,NA,NA,NA,NA,NA,0,0,0
22060,NA,수성구,수성구,NA::수성구,NA::수성구,128.6610259555306,35.83429971990706,143,26.5,86.16666666666667,215.56666666666666,49.78333333333333,NA,NA,NA,NA,0,0,0
22070,NA,달서구,달서구,NA::달서구,NA::달서구,128.52703767560865,35.82158129832875,143,26.5,86.16666666666667,215.56666666666666,49.78333333333333,NA,NA,NA,NA,0,0,0
22510,NA,달성군,달성군,NA::달성군,NA::달성군,128.44620647678315,35.89153730650968,176,NA,NA,NA,NA,NA,NA,NA,NA,274,6,274
22520,NA,군위군,군위군,NA::군위군,NA::군위군,128.72665871210268,36.164774681070746,278,26.066666666666666,68.66666666666667,225.26666666666668,51.79666666666667,NA,NA,NA,NA,51,3,51
23010,NA,중구,중구,NA::중구,NA::중구,126.4563960722948,37.47494769574465,112,25.3,93.13333333333333,253.13333333333333,57.93333333333333,NA,NA,NA,NA,0,0,0
23020,NA,동구,동구,NA::동구,NA::동구,126.63640735379333,37.48205195560376,112,25.3,93.13333333333333,253.13333333333333,57.93333333333333,NA,NA,NA,NA,0,0,0
23040,NA,연수구,연수구,NA::연수구,NA::연수구,126.64266030103893,37.38838055038901,112,25.3,93.13333333333333,253.13333333333333,57.93333333333333,NA,NA,NA,NA,7,1,7
23050,NA,남동구,남동구,NA::남동구,NA::남동구,126.73825794079897,37.43051569884703,112,25.3,93.13333333333333,253.13333333333333,57.93333333333333,NA,NA,NA,NA,0,0,0
23060,NA,부평구,부평구,NA::부평구,NA::부평구,126.71682221065076,37.49416535002972,112,25.3,93.13333333333333,253.13333333333333,57.93333333333333,NA,NA,NA,NA,0,0,0
23070,NA,계양구,계양구,NA::계양구,NA::계양구,126.73607839748253,37.55868580632304,112,25.3,93.13333333333333,253.13333333333333,57.93333333333333,NA,NA,NA,NA,0,0,0
23080,NA,서구,서구,NA::서구,NA::서구,126.65680024485809,37.5555545564573,112,25.3,93.13333333333333,253.13333333333333,57.93333333333333,NA,NA,NA,NA,0,0,0
23090,NA,미추홀구,미추홀구,NA::미추홀구,NA::미추홀구,126.66497869232329,37.45709033918666,112,25.3,93.13333333333333,253.13333333333333,57.93333333333333,NA,NA,NA,NA,0,0,0
23510,NA,강화군,강화군,NA::강화군,NA::강화군,126.4390521334264,37.70587443232656,201,24.233333333333334,85.83333333333333,212.53333333333333,48.64333333333333,NA,NA,NA,NA,38,3,38
23520,NA,옹진군,옹진군,NA::옹진군,NA::옹진군,124.67300222137733,37.949470376895825,102,22.066666666666666,82.96666666666667,212.96666666666667,48.88,NA,NA,NA,NA,10,1,10
24010,NA,동구,동구,NA::동구,NA::동구,126.96120401035013,35.11891257626172,156,26.766666666666666,77.76666666666667,222.73333333333335,51.67333333333333,NA,NA,NA,NA,0,0,0
24020,NA,서구,서구,NA::서구,NA::서구,126.85401016607989,35.13481374387477,156,26.766666666666666,77.76666666666667,222.73333333333335,51.67333333333333,NA,NA,NA,NA,0,0,0
24030,NA,남구,남구,NA::남구,NA::남구,126.88001707496683,35.101738226214195,156,26.766666666666666,77.76666666666667,222.73333333333335,51.67333333333333,NA,NA,NA,NA,0,0,0
24040,NA,북구,북구,NA::북구,NA::북구,126.90971493410245,35.189733424563066,156,26.766666666666666,77.76666666666667,222.73333333333335,51.67333333333333,NA,NA,NA,NA,3,3,3
24050,NA,광산구,광산구,NA::광산구,NA::광산구,126.7392305569586,35.16429723311306,156,26.766666666666666,77.76666666666667,222.73333333333335,51.67333333333333,NA,NA,NA,NA,8,1,8
25010,NA,동구,동구,NA::동구,NA::동구,127.46790778408604,36.31729889883711,133,26.833333333333332,103.43333333333334,235.86666666666667,54.28333333333333,NA,NA,NA,NA,0,0,0
25020,NA,중구,중구,NA::중구,NA::중구,127.40221640336871,36.27843153051876,133,26.833333333333332,103.43333333333334,235.86666666666667,54.28333333333333,NA,NA,NA,NA,2,1,2
25030,NA,서구,서구,NA::서구,NA::서구,127.34063878200901,36.27761738868854,133,26.833333333333332,103.43333333333334,235.86666666666667,54.28333333333333,NA,NA,NA,NA,0,0,0
25040,NA,유성구,유성구,NA::유성구,NA::유성구,127.34521997455752,36.38212102117259,133,26.833333333333332,103.43333333333334,235.86666666666667,54.28333333333333,NA,NA,NA,NA,0,0,0
25050,NA,대덕구,대덕구,NA::대덕구,NA::대덕구,127.44258372677025,36.409093421463844,133,26.833333333333332,103.43333333333334,235.86666666666667,54.28333333333333,NA,NA,NA,NA,0,0,0
26010,부산,중구,중구,부산::중구,부산::중구,129.3049067080974,35.57217186601469,152,25.133333333333333,98.06666666666666,234.93333333333334,54.35333333333333,0.14307093684525593,0,0.8332834480694402,0.010775217000897935,0,0,0
26020,부산,남구,남구,부산::남구,부산::남구,129.3287988820219,35.503837297978876,152,25.133333333333333,98.06666666666666,234.93333333333334,54.35333333333333,0.390297533154676,0,0.5731807874665017,0.0095856524427953,1,1,1
26030,부산,동구,동구,부산::동구,부산::동구,129.42442279821276,35.521550865129505,152,25.133333333333333,98.06666666666666,234.93333333333334,54.35333333333333,0.31246458923512743,0,0.6694050991501416,0.005288007554296506,0,0,0
26040,부산,북구,북구,부산::북구,부산::북구,129.39766056544198,35.597428198230624,152,25.133333333333333,98.06666666666666,234.93333333333334,54.35333333333333,0.6611843575418995,0.030837988826815644,0.23320670391061454,0.045184357541899436,0,0,0
26510,부산,울주군,울주군,부산::울주군,부산::울주군,129.16509416550142,35.52765135411309,152,25.133333333333333,98.06666666666666,234.93333333333334,54.35333333333333,NA,NA,NA,NA,29,4,29
29010,광주,세종시,세종시,광주::세종시,광주::세종시,127.26994475437643,36.57021009471617,239,NA,NA,NA,NA,NA,NA,NA,NA,0,0,0
31011,울산,수원시 장안구,수원시,울산::수원시 장안구,울산::수원시,127.00315362040618,37.318121142394965,119,26.166666666666668,108.66666666666667,239.73333333333332,54.95666666666666,NA,NA,NA,NA,0,0,0
31012,울산,수원시 권선구,수원시,울산::수원시 권선구,울산::수원시,126.96558384889282,37.26394596566417,119,26.166666666666668,108.66666666666667,239.73333333333332,54.95666666666666,NA,NA,NA,NA,0,0,0
31013,울산,수원시 팔달구,수원시,울산::수원시 팔달구,울산::수원시,127.01711303687998,37.275066006639264,119,26.166666666666668,108.66666666666667,239.73333333333332,54.95666666666666,NA,NA,NA,NA,3,1,3
31014,울산,수원시 영통구,수원시,울산::수원시 영통구,울산::수원시,127.05617777123763,37.27619893805471,119,26.166666666666668,108.66666666666667,239.73333333333332,54.95666666666666,NA,NA,NA,NA,0,0,0
31021,울산,성남시 수정구,성남시,울산::성남시 수정구,울산::성남시,127.10458445009112,37.43587804130007,116,NA,NA,NA,NA,NA,NA,NA,NA,24,2,24
31022,울산,성남시 중원구,성남시,울산::성남시 중원구,울산::성남시,127.1698733901115,37.440061111519704,116,NA,NA,NA,NA,NA,NA,NA,NA,0,0,0
31023,울산,성남시 분당구,성남시,울산::성남시 분당구,울산::성남시,127.09447405011497,37.37539248868791,116,NA,NA,NA,NA,NA,NA,NA,NA,10,2,10
31030,울산,의정부시,의정부시,울산::의정부시,울산::의정부시,127.06644934238417,37.73312095145881,98,25.2,148.36666666666667,234.6,53.553333333333335,NA,NA,NA,NA,0,0,0
31041,울산,안양시 만안구,안양시,울산::안양시 만안구,울산::안양시,126.90274472549811,37.40440563381202,116,NA,NA,NA,NA,NA,NA,NA,NA,2,1,2
31042,울산,안양시 동안구,안양시,울산::안양시 동안구,울산::안양시,126.95483124308821,37.40117048430793,116,NA,NA,NA,NA,NA,NA,NA,NA,0,0,0
31051,울산,부천시 원미구,부천시,울산::부천시 원미구,울산::부천시,126.782583865196,37.502227847741345,112,25.3,93.13333333333333,253.13333333333333,57.93333333333333,NA,NA,NA,NA,0,0,0
31052,울산,부천시 소사구,부천시,울산::부천시 소사구,울산::부천시,126.79034249254131,37.47448702523929,112,25.3,93.13333333333333,253.13333333333333,57.93333333333333,NA,NA,NA,NA,0,0,0
31053,울산,부천시 오정구,부천시,울산::부천시 오정구,울산::부천시,126.79271924483594,37.530065910580625,112,25.3,93.13333333333333,253.13333333333333,57.93333333333333,NA,NA,NA,NA,10,1,10
31060,울산,광명시,광명시,울산::광명시,울산::광명시,126.86710023245756,37.44833511096791,116,NA,NA,NA,NA,NA,NA,NA,NA,0,0,0
31070,울산,평택시,평택시,울산::평택시,울산::평택시,127.0039165653469,37.02321129499714,119,26.166666666666668,108.66666666666667,239.73333333333332,54.95666666666666,NA,NA,NA,NA,0,0,0
31080,울산,동두천시,동두천시,울산::동두천시,울산::동두천시,127.06699624418114,37.92072708564433,98,25.2,148.36666666666667,234.6,53.553333333333335,NA,NA,NA,NA,2,1,2
31091,울산,안산시 상록구,안산시,울산::안산시 상록구,울산::안산시,126.85782685428121,37.322335773308325,119,26.166666666666668,108.66666666666667,239.73333333333332,54.95666666666666,NA,NA,NA,NA,0,0,0
31092,울산,안산시 단원구,안산시,울산::안산시 단원구,울산::안산시,126.79472912854901,37.32881250516837,119,26.166666666666668,108.66666666666667,239.73333333333332,54.95666666666666,NA,NA,NA,NA,2,1,2
31101,울산,고양시 덕양구,고양시,울산::고양시 덕양구,울산::고양시,126.90043985508686,37.660312286838995,108,26.566666666666666,83.83333333333333,232.53333333333333,53.78,NA,NA,NA,NA,44,6,44
31103,울산,고양시 일산동구,고양시,울산::고양시 일산동구,울산::고양시,126.80637124721241,37.68136369554522,108,26.566666666666666,83.83333333333333,232.53333333333333,53.78,NA,NA,NA,NA,0,0,0
31104,울산,고양시 일산서구,고양시,울산::고양시 일산서구,울산::고양시,126.72490110601946,37.67744028504176,99,24.266666666666666,57.4,235.2,54.3,NA,NA,NA,NA,1,1,1
31110,울산,과천시,과천시,울산::과천시,울산::과천시,127.00394146704397,37.43418839618364,116,NA,NA,NA,NA,NA,NA,NA,NA,0,0,0
31120,울산,구리시,구리시,울산::구리시,울산::구리시,127.13276305064322,37.60113502071967,108,26.566666666666666,83.83333333333333,232.53333333333333,53.78,NA,NA,NA,NA,0,0,0
31130,울산,남양주시,남양주시,울산::남양주시,울산::남양주시,127.25765957884968,37.64304909830182,108,26.566666666666666,83.83333333333333,232.53333333333333,53.78,NA,NA,NA,NA,42,7,42
31140,울산,오산시,오산시,울산::오산시,울산::오산시,127.05123483688149,37.16316077405396,119,26.166666666666668,108.66666666666667,239.73333333333332,54.95666666666666,NA,NA,NA,NA,1,1,1
31150,울산,시흥시,시흥시,울산::시흥시,울산::시흥시,126.83084291857159,37.390469642165975,116,NA,NA,NA,NA,NA,NA,NA,NA,8,3,8
31160,울산,군포시,군포시,울산::군포시,울산::군포시,126.92071498002176,37.34190980815953,119,26.166666666666668,108.66666666666667,239.73333333333332,54.95666666666666,NA,NA,NA,NA,2,1,2
31170,울산,의왕시,의왕시,울산::의왕시,울산::의왕시,126.98917912617009,37.357956132784395,119,26.166666666666668,108.66666666666667,239.73333333333332,54.95666666666666,NA,NA,NA,NA,0,0,0
31180,울산,하남시,하남시,울산::하남시,울산::하남시,127.21158007830532,37.530245690432615,108,26.566666666666666,83.83333333333333,232.53333333333333,53.78,NA,NA,NA,NA,0,0,0
31191,울산,용인시 처인구,용인시,울산::용인시 처인구,울산::용인시,127.24003136271783,37.22189556295998,203,25.433333333333334,111.86666666666667,242.2,55.47666666666667,NA,NA,NA,NA,6,3,6
31192,울산,용인시 기흥구,용인시,울산::용인시 기흥구,울산::용인시,127.1185148460447,37.270239058130805,119,26.166666666666668,108.66666666666667,239.73333333333332,54.95666666666666,NA,NA,NA,NA,0,0,0
31193,울산,용인시 수지구,용인시,울산::용인시 수지구,울산::용인시,127.0886492068346,37.33268540312474,119,26.166666666666668,108.66666666666667,239.73333333333332,54.95666666666666,NA,NA,NA,NA,0,0,0
31200,울산,파주시,파주시,울산::파주시,울산::파주시,126.80771536807865,37.84967051745089,99,24.266666666666666,57.4,235.2,54.3,NA,NA,NA,NA,100,4,100
31210,울산,이천시,이천시,울산::이천시,울산::이천시,127.45149392468385,37.20169646911719,203,25.433333333333334,111.86666666666667,242.2,55.47666666666667,NA,NA,NA,NA,80,6,80
31220,울산,안성시,안성시,울산::안성시,울산::안성시,127.30590748797471,37.02472481460547,232,25.133333333333333,101.03333333333333,229.26666666666668,52.626666666666665,NA,NA,NA,NA,3,3,3
31230,울산,김포시,김포시,울산::김포시,울산::김포시,126.60156161295718,37.684681656014604,201,24.233333333333334,85.83333333333333,212.53333333333333,48.64333333333333,NA,NA,NA,NA,0,0,0
31240,울산,화성시,화성시,울산::화성시,울산::화성시,126.89108583591795,37.153659972288786,119,26.166666666666668,108.66666666666667,239.73333333333332,54.95666666666666,NA,NA,NA,NA,0,0,0
31250,울산,광주시,광주시,울산::광주시,울산::광주시,127.29192512175135,37.400553863240816,202,26,96.16666666666667,213.06666666666666,48.70333333333333,NA,NA,NA,NA,0,0,0
31260,울산,양주시,양주시,울산::양주시,울산::양주시,127.01412979177749,37.80542501517977,98,25.2,148.36666666666667,234.6,53.553333333333335,NA,NA,NA,NA,4,4,4
31270,울산,포천시,포천시,울산::포천시,울산::포천시,127.23697139315563,37.96754821266826,98,25.2,148.36666666666667,234.6,53.553333333333335,NA,NA,NA,NA,3,1,3
31280,울산,여주시,여주시,울산::여주시,울산::여주시,127.6442783798525,37.2874186294847,203,25.433333333333334,111.86666666666667,242.2,55.47666666666667,NA,NA,NA,NA,32,2,32
31550,울산,연천군,연천군,울산::연천군,울산::연천군,127.02181733270686,38.10528439619656,98,25.2,148.36666666666667,234.6,53.553333333333335,NA,NA,NA,NA,30,4,30
31570,울산,가평군,가평군,울산::가평군,울산::가평군,127.40772045758094,37.81128326640023,101,25.7,112.36666666666666,243.23333333333332,55.51,NA,NA,NA,NA,135,41,135
31580,울산,양평군,양평군,울산::양평군,울산::양평군,127.58046241997509,37.5190727827763,202,26,96.16666666666667,213.06666666666666,48.70333333333333,NA,NA,NA,NA,330,46,330
32010,NA,춘천시,춘천시,NA::춘천시,NA::춘천시,127.78661465356828,37.87938922811916,101,25.7,112.36666666666666,243.23333333333332,55.51,NA,NA,NA,NA,129,13,129
32020,NA,원주시,원주시,NA::원주시,NA::원주시,127.89983954873342,37.32478059457752,114,25.833333333333332,93,226.43333333333334,51.78,NA,NA,NA,NA,196,20,196
32030,NA,강릉시,강릉시,NA::강릉시,NA::강릉시,128.88338774055273,37.70928059036024,105,25.4,89.5,212.56666666666666,48.45666666666666,NA,NA,NA,NA,241,6,241
32040,NA,동해시,동해시,NA::동해시,NA::동해시,129.0456062522414,37.51572991221176,106,23.433333333333334,65.13333333333333,202.8,46.25666666666667,NA,NA,NA,NA,346,3,346
32050,NA,태백시,태백시,NA::태백시,NA::태백시,128.958113812759,37.203490582612154,216,21.966666666666665,58.3,170.8,39.06,NA,NA,NA,NA,518,5,518
32060,NA,속초시,속초시,NA::속초시,NA::속초시,128.5139578266974,38.175080112978435,90,23.96666666666667,99.33333333333333,201.13333333333335,45.800000000000004,NA,NA,NA,NA,0,0,0
32070,NA,삼척시,삼척시,NA::삼척시,NA::삼척시,129.1746436057027,37.25796348687692,214,NA,NA,NA,NA,NA,NA,NA,NA,1245,24,1245
32510,NA,홍천군,홍천군,NA::홍천군,NA::홍천군,128.18453310079167,37.7468369909952,212,25.46666666666667,71.16666666666667,247.53333333333333,56.54666666666667,NA,NA,NA,NA,720,101,720
32520,NA,횡성군,횡성군,NA::횡성군,NA::횡성군,128.10012175523045,37.48970583931858,114,25.833333333333332,93,226.43333333333334,51.78,NA,NA,NA,NA,463,63,463
32530,NA,영월군,영월군,NA::영월군,NA::영월군,128.4556952890485,37.21931869012281,121,24.5,81.56666666666666,204.56666666666666,46.82,NA,NA,NA,NA,210,4,210
32540,NA,평창군,평창군,NA::평창군,NA::평창군,128.44171032033995,37.54576912458177,217,23.7,76.16666666666667,167.7,38.29333333333334,NA,NA,NA,NA,368,74,368
32550,NA,정선군,정선군,NA::정선군,NA::정선군,128.70248686559765,37.37319724570607,217,23.7,76.16666666666667,167.7,38.29333333333334,NA,NA,NA,NA,1035,37,1035
32560,NA,철원군,철원군,NA::철원군,NA::철원군,127.35055818975366,38.220476212702366,95,24.466666666666665,167.6,234,53.403333333333336,NA,NA,NA,NA,0,0,0
32570,NA,화천군,화천군,NA::화천군,NA::화천군,127.68749922023207,38.14197571187139,93,25.266666666666666,107.83333333333333,239.9,54.72333333333333,NA,NA,NA,NA,323,26,323
32580,NA,양구군,양구군,NA::양구군,NA::양구군,127.98889852268077,38.1659535364826,211,23.266666666666666,96.66666666666667,214.4,48.89666666666667,NA,NA,NA,NA,10,2,10
32590,NA,인제군,인제군,NA::인제군,NA::인제군,128.25455539044572,38.10055895927075,211,23.266666666666666,96.66666666666667,214.4,48.89666666666667,NA,NA,NA,NA,475,84,475
32600,NA,고성군,고성군,NA::고성군,NA::고성군,128.36250518134042,38.40120704170792,90,23.96666666666667,99.33333333333333,201.13333333333335,45.800000000000004,NA,NA,NA,NA,21,2,21
32610,NA,양양군,양양군,NA::양양군,NA::양양군,128.62259983935863,38.01135995656229,90,23.96666666666667,99.33333333333333,201.13333333333335,45.800000000000004,NA,NA,NA,NA,126,15,126
33020,NA,충주시,충주시,NA::충주시,NA::충주시,127.86845940194509,37.00616629919198,127,25.833333333333332,91.4,222.4,50.93333333333334,NA,NA,NA,NA,680,22,680
11010,서울,종로구,종로구,서울::종로구,서울::종로구,126.96667394818164,37.59909526658381,108,26.566666666666666,83.83333333333333,232.53333333333333,53.78,0.643433353437877,0,0.32350723763570566,4.5235223160434263e-4,0,0,0
11020,서울,중구,중구,서울::중구,서울::중구,126.99298444246114,37.55797337538072,108,26.566666666666666,83.83333333333333,232.53333333333333,53.78,0.24059139784946237,8.960573476702509e-5,0.7300179211469534,0.004211469534050179,0,0,0
11030,서울,용산구,용산구,서울::용산구,서울::용산구,126.98034604002287,37.53114567196116,108,26.566666666666666,83.83333333333333,232.53333333333333,53.78,0.27110017813215714,0,0.5436847909067776,0.15005513614386293,0,0,0
11040,서울,성동구,성동구,서울::성동구,서울::성동구,127.04133526323285,37.55065002069223,108,26.566666666666666,83.83333333333333,232.53333333333333,53.78,0.1388888888888889,0,0.6898782343987824,0.11399217221135029,0,0,0
11050,서울,광진구,광진구,서울::광진구,서울::광진구,127.0894055270119,37.548049031059364,108,26.566666666666666,83.83333333333333,232.53333333333333,53.78,0.247903217607889,0.0014741015605144107,0.5556346261373456,0.12036801707924565,0,0,0
33030,NA,제천시,제천시,NA::제천시,NA::제천시,128.15562638050997,37.034470988041626,221,24.366666666666667,96.66666666666667,210.63333333333333,48.163333333333334,NA,NA,NA,NA,30,6,30
33041,NA,청주시 상당구,청주시,NA::청주시 상당구,NA::청주시,127.53960188978162,36.56937228596057,131,26.966666666666665,85.33333333333333,248.6,57.07333333333334,NA,NA,NA,NA,22,3,22
33042,NA,청주시 서원구,청주시,NA::청주시 서원구,NA::청주시,127.41514434436036,36.54809517568812,181,NA,NA,NA,NA,NA,NA,NA,NA,0,0,0
33043,NA,청주시 흥덕구,청주시,NA::청주시 흥덕구,NA::청주시,127.37803791907193,36.64318966314914,181,NA,NA,NA,NA,NA,NA,NA,NA,0,0,0
33044,NA,청주시 청원구,청주시,NA::청주시 청원구,NA::청주시,127.50901485849481,36.712603334672004,131,26.966666666666665,85.33333333333333,248.6,57.07333333333334,NA,NA,NA,NA,0,0,0
33520,NA,보은군,보은군,NA::보은군,NA::보은군,127.72694270625351,36.49192215609118,226,25.03333333333333,82.66666666666667,211.5,48.61333333333334,NA,NA,NA,NA,400,1,400
33530,NA,옥천군,옥천군,NA::옥천군,NA::옥천군,127.65195110459916,36.307970950236665,226,25.03333333333333,82.66666666666667,211.5,48.61333333333334,NA,NA,NA,NA,40,1,40
33540,NA,영동군,영동군,NA::영동군,NA::영동군,127.79566898699025,36.164500416079434,135,24.6,88.43333333333334,222.36666666666667,51.21,NA,NA,NA,NA,166,3,166
33550,NA,진천군,진천군,NA::진천군,NA::진천군,127.44125784778389,36.88046493230028,232,25.133333333333333,101.03333333333333,229.26666666666668,52.626666666666665,NA,NA,NA,NA,400,1,400
33560,NA,괴산군,괴산군,NA::괴산군,NA::괴산군,127.83613097040615,36.77454340168683,127,25.833333333333332,91.4,222.4,50.93333333333334,NA,NA,NA,NA,240,10,240
33570,NA,음성군,음성군,NA::음성군,NA::음성군,127.55239636844819,36.9949047426716,203,25.433333333333334,111.86666666666667,242.2,55.47666666666667,NA,NA,NA,NA,265,2,265
33580,NA,단양군,단양군,NA::단양군,NA::단양군,128.38637804590542,36.97987644630517,272,24.4,90,226.53333333333333,51.906666666666666,NA,NA,NA,NA,26,11,26
33590,NA,증평군,증평군,NA::증평군,NA::증평군,127.59266197011692,36.78079035717507,131,26.966666666666665,85.33333333333333,248.6,57.07333333333334,NA,NA,NA,NA,1,1,1
34011,NA,천안시 동남구,천안시,NA::천안시 동남구,NA::천안시,127.22535734909157,36.756012304614615,232,25.133333333333333,101.03333333333333,229.26666666666668,52.626666666666665,NA,NA,NA,NA,5,2,5
34012,NA,천안시 서북구,천안시,NA::천안시 서북구,NA::천안시,127.17001450437886,36.87891981102577,232,25.133333333333333,101.03333333333333,229.26666666666668,52.626666666666665,NA,NA,NA,NA,9,1,9
34020,NA,공주시,공주시,NA::공주시,NA::공주시,127.04296506118551,36.47793761059173,239,NA,NA,NA,NA,NA,NA,NA,NA,6,2,6
34030,NA,보령시,보령시,NA::보령시,NA::보령시,126.62805575373693,36.34861646276022,235,25.233333333333334,97.39999999999999,198.96666666666667,45.763333333333335,NA,NA,NA,NA,0,0,0
34040,NA,아산시,아산시,NA::아산시,NA::아산시,126.97684196997358,36.795459019815155,232,25.133333333333333,101.03333333333333,229.26666666666668,52.626666666666665,NA,NA,NA,NA,6,2,6
34050,NA,서산시,서산시,NA::서산시,NA::서산시,126.48506323766883,36.81068861882947,129,25.166666666666668,100.76666666666667,257.4,59.13333333333333,NA,NA,NA,NA,164,5,164
34060,NA,논산시,논산시,NA::논산시,NA::논산시,127.15841089584727,36.20153952448607,236,25.933333333333334,105.33333333333333,220.53333333333333,50.76,NA,NA,NA,NA,0,0,0
34070,NA,계룡시,계룡시,NA::계룡시,NA::계룡시,127.22459080551398,36.291070690660625,133,26.833333333333332,103.43333333333334,235.86666666666667,54.28333333333333,NA,NA,NA,NA,0,0,0
34080,NA,당진시,당진시,NA::당진시,NA::당진시,126.64665995789994,36.90724646054203,129,25.166666666666668,100.76666666666667,257.4,59.13333333333333,NA,NA,NA,NA,0,0,0
34510,NA,금산군,금산군,NA::금산군,NA::금산군,127.46976156235431,36.1250569703984,238,25.4,109.5,210.6,48.51,NA,NA,NA,NA,63,2,63
34530,NA,부여군,부여군,NA::부여군,NA::부여군,126.87120864966327,36.22904947975643,236,25.933333333333334,105.33333333333333,220.53333333333333,50.76,NA,NA,NA,NA,10,2,10
34540,NA,서천군,서천군,NA::서천군,NA::서천군,126.73517166485775,36.0961732208897,140,25.53333333333333,140.1,253.46666666666667,58.45333333333333,NA,NA,NA,NA,0,0,0
34550,NA,청양군,청양군,NA::청양군,NA::청양군,126.84748212317608,36.44309951684768,236,25.933333333333334,105.33333333333333,220.53333333333333,50.76,NA,NA,NA,NA,315,4,315
34560,NA,홍성군,홍성군,NA::홍성군,NA::홍성군,126.60810233878952,36.56613366920146,177,25.366666666666667,101.03333333333333,239.7,55.06333333333333,NA,NA,NA,NA,0,0,0
34570,NA,예산군,예산군,NA::예산군,NA::예산군,126.85061463045693,36.66537234474205,177,25.366666666666667,101.03333333333333,239.7,55.06333333333333,NA,NA,NA,NA,0,0,0
34580,NA,태안군,태안군,NA::태안군,NA::태안군,126.24213171247114,36.78081908687765,129,25.166666666666668,100.76666666666667,257.4,59.13333333333333,NA,NA,NA,NA,0,0,0
35011,NA,전주시 완산구,전주시,NA::전주시 완산구,NA::전주시,127.13406915572415,35.78593115102752,146,26.5,94.06666666666666,229.4,52.94,NA,NA,NA,NA,17,2,17
35012,NA,전주시 덕진구,전주시,NA::전주시 덕진구,NA::전주시,127.12520678543649,35.85244970225765,146,26.5,94.06666666666666,229.4,52.94,NA,NA,NA,NA,79,3,79
35020,NA,군산시,군산시,NA::군산시,NA::군산시,126.74650754488752,35.9337960114793,140,25.53333333333333,140.1,253.46666666666667,58.45333333333333,NA,NA,NA,NA,70,1,70
35030,NA,익산시,익산시,NA::익산시,NA::익산시,127.00473199261108,36.020106902890056,140,25.53333333333333,140.1,253.46666666666667,58.45333333333333,NA,NA,NA,NA,0,0,0
35040,NA,정읍시,정읍시,NA::정읍시,NA::정읍시,126.90741909573413,35.61013016519175,245,25.733333333333334,75.33333333333334,229.3,52.99333333333333,NA,NA,NA,NA,120,1,120
35050,NA,남원시,남원시,NA::남원시,NA::남원시,127.48061427200886,35.431482871366946,247,25.8,110.2,231.26666666666668,53.54333333333333,NA,NA,NA,NA,376,21,376
35060,NA,김제시,김제시,NA::김제시,NA::김제시,126.90979892888296,35.791972552881056,243,26,95.16666666666667,233.13333333333335,53.86,NA,NA,NA,NA,0,0,0
35510,NA,완주군,완주군,NA::완주군,NA::완주군,127.24521696069857,35.874572986711456,146,26.5,94.06666666666666,229.4,52.94,NA,NA,NA,NA,346,9,346
35520,NA,진안군,진안군,NA::진안군,NA::진안군,127.45740858492776,35.824162512034036,248,23.833333333333332,109.33333333333333,198.53333333333333,45.873333333333335,NA,NA,NA,NA,82,9,82
35530,NA,무주군,무주군,NA::무주군,NA::무주군,127.71633809192815,35.928292767009204,238,25.4,109.5,210.6,48.51,NA,NA,NA,NA,17,3,17
35540,NA,장수군,장수군,NA::장수군,NA::장수군,127.54925499951743,35.653084957802726,248,23.833333333333332,109.33333333333333,198.53333333333333,45.873333333333335,NA,NA,NA,NA,112,11,112
35550,NA,임실군,임실군,NA::임실군,NA::임실군,127.26004277727765,35.618646989075465,244,25.033333333333335,104.66666666666667,212.23333333333335,49.07666666666667,NA,NA,NA,NA,2509,42,2509
35560,NA,순창군,순창군,NA::순창군,NA::순창군,127.17159915133325,35.427607722226924,254,25.733333333333334,102.66666666666667,255.5,59.12,NA,NA,NA,NA,0,0,0
35570,NA,고창군,고창군,NA::고창군,NA::고창군,126.5900604746484,35.43893494103481,251,25.2,81.83333333333333,224.4,51.96333333333333,NA,NA,NA,NA,1,1,1
35580,NA,부안군,부안군,NA::부안군,NA::부안군,126.70308021438804,35.69340641241622,243,26,95.16666666666667,233.13333333333335,53.86,NA,NA,NA,NA,13,3,13
36010,세종,목포시,목포시,세종::목포시,세종::목포시,126.41171902426488,34.8118988762974,165,26.333333333333332,103.83333333333334,242,56.18333333333334,NA,NA,NA,NA,0,0,0
36020,세종,여수시,여수시,세종::여수시,세종::여수시,127.67133089154025,34.76203467457298,168,25.633333333333333,91.2,245.03333333333333,56.89333333333333,NA,NA,NA,NA,0,0,0
36030,세종,순천시,순천시,세종::순천시,세종::순천시,127.37201874336064,35.01080016651559,174,24.53333333333333,106.60000000000001,199.1,46.18333333333333,NA,NA,NA,NA,101,8,101
36040,세종,나주시,나주시,세종::나주시,세종::나주시,126.74228972846518,34.99147245486113,156,26.766666666666666,77.76666666666667,222.73333333333335,51.67333333333333,NA,NA,NA,NA,6,5,6
36060,세종,광양시,광양시,세종::광양시,세종::광양시,127.66479288931983,35.03305115489767,266,26.133333333333333,91.33333333333333,211.83333333333334,50.31,NA,NA,NA,NA,103,12,103
36510,세종,담양군,담양군,세종::담양군,세종::담양군,126.97568380385232,35.29119904919811,156,26.766666666666666,77.76666666666667,222.73333333333335,51.67333333333333,NA,NA,NA,NA,45,6,45
36520,세종,곡성군,곡성군,세종::곡성군,세종::곡성군,127.2847878698215,35.20309176758687,256,NA,NA,NA,NA,NA,NA,NA,NA,234,28,234
36530,세종,구례군,구례군,세종::구례군,세종::구례군,127.50194854906277,35.22996098299544,247,25.8,110.2,231.26666666666668,53.54333333333333,NA,NA,NA,NA,110,5,110
36550,세종,고흥군,고흥군,세종::고흥군,세종::고흥군,127.3360850287195,34.63461619667646,262,25.066666666666666,90.46666666666667,217.96666666666667,50.596666666666664,NA,NA,NA,NA,67,5,67
36560,세종,보성군,보성군,세종::보성군,세종::보성군,127.16385658977602,34.81122676420114,258,25.866666666666667,76.83333333333333,240.5,55.79666666666667,NA,NA,NA,NA,240,36,240
36570,세종,화순군,화순군,세종::화순군,세종::화순군,127.03063263773574,35.0191307570422,256,NA,NA,NA,NA,NA,NA,NA,NA,323,27,323
36580,세종,장흥군,장흥군,세종::장흥군,세종::장흥군,126.95773091273767,34.649959485076465,260,25.566666666666666,120.33333333333334,180,41.94,NA,NA,NA,NA,71,2,71
36590,세종,강진군,강진군,세종::강진군,세종::강진군,126.77102014701994,34.6164182175258,259,25.900000000000002,147.83333333333334,232.06666666666666,53.89,NA,NA,NA,NA,2,2,2
36600,세종,해남군,해남군,세종::해남군,세종::해남군,126.56599067898345,34.52802961629979,261,25.3,100.06666666666666,227.4,52.803333333333335,NA,NA,NA,NA,51,4,51
36610,세종,영암군,영암군,세종::영암군,세종::영암군,126.66384926048325,34.802080993562136,259,25.900000000000002,147.83333333333334,232.06666666666666,53.89,NA,NA,NA,NA,0,0,0
36620,세종,무안군,무안군,세종::무안군,세종::무안군,126.46502478573485,34.964328963952404,165,26.333333333333332,103.83333333333334,242,56.18333333333334,NA,NA,NA,NA,0,0,0
36630,세종,함평군,함평군,세종::함평군,세종::함평군,126.55035158397114,35.104419577685164,252,25.833333333333332,83.33333333333333,256.76666666666665,59.49333333333333,NA,NA,NA,NA,28,10,28
36640,세종,영광군,영광군,세종::영광군,세종::영광군,126.49222635676693,35.298664458826316,252,25.833333333333332,83.33333333333333,256.76666666666665,59.49333333333333,NA,NA,NA,NA,246,5,246
36650,세종,장성군,장성군,세종::장성군,세종::장성군,126.76929595939113,35.33888993029322,251,25.2,81.83333333333333,224.4,51.96333333333333,NA,NA,NA,NA,0,0,0
36660,세종,완도군,완도군,세종::완도군,세종::완도군,126.82624587117111,34.32876484628457,170,25.566666666666666,79.43333333333334,219.03333333333333,50.913333333333334,NA,NA,NA,NA,165,13,165
36670,세종,진도군,진도군,세종::진도군,세종::진도군,126.2557367955986,34.46931755623098,268,25.3,136,235.43333333333334,54.77,NA,NA,NA,NA,280,1,280
36680,세종,신안군,신안군,세종::신안군,세종::신안군,126.12670509613437,34.730980791174375,165,26.333333333333332,103.83333333333334,242,56.18333333333334,NA,NA,NA,NA,0,0,0
37011,NA,포항시 남구,포항시,NA::포항시 남구,NA::포항시,129.43074603935835,35.96428625396909,138,26.1,55.766666666666666,233.23333333333335,53.776666666666664,NA,NA,NA,NA,43,4,43
37012,NA,포항시 북구,포항시,NA::포항시 북구,NA::포항시,129.20287895403607,36.17593474349255,138,26.1,55.766666666666666,233.23333333333335,53.776666666666664,NA,NA,NA,NA,3,1,3
37020,NA,경주시,경주시,NA::경주시,NA::경주시,129.23599597368244,35.85897117680908,283,25.266666666666666,62.166666666666664,205.73333333333335,47.516666666666666,NA,NA,NA,NA,87,8,87
37030,NA,김천시,김천시,NA::김천시,NA::김천시,128.04968142478162,36.04388153816099,135,24.6,88.43333333333334,222.36666666666667,51.21,NA,NA,NA,NA,432,11,432
37040,NA,안동시,안동시,NA::안동시,NA::안동시,128.73195128260454,36.561277330458395,136,25.833333333333332,68.5,246.96666666666667,56.766666666666666,NA,NA,NA,NA,431,42,431
37050,NA,구미시,구미시,NA::구미시,NA::구미시,128.36443087006435,36.21082455497218,279,26.2,97.76666666666667,216.36666666666667,49.88,NA,NA,NA,NA,300,1,300
37060,NA,영주시,영주시,NA::영주시,NA::영주시,128.5350695944226,36.8826670085468,272,24.4,90,226.53333333333333,51.906666666666666,NA,NA,NA,NA,135,11,135
37070,NA,영천시,영천시,NA::영천시,NA::영천시,128.90686303891903,36.007630289954385,281,25.833333333333332,76.66666666666667,217.96666666666667,50.263333333333335,NA,NA,NA,NA,657,4,657
37080,NA,상주시,상주시,NA::상주시,NA::상주시,128.09891613556954,36.445871479172105,137,26.033333333333335,63.300000000000004,220.43333333333334,50.71666666666667,NA,NA,NA,NA,608,7,608
37090,NA,문경시,문경시,NA::문경시,NA::문경시,128.1329133673217,36.692561729301886,273,25.233333333333334,68,196.7,45.163333333333334,NA,NA,NA,NA,399,19,399
37100,NA,경산시,경산시,NA::경산시,NA::경산시,128.8047251954709,35.8463200685269,143,26.5,86.16666666666667,215.56666666666666,49.78333333333333,NA,NA,NA,NA,0,0,0
37520,NA,의성군,의성군,NA::의성군,NA::의성군,128.59585980433855,36.36163253492021,278,26.066666666666666,68.66666666666667,225.26666666666668,51.79666666666667,NA,NA,NA,NA,279,22,279
37530,NA,청송군,청송군,NA::청송군,NA::청송군,129.09370013313236,36.37601644607117,276,23.933333333333334,57.5,196.76666666666665,45.24666666666667,NA,NA,NA,NA,141,17,141
37540,NA,영양군,영양군,NA::영양군,NA::영양군,129.13522760602424,36.68617074651485,276,23.933333333333334,57.5,196.76666666666665,45.24666666666667,NA,NA,NA,NA,102,9,102
37550,NA,영덕군,영덕군,NA::영덕군,NA::영덕군,129.29378485283488,36.470416641594426,277,24.666666666666668,39.333333333333336,222.13333333333333,51.00333333333333,NA,NA,NA,NA,1557,21,1557
37560,NA,청도군,청도군,NA::청도군,NA::청도군,128.88326782383865,35.70687592623795,143,26.5,86.16666666666667,215.56666666666666,49.78333333333333,NA,NA,NA,NA,6,2,6
37570,NA,고령군,고령군,NA::고령군,NA::고령군,128.31078851494507,35.73246582509735,285,25.933333333333334,76.83333333333333,219.06666666666666,50.623333333333335,NA,NA,NA,NA,0,0,0
37580,NA,성주군,성주군,NA::성주군,NA::성주군,128.225166853266,35.9159901482203,279,26.2,97.76666666666667,216.36666666666667,49.88,NA,NA,NA,NA,0,0,0
37590,NA,칠곡군,칠곡군,NA::칠곡군,NA::칠곡군,128.4644900093707,36.00658747174061,279,26.2,97.76666666666667,216.36666666666667,49.88,NA,NA,NA,NA,31,7,31
37600,NA,예천군,예천군,NA::예천군,NA::예천군,128.46340974062178,36.650504630808726,136,25.833333333333332,68.5,246.96666666666667,56.766666666666666,NA,NA,NA,NA,88,6,88
37610,NA,봉화군,봉화군,NA::봉화군,NA::봉화군,128.89934190950677,36.925711245261276,271,23.333333333333332,89.83333333333333,191.63333333333333,43.85,NA,NA,NA,NA,584,61,584
37620,NA,울진군,울진군,NA::울진군,NA::울진군,129.28186322820574,36.89710269213964,130,23.466666666666665,54.63333333333333,203.83333333333334,46.64666666666667,NA,NA,NA,NA,0,0,0
37630,NA,울릉군,울릉군,NA::울릉군,NA::울릉군,130.85985781662882,37.502178626056526,115,23.4,36.666666666666664,229.33333333333334,52.52333333333333,NA,NA,NA,NA,0,0,0
38030,NA,진주시,진주시,NA::진주시,NA::진주시,128.12835149051827,35.201453341346024,192,25.166666666666668,81.43333333333334,219.46666666666667,50.86,NA,NA,NA,NA,212,3,212
38050,NA,통영시,통영시,NA::통영시,NA::통영시,128.36372017833358,34.903359811307574,162,25.133333333333333,94.26666666666667,234.63333333333333,54.413333333333334,NA,NA,NA,NA,16,1,16
38060,NA,사천시,사천시,NA::사천시,NA::사천시,128.1077594733109,35.03713137023253,192,25.166666666666668,81.43333333333334,219.46666666666667,50.86,NA,NA,NA,NA,1,1,1
38070,NA,김해시,김해시,NA::김해시,NA::김해시,128.861452196809,35.273050449508794,253,26.033333333333335,70.3,249.03333333333333,57.82666666666666,NA,NA,NA,NA,7,2,7
38080,NA,밀양시,밀양시,NA::밀양시,NA::밀양시,128.77011708480183,35.49397331233785,288,26.166666666666668,100.63333333333333,215.56666666666666,49.81333333333333,NA,NA,NA,NA,0,0,0
38090,NA,거제시,거제시,NA::거제시,NA::거제시,128.590217651838,34.87183188299389,294,25.866666666666667,145,223.93333333333334,51.86666666666667,NA,NA,NA,NA,0,0,0
38100,NA,양산시,양산시,NA::양산시,NA::양산시,129.0510908691383,35.402952150543,257,26.266666666666666,97.83333333333333,194.3,44.95666666666666,NA,NA,NA,NA,0,0,0
38111,NA,창원시 의창구,창원시,NA::창원시 의창구,NA::창원시,128.6357637647878,35.304947612618975,255,25.933333333333334,79.33333333333333,215.86666666666667,49.99333333333333,NA,NA,NA,NA,10,1,10
38112,NA,창원시 성산구,창원시,NA::창원시 성산구,NA::창원시,128.6704000652613,35.19814508022282,255,25.933333333333334,79.33333333333333,215.86666666666667,49.99333333333333,NA,NA,NA,NA,0,0,0
38113,NA,창원시 마산합포구,창원시,NA::창원시 마산합포구,NA::창원시,128.4702029149792,35.139236040255874,155,25.433333333333334,69.1,181.86666666666667,46.96333333333333,NA,NA,NA,NA,26,4,26
38114,NA,창원시 마산회원구,창원시,NA::창원시 마산회원구,NA::창원시,128.5438494627446,35.226944502685754,155,25.433333333333334,69.1,181.86666666666667,46.96333333333333,NA,NA,NA,NA,13,2,13
38115,NA,창원시 진해구,창원시,NA::창원시 진해구,NA::창원시,128.76848334356575,35.11914292022914,255,25.933333333333334,79.33333333333333,215.86666666666667,49.99333333333333,NA,NA,NA,NA,1,1,1
38510,NA,의령군,의령군,NA::의령군,NA::의령군,128.2861617381137,35.385046096243514,263,25.733333333333334,129,200.56666666666666,46.44,NA,NA,NA,NA,383,4,383
38520,NA,함안군,함안군,NA::함안군,NA::함안군,128.44133920960502,35.28314777511227,263,25.733333333333334,129,200.56666666666666,46.44,NA,NA,NA,NA,44,5,44
38530,NA,창녕군,창녕군,NA::창녕군,NA::창녕군,128.47092262651927,35.52735838092461,288,26.166666666666668,100.63333333333333,215.56666666666666,49.81333333333333,NA,NA,NA,NA,0,0,0
38540,NA,고성군,고성군,NA::고성군,NA::고성군,128.32117103164688,35.00911178845546,162,25.133333333333333,94.26666666666667,234.63333333333333,54.413333333333334,NA,NA,NA,NA,102,4,102
38550,NA,남해군,남해군,NA::남해군,NA::남해군,127.88072683061715,34.824411414399286,295,25.833333333333332,102.5,225.06666666666666,52.21,NA,NA,NA,NA,6,1,6
38560,NA,하동군,하동군,NA::하동군,NA::하동군,127.79470435681617,35.127158541366036,266,26.133333333333333,91.33333333333333,211.83333333333334,50.31,NA,NA,NA,NA,86,2,86
38570,NA,산청군,산청군,NA::산청군,NA::산청군,127.90855624771012,35.397087870732165,289,25.266666666666666,120.33333333333333,212.53333333333333,49.75,NA,NA,NA,NA,240,17,240
38580,NA,함양군,함양군,NA::함양군,NA::함양군,127.71997626343914,35.54335130888604,264,25.066666666666666,103.5,202.8,46.81333333333333,NA,NA,NA,NA,169,5,169
38590,NA,거창군,거창군,NA::거창군,NA::거창군,127.92495267372854,35.71215663106102,284,24.733333333333334,63.233333333333334,189.56666666666666,43.7,NA,NA,NA,NA,300,1,300
38600,NA,합천군,합천군,NA::합천군,NA::합천군,128.1681049869704,35.59943187994012,285,25.933333333333334,76.83333333333333,219.06666666666666,50.623333333333335,NA,NA,NA,NA,0,0,0
39010,NA,제주시,제주시,NA::제주시,NA::제주시,126.4825528050759,33.41970682415128,184,26.133333333333333,117.1,222.13333333333333,51.99,NA,NA,NA,NA,6,4,6
39020,NA,서귀포시,서귀포시,NA::서귀포시,NA::서귀포시,126.59610129736753,33.33900866312648,189,25.5,59.16666666666667,176.23333333333335,45.233333333333334,NA,NA,NA,NA,6,2,6
