자료년도,국가구분,시도,시군구,시가화건조지역,농업지역,산림지역,초지,습지,나지,수역,합계
1980,남한,강원도,강릉시,11.0331,120.6045,878.436,17.1963,0.1125,9.1026,6.6267,1043.1117
1980,남한,강원도,고성군,3.8133,78.4143,576.4959,6.8094,0,9.7497,19.0809,694.3635
1980,남한,강원도,동해시,8.8119,20.6127,138.9069,8.1864,0.0126,4.8978,0.4752,181.9035
1980,남한,강원도,삼척시,8.2539,68.5053,1072.1178,29.1132,0.3357,7.5762,3.2301,1189.1322
1980,남한,강원도,속초시,2.3544,14.9634,83.5704,1.2933,0.0099,2.3346,2.3454,106.8714
1980,남한,강원도,양구군,1.1367,75.123,630.234,6.8238,1.7631,8.9703,5.1444,729.1953
1980,남한,강원도,양양군,1.9737,56.7207,556.7355,8.7714,0.4662,5.5476,4.9905,635.2056
1980,남한,강원도,영월군,5.355,141.2658,945.7209,13.8195,0.1404,8.9631,6.8805,1122.1452
1980,남한,강원도,원주시,9.0306,141.5034,692.9352,9.8964,0.018,15.5844,5.1921,874.1601
1980,남한,강원도,인제군,2.6928,93.1149,1507.0689,12.0231,0.3915,10.0107,13.0437,1638.3456
1980,남한,강원도,정선군,5.0661,101.7837,1083.5532,15.8814,0.2232,8.334,3.6882,1218.5298
1980,남한,강원도,철원군,6.0822,196.0092,488.2869,56.6946,0.0702,10.3437,6.7392,764.226
1980,남한,강원도,춘천시,11.8674,114.0021,908.3691,16.2855,0.054,8.6724,56.2095,1115.46
1980,남한,강원도,태백시,4.6152,19.7973,273.2418,4.2291,0.0369,1.2888,0.0405,303.2496
1980,남한,강원도,평창군,1.4814,145.0458,1296.6831,11.2023,0.2133,8.0991,2.8107,1465.5357
1980,남한,강원도,홍천군,2.79,180.6795,1601.5572,16.1595,0.1377,11.8044,3.9915,1817.1198
1980,남한,강원도,화천군,1.6146,72.3384,933.0921,16.5096,1.9701,7.4853,20.7099,1053.72
1980,남한,강원도,횡성군,1.395,121.851,854.5266,8.838,0.1215,6.4341,1.4706,994.6368
1980,남한,경기도,가평군,1.8558,72.0396,745.5069,6.7392,0.0135,1.7757,13.0509,840.9816
1980,남한,경기도,고양시덕양구,10.0926,54.3906,73.6209,15.6375,1.1322,3.2139,4.4217,162.5094
1980,남한,경기도,고양시일산동구,2.7495,33.1569,18.4086,2.4804,1.9962,1.0179,0.4536,60.2631
1980,남한,경기도,고양시일산서구,3.2355,29.2428,3.0357,0.2943,3.7107,0.5526,2.9403,43.0119
1980,남한,경기도,과천시,2.5218,7.5204,22.2291,2.0223,0.0306,0.8604,0.1935,35.3781
1980,남한,경기도,광명시,7.8966,12.1896,16.092,1.8171,0.1665,0.7677,0.0801,39.0096
1980,남한,경기도,광주시,2.8107,62.4132,319.059,32.814,0.0162,2.1573,9.4266,428.697
1980,남한,경기도,구리시,4.2903,10.1376,12.0402,3.8889,0.0198,0.5247,1.3635,32.265
1980,남한,경기도,군포시,3.789,8.037,18.0945,4.8654,0.0153,0.8046,0.3528,35.9586
1980,남한,경기도,김포시,19.1601,146.3094,71.208,4.6647,11.2482,1.3266,26.505,280.422
1980,남한,경기도,남양주시,7.0992,73.8801,337.5027,29.4723,0.1188,1.5714,8.3187,457.9632
1980,남한,경기도,동두천시,3.5091,17.5662,69.048,4.8096,0.0009,0.4914,0.405,95.8302
1980,남한,경기도,부천시소사구,5.9049,2.6703,3.5793,0.5688,0.0486,0.2673,0.0027,13.0419
1980,남한,경기도,부천시오정구,7.7787,8.9586,2.862,0.1044,0,0.4734,0.0054,20.1825
1980,남한,경기도,부천시원미구,9.3942,7.3197,3.2436,0.2835,0.1152,0.2151,0.0027,20.574
1980,남한,경기도,성남시분당구,1.7118,15.6969,45.9657,5.6511,0.0036,0.3942,0.3951,69.8184
1980,남한,경기도,성남시수정구,6.7536,8.7201,24.4773,4.4946,0.0045,0.8703,0.1998,45.5202
1980,남한,경기도,성남시중원구,5.4675,3.7332,15.2874,1.3347,0.0054,0.3996,0.0144,26.2422
1980,남한,경기도,수원시권선구,8.1081,25.5483,7.6563,3.2409,0.162,2.5947,0.0477,47.358
1980,남한,경기도,수원시영통구,3.1581,10.251,10.5219,1.62,0.0207,1.7604,0.5382,27.8703
1980,남한,경기도,수원시장안구,5.805,6.9516,17.181,1.8072,0.0801,1.0251,0.2817,33.1317
1980,남한,경기도,수원시팔달구,7.1703,2.0205,1.3743,0.6552,0.0513,1.5705,0.2115,13.0536
1980,남한,경기도,시흥시,4.5639,48.3606,47.0133,3.9663,14.8014,1.386,17.4735,137.565
1980,남한,경기도,안산시단원구,10.6524,24.7086,29.1303,5.4009,6.6528,9.7866,9.4617,95.7933
1980,남한,경기도,안산시상록구,2.8737,16.3305,22.4172,6.7815,1.3752,8.2791,0.7587,58.8159
1980,남한,경기도,안성시,5.4108,230.4207,270.2403,35.433,0.1242,8.3592,4.5324,554.5206
1980,남한,경기도,안양시동안구,6.6114,5.6277,7.6023,1.6308,0.1377,0.5481,0.0009,22.1589
1980,남한,경기도,안양시만안구,7.4151,3.6675,21.4515,3.4029,0.0189,0.927,0.0081,36.891
1980,남한,경기도,양주시,5.2605,91.5633,183.2796,25.3953,0.009,3.8277,0.9819,310.3173
1980,남한,경기도,양평군,2.7018,131.6511,703.791,22.5135,0.0441,2.2356,16.3629,879.3
1980,남한,경기도,여주군,4.5648,227.3184,306.7452,36.0675,0.0081,22.0941,10.7559,607.554
1980,남한,경기도,연천군,4.3461,231.507,544.815,60.9066,0.1746,11.3634,8.2314,861.3441
1980,남한,경기도,오산시,3.3741,20.2077,14.8311,3.0168,0,0.8397,0.2412,42.5106
1980,남한,경기도,용인시기흥구,2.1726,17.6526,48.9294,9.1071,0.0081,1.8612,1.8342,81.5652
1980,남한,경기도,용인시수지구,0.5436,7.5114,30.0816,3.5082,0.0036,0.2979,0.0585,42.0048
1980,남한,경기도,용인시처인구,4.2993,125.9622,288.6705,42.444,0.0027,3.2886,3.7404,468.4077
1980,남한,경기도,의왕시,3.4614,9.9027,35.0001,3.825,0.0468,0.981,0.8523,54.0693
1980,남한,경기도,의정부시,8.4105,17.4168,48.2706,6.3918,0.0126,1.2834,0.0117,81.7974
1980,남한,경기도,이천시,5.3892,253.0368,159.5466,34.1946,0.0117,7.9821,0.918,461.079
1980,남한,경기도,파주시,12.3336,214.7715,287.6472,43.6473,7.8246,6.0075,15.8868,588.1185
1980,남한,경기도,평택시,19.1961,312.4854,70.1829,16.4106,2.1735,11.1762,21.0411,452.6658
1980,남한,경기도,포천시,5.2668,207.5364,581.9031,16.5141,0.0072,12.3417,3.2589,826.8282
1980,남한,경기도,하남시,5.8401,22.6305,52.3665,5.0418,0.3276,3.096,4.9059,94.2084
1980,남한,경기도,화성시,12.321,352.377,246.2346,29.0691,27.1116,13.9383,17.7669,698.8185
1980,남한,경상남도,거제시,8.6094,71.5293,302.3838,16.1991,0.9855,2.9781,17.7291,420.4143
1980,남한,경상남도,거창군,4.8933,120.0942,654.2406,13.3515,0.0099,6.0768,2.6253,801.2916
1980,남한,경상남도,고성군,3.0393,138.7719,355.5045,13.4316,1.1556,3.2985,9.1476,524.349
1980,남한,경상남도,김해시,7.6365,138.8538,281.8809,19.9071,0.27,5.2488,8.0325,461.8296
1980,남한,경상남도,남해군,3.9231,98.9514,238.9311,7.8363,4.8195,7.6941,11.808,373.9635
1980,남한,경상남도,밀양시,14.2605,191.6082,545.0895,36.7515,0.2655,4.9338,9.7398,802.6488
1980,남한,경상남도,사천시,5.7456,125.064,244.9539,7.0875,4.9527,9.1629,8.8668,405.8334
1980,남한,경상남도,산청군,3.7719,111.5235,646.2486,17.6175,0.1098,6.5448,4.8402,790.6563
1980,남한,경상남도,양산시,9.7011,69.7293,381.7926,17.0802,0.0567,1.917,5.175,485.4519
1980,남한,경상남도,의령군,3.0519,91.5066,361.9989,14.1777,0.0774,6.5628,5.2569,482.6322
1980,남한,경상남도,진주시,11.9322,174.9636,471.6918,15.1542,0.2286,16.1037,22.9707,713.0448
1980,남한,경상남도,창녕군,7.8021,172.0296,303.8193,23.2092,1.7433,7.0641,11.7333,527.4009
1980,남한,경상남도,창원시마산합포구,8.0469,44.3952,179.4204,7.7094,0.1008,1.3428,10.2879,251.3034
1980,남한,경상남도,창원시마산회원구,9.3879,9.936,68.7438,2.3256,0.0423,0.6264,0.2736,91.3356
1980,남한,경상남도,창원시성산구,11.9052,11.2761,51.2514,6.1551,0.1251,1.4985,0.6084,82.8198
1980,남한,경상남도,창원시의창구,7.7337,78.2352,103.6503,13.059,0.2124,3.7197,4.5243,211.1346
1980,남한,경상남도,창원시진해구,6.2082,17.4987,77.3901,7.3458,0.1377,1.2168,3.4461,113.2434
1980,남한,경상남도,통영시,6.0714,51.3297,160.875,15.6015,1.3743,2.7207,20.2563,258.2289
1980,남한,경상남도,하동군,2.8719,119.2266,527.0121,7.2765,2.1555,9.5742,9.5751,677.6919
1980,남한,경상남도,함안군,3.8493,140.8041,247.0806,16.4124,0.2304,3.6891,4.059,416.1249
1980,남한,경상남도,함양군,3.7782,90.9126,605.8377,15.0912,0.0432,4.2741,1.6785,721.6155
1980,남한,경상남도,합천군,4.3713,169.9164,742.8924,23.562,0.0063,13.2291,29.727,983.7045
1980,남한,경상북도,경산시,15.39,107.2548,263.5074,19.7244,0.0171,1.1124,4.5225,411.5286
1980,남한,경상북도,경주시,25.8372,308.1321,933.6924,45.5013,0.0108,1.2141,10.8225,1325.2104
1980,남한,경상북도,고령군,4.3704,89.1153,263.7612,10.4688,0.0351,8.37,8.5914,384.7122
1980,남한,경상북도,구미시,14.8653,166.2093,380.8881,14.8239,0.0036,27.0171,11.8638,615.6711
1980,남한,경상북도,군위군,6.0399,107.5968,473.1552,21.7152,0.0459,0.9576,2.3202,611.8308
1980,남한,경상북도,김천시,7.0659,171.7173,790.9146,18.6417,0.0081,14.166,3.195,1005.7086
1980,남한,경상북도,문경시,8.3295,125.4483,756.4761,11.4903,0.0189,8.487,4.5495,914.7996
1980,남한,경상북도,봉화군,2.4372,167.2308,1008.2106,15.6366,0.0324,7.8975,1.332,1202.7771
1980,남한,경상북도,상주시,7.7463,302.5962,894.1257,22.3443,0.0126,14.3667,10.5525,1251.7443
1980,남한,경상북도,성주군,5.8455,145.9503,434.8044,20.5776,0.0441,5.3388,2.3346,614.8953
1980,남한,경상북도,안동시,16.137,293.9751,1111.6737,54.5931,0.0342,2.7576,49.4217,1528.5924
1980,남한,경상북도,영덕군,6.0543,82.7145,625.5702,28.1304,0.0657,1.2744,4.1904,747.9999
1980,남한,경상북도,영양군,5.7492,64.809,731.0349,18.0441,0.0081,0.3114,1.6551,821.6118
1980,남한,경상북도,영주시,5.3199,160.0317,481.9617,13.194,0.0549,10.2618,3.3966,674.2206
1980,남한,경상북도,영천시,12.7359,209.6856,647.676,34.8957,0.0108,0.4005,10.6938,916.0983
1980,남한,경상북도,예천군,4.2057,214.1109,402.2406,19.3311,0.4302,16.6509,7.4979,664.4673
1980,남한,경상북도,울릉군,0.5724,9.4644,61.407,1.2825,0,0.6849,2.5713,75.9825
1980,남한,경상북도,울진군,7.6383,79.0542,866.3589,30.537,0.0477,8.4807,2.8278,994.9446
1980,남한,경상북도,의성군,11.9475,299.8602,800.9181,41.9958,0.063,6.8742,7.6248,1169.2836
1980,남한,경상북도,청도군,6.0948,117.342,542.2725,22.1724,0.0576,0.6795,2.6748,691.2936
1980,남한,경상북도,청송군,8.7525,90.0792,719.8353,26.6922,0.0018,0.1179,2.4309,847.9098
1980,남한,경상북도,칠곡군,7.3152,93.1896,325.2258,12.6468,0.0252,5.3541,8.2458,452.0025
1980,남한,경상북도,포항시남구,35.0478,72.09,263.5623,16.1289,0.063,2.5704,5.6727,395.1351
1980,남한,경상북도,포항시북구,12.7017,149.1399,544.6557,25.3611,0.0756,1.7766,4.1211,737.8317
1980,남한,광주광역시,광산구,4.9833,126.4644,67.2615,7.4538,0.2601,11.4804,3.7449,221.6484
1980,남한,광주광역시,남구,6.7779,31.1985,19.1934,1.3446,0,1.3788,0.5391,60.4323
1980,남한,광주광역시,동구,6.0516,4.3173,36.4293,0.3609,0,1.2852,0.0639,48.5082
1980,남한,광주광역시,북구,10.9863,43.7787,57.2778,2.1726,0.0099,6.0462,1.6191,121.8906
1980,남한,광주광역시,서구,6.8589,25.1172,8.9604,1.404,0,3.5667,0.6903,46.5975
1980,남한,대구광역시,남구,9.6894,0.0054,6.9435,0.8199,0,0.045,0.0144,17.5176
1980,남한,대구광역시,달서구,19.4976,17.847,22.8726,2.7846,0.0027,0.3978,0.6912,64.0935
1980,남한,대구광역시,달성군,11.5335,111.1356,269.6445,13.8051,0.0207,6.0687,11.0223,423.2304
1980,남한,대구광역시,동구,19.2384,30.9807,118.9548,10.6965,0.0216,0.3123,1.8927,182.097
1980,남한,대구광역시,북구,20.0178,16.5555,48.9636,5.5125,0.0045,0.0747,2.2482,93.3768
1980,남한,대구광역시,서구,13.9986,0.6867,1.9413,0.5319,0,0.0081,0.1368,17.3034
1980,남한,대구광역시,수성구,20.5812,9.8397,40.3335,4.869,0.0144,0.0504,0.8424,76.5306
1980,남한,대구광역시,중구,6.9588,0,0.0738,0.0387,0,0,0,7.0713
1980,남한,대전광역시,대덕구,10.3239,9.5904,35.8263,2.853,0.0072,4.7484,6.4818,69.831
1980,남한,대전광역시,동구,11.4723,10.8513,92.9052,5.5962,0.009,2.9502,12.7818,136.566
1980,남한,대전광역시,서구,8.8083,19.6974,54.9207,3.7539,0.0189,7.5456,1.2825,96.0273
1980,남한,대전광역시,유성구,4.869,44.1918,99.747,13.2822,0.0144,12.1176,1.4994,175.7214
1980,남한,대전광역시,중구,11.3625,5.769,39.6936,1.9494,0.0036,2.7738,0.2205,61.7724
1980,남한,부산광역시,강서구,7.0065,87.2001,52.2027,6.4449,0.4662,2.6235,28.5399,184.4838
1980,남한,부산광역시,금정구,8.5473,4.5009,44.8074,4.6845,0.1053,1.0107,1.3824,65.0385
1980,남한,부산광역시,기장군,3.1077,40.7934,163.1592,9.4545,0.0936,1.5156,2.3373,220.4613
1980,남한,부산광역시,남구,11.106,0,8.3655,4.1121,0.0648,0.9117,1.6344,26.1945
1980,남한,부산광역시,동구,6.0561,0,2.799,0.5409,0,0.1197,0.0153,9.531
1980,남한,부산광역시,동래구,8.9928,0,5.3955,2.0394,0.0342,0.4572,0.0387,16.9578
1980,남한,부산광역시,부산진구,13.0122,0,13.2633,2.6613,0.0009,0.5328,0.045,29.5155
1980,남한,부산광역시,북구,5.2515,2.682,26.7534,2.376,0.0135,0.9423,2.25,40.2687
1980,남한,부산광역시,사상구,11.7576,5.2056,15.1461,0.9999,0.1539,0.837,2.583,36.6831
1980,남한,부산광역시,사하구,11.4939,5.1345,14.0121,1.6371,0.1863,3.8475,4.8888,41.2002
1980,남한,부산광역시,서구,4.5072,0.0045,6.6771,1.9359,0.0261,0.252,0.5724,13.9752
1980,남한,부산광역시,수영구,5.8401,0,2.3931,1.5597,0.0207,0.3285,0.342,10.4841
1980,남한,부산광역시,연제구,6.966,0,3.5316,1.3032,0.0099,0.3132,0.0162,12.1401
1980,남한,부산광역시,영도구,5.3262,0,5.4036,2.1258,0.198,0.4356,0.9477,14.4369
1980,남한,부산광역시,중구,2.3571,0,0.3177,0.2889,0,0.0126,0.0306,3.0069
1980,남한,부산광역시,해운대구,9.0981,5.9823,29.0232,6.0759,0.045,1.4328,0.5139,52.1712
1980,남한,서울특별시,강남구,19.9044,5.3037,7.0785,2.9412,0.0027,1.3743,1.8144,38.4192
1980,남한,서울특별시,강동구,12.3264,5.3721,3.8133,0.4752,0.0162,0.7065,2.7819,25.4916
1980,남한,서울특별시,강북구,8.0064,0.189,13.0806,2.2005,0.0009,0.2313,0,23.7087
1980,남한,서울특별시,강서구,20.5092,10.8369,3.978,2.1204,0.0936,1.3734,3.9051,42.8166
1980,남한,서울특별시,관악구,11.9916,0,15.5349,2.0736,0.0009,0.2511,0,29.8521
1980,남한,서울특별시,광진구,10.5057,0.4995,3.1239,1.0665,0.0063,0.3708,2.1294,17.7021
1980,남한,서울특별시,구로구,13.2129,1.6587,3.636,0.9513,0.0522,0.2313,0.0864,19.8288
1980,남한,서울특별시,금천구,8.541,0.2907,2.889,0.5913,0.0189,0.2295,0.0045,12.5649
1980,남한,서울특별시,노원구,11.8215,3.1896,15.6843,2.9952,0,1.8171,0.0171,35.5248
1980,남한,서울특별시,도봉구,7.3935,0.864,9.1908,2.7207,0.0018,0.5652,0.0063,20.7423
1980,남한,서울특별시,동대문구,12.0213,0,1.4211,0.8937,0.0027,0.1179,0.0216,14.4783
1980,남한,서울특별시,동작구,11.6703,0,3.1311,1.3896,0.036,0.1206,1.0395,17.3871
1980,남한,서울특별시,마포구,15.4539,1.8792,1.2141,0.4752,0.2439,0.4977,4.8834,24.6474
1980,남한,서울특별시,서대문구,10.1997,0,4.9113,2.178,0.0009,0.1665,0,17.4564
1980,남한,서울특별시,서초구,14.8239,5.9715,20.0664,4.0104,0.0702,1.287,1.6623,47.8917
1980,남한,서울특별시,성동구,11.9844,0,1.0557,1.4031,0.0531,0.3762,1.6839,16.5564
1980,남한,서울특별시,성북구,13.1049,0.0099,7.7562,3.0213,0.0027,0.4725,0.0099,24.3774
1980,남한,서울특별시,송파구,18.5094,4.3353,2.4624,3.6639,0.0099,1.7172,2.9718,33.6699
1980,남한,서울특별시,양천구,12.8349,0.8181,2.2788,1.1727,0.0423,0.6075,0.0828,17.8371
1980,남한,서울특별시,영등포구,16.8453,0,0.4824,0.9621,0.0891,0.4032,2.8305,21.6126
1980,남한,서울특별시,용산구,13.1877,0,2.8206,1.8144,0.0558,0.1971,3.1437,21.2193
1980,남한,서울특별시,은평구,12.0069,1.548,14.0697,3.3165,0.0162,0.2934,0.0522,31.3029
1980,남한,서울특별시,종로구,8.3979,0,10.8738,4.3974,0.009,0.1908,0.0063,23.8752
1980,남한,서울특별시,중구,7.9947,0,1.5174,0.4725,0.0009,0.0558,0.0027,10.044
1980,남한,서울특별시,중랑구,9.7227,1.6659,5.4747,0.8613,0.0081,0.1476,0.0495,17.9298
1980,남한,울산광역시,남구,22.32,14.8869,22.6818,7.1082,0.1215,2.8764,5.7951,75.7899
1980,남한,울산광역시,동구,6.5952,6.5178,19.3923,1.8612,0.0801,1.3086,2.2041,37.9593
1980,남한,울산광역시,북구,7.5573,38.2554,105.1317,5.4648,0.0081,1.0521,1.6776,159.147
1980,남한,울산광역시,울주군,14.5404,148.9797,560.223,25.0542,0.315,1.359,8.4222,758.8935
1980,남한,울산광역시,중구,5.9805,8.6886,17.4969,3.1734,0.0009,0.5202,0.6273,36.4878
1980,남한,인천광역시,강화군,11.3544,197.8173,184.1274,4.8033,11.7333,1.9089,45.7641,457.5087
1980,남한,인천광역시,계양구,9.1161,22.3443,12.1977,1.2996,0.0045,0.6219,0.0009,45.585
1980,남한,인천광역시,남구,17.3007,1.9161,1.8891,1.0062,0.5634,1.4697,0.5517,24.6969
1980,남한,인천광역시,남동구,10.5102,17.0847,12.6693,3.4659,7.0947,4.5639,23.1039,78.4926
1980,남한,인천광역시,동구,5.5062,0,0.0549,0.1647,0.0936,0.1422,1.08,7.0416
1980,남한,인천광역시,부평구,17.7255,7.3305,4.2633,1.1943,0.0342,1.4382,0.0009,31.9869
1980,남한,인천광역시,서구,20.6244,31.2768,30.1968,1.0665,37.9449,3.798,6.4503,131.3577
1980,남한,인천광역시,연수구,2.7396,8.019,4.6485,0.5121,0.2835,1.6074,29.7711,47.5812
1980,남한,인천광역시,옹진군,3.2994,23.7303,107.2206,2.97,8.3835,5.3586,43.2792,194.2416
1980,남한,인천광역시,중구,13.1418,23.1813,36.3087,3.9897,11.1627,4.8105,53.6067,146.2014
1980,남한,전라남도,강진군,2.3544,181.2762,284.2092,11.4867,5.0211,7.3791,10.3221,502.0488
1980,남한,전라남도,고흥군,5.9337,285.4899,426.3498,17.4879,28.4499,25.6455,32.1624,821.5191
1980,남한,전라남도,곡성군,2.1195,111.7971,414.1935,5.0742,0.4446,8.7741,5.2515,547.6545
1980,남한,전라남도,광양시,11.3994,82.647,319.5126,5.049,8.7858,12.2886,26.3772,466.0596
1980,남한,전라남도,구례군,1.7181,65.4075,359.4933,2.9313,0.0648,5.2362,4.8015,439.6527
1980,남한,전라남도,나주시,7.5879,316.4733,233.9694,18.1467,1.2537,10.3869,19.9845,607.8024
1980,남한,전라남도,담양군,3.7521,143.7768,282.0411,12.861,0.2889,3.1059,6.1533,451.9791
1980,남한,전라남도,목포시,13.4919,19.1196,9.594,2.5776,4.338,1.4832,3.1185,53.7228
1980,남한,전라남도,무안군,20.4606,251.3097,121.635,28.809,16.3314,3.6657,21.1212,463.3326
1980,남한,전라남도,보성군,3.9834,193.4649,441.0351,9.288,3.2796,8.6571,6.1299,665.838
1980,남한,전라남도,순천시,8.5914,192.5316,671.5557,10.0872,4.5666,16.3872,9.0288,912.7485
1980,남한,전라남도,신안군,19.4679,254.6082,268.3278,20.6847,202.131,13.7358,71.9109,850.8663
1980,남한,전라남도,여수시,17.1702,146.0502,286.8048,20.6469,8.7363,16.6365,36.5994,532.6443
1980,남한,전라남도,영광군,9.6282,213.1965,186.4719,32.1147,31.4415,12.9582,9.8046,495.6156
1980,남한,전라남도,영암군,9.7929,282.2382,219.4614,24.0534,7.0569,7.7724,21.1455,571.5207
1980,남한,전라남도,완도군,6.7869,93.4803,246.1653,17.2107,13.3047,19.3707,56.4426,452.7612
1980,남한,전라남도,장성군,6.6042,163.8414,312.2415,25.5006,0.2898,2.9151,7.137,518.5296
1980,남한,전라남도,장흥군,3.1734,178.3593,405.3771,12.1068,2.106,10.1223,7.6257,618.8706
1980,남한,전라남도,진도군,5.9463,153.0846,234.5922,14.9499,18.5337,3.0033,28.0998,458.2098
1980,남한,전라남도,함평군,4.509,189.7668,168.7086,15.6438,1.2942,5.8815,5.5062,391.3101
1980,남한,전라남도,해남군,13.8726,383.7744,399.8277,38.7675,96.57,31.1058,40.3353,1004.2533
1980,남한,전라남도,화순군,3.4389,142.3287,615.7836,4.5522,1.4481,9.3483,10.449,787.3488
1980,남한,전라북도,고창군,7.3395,308.7594,221.211,49.9509,7.5762,9.2268,6.4008,610.4646
1980,남한,전라북도,군산시,20.1996,198.3582,72.1503,19.6146,23.9715,9.1206,38.7549,382.1697
1980,남한,전라북도,김제시,11.3625,362.5101,90.2763,26.1657,5.5116,9.0765,5.6709,510.5736
1980,남한,전라북도,남원시,6.6177,202.5702,502.164,22.8726,0.1854,11.3598,3.564,749.3337
1980,남한,전라북도,무주군,4.7772,53.2764,558.3249,8.1675,0.0081,3.5586,1.9206,630.0333
1980,남한,전라북도,부안군,9.2286,243.6759,179.0217,22.941,8.217,7.8246,15.4656,486.3744
1980,남한,전라북도,순창군,2.4111,126.7893,341.28,20.916,0.387,4.5675,2.8503,499.2012
1980,남한,전라북도,완주군,5.1597,157.3119,611.442,30.6459,0.1035,9.1971,8.1603,822.0204
1980,남한,전라북도,익산시,15.4863,321.2379,114.4548,28.5471,2.4309,18.3258,8.4807,508.9635
1980,남한,전라북도,임실군,2.7387,104.0913,442.8036,27.4788,0.0108,4.968,16.6608,598.752
1980,남한,전라북도,장수군,3.3903,71.1792,443.772,9.3825,0.081,2.3697,1.1322,531.3069
1980,남한,전라북도,전주시덕진구,11.3751,51.2622,32.1651,6.8049,0.027,7.1244,2.07,110.8287
1980,남한,전라북도,전주시완산구,7.9785,23.985,51.8868,5.445,0.0045,4.7556,0.3645,94.4199
1980,남한,전라북도,정읍시,9.4437,280.0674,334.1394,46.8963,0.1314,15.3621,10.0458,696.0861
1980,남한,전라북도,진안군,5.4738,106.1145,651.7863,17.2737,0.0171,6.246,3.3057,790.2171
1980,남한,제주특별자치도,서귀포시,20.0979,174.1086,455.0931,218.1348,0,3.285,15.9057,886.6251
1980,남한,제주특별자치도,제주시,49.2858,205.218,470.772,248.418,0.9099,4.8672,19.5669,999.0378
1980,남한,충청남도,계룡시,0.7614,8.127,43.9884,4.7601,0.0027,2.5218,0.1341,60.2955
1980,남한,충청남도,공주시,6.7419,197.2494,660.3201,56.4039,0.0459,9.0747,10.6695,940.5054
1980,남한,충청남도,금산군,5.0427,90.9972,452.8404,19.1898,0.0135,7.0695,2.3427,577.4958
1980,남한,충청남도,논산시,10.0503,248.6655,243.432,31.1598,1.9656,11.5317,5.3622,552.1671
1980,남한,충청남도,당진군,11.9637,376.353,180.5022,18.5904,47.6037,7.6437,63.7344,706.3911
1980,남한,충청남도,보령시,8.1621,170.1909,319.2696,47.7846,27.8946,13.2264,16.659,603.1872
1980,남한,충청남도,부여군,7.1739,238.6278,304.9812,48.5244,0.3204,11.0475,14.553,625.2282
1980,남한,충청남도,서산시,10.4427,350.5932,251.2404,34.3503,32.1849,16.6392,35.3439,730.7946
1980,남한,충청남도,서천군,8.5581,163.3068,139.4136,29.7531,5.1912,6.579,17.4222,370.224
1980,남한,충청남도,아산시,13.7529,274.0779,208.5687,19.9755,1.3833,5.0607,19.7262,542.5452
1980,남한,충청남도,연기군,5.5053,99.774,210.1644,29.5128,0.0477,12.3984,4.0977,361.5003
1980,남한,충청남도,예산군,7.506,251.7543,232.5186,36.9603,1.0647,4.2102,7.8174,541.8315
1980,남한,충청남도,천안시동남구,7.8147,115.2108,285.7086,23.5674,0.0441,4.635,1.0098,437.9904
1980,남한,충청남도,천안시서북구,5.2866,121.0662,54.3456,10.7253,0.0009,4.1418,1.5354,197.1018
1980,남한,충청남도,청양군,2.7378,120.312,322.8894,28.6677,0.0909,2.5452,3.3462,480.5892
1980,남한,충청남도,태안군,7.0866,201.7701,194.9184,36.2493,55.7667,26.9766,48.5757,571.3434
1980,남한,충청남도,홍성군,6.2928,212.2362,172.3509,40.6998,8.2089,2.9727,10.2177,452.979
1980,남한,충청북도,괴산군,5.5386,133.6725,676.2699,16.1199,0.0234,4.7835,5.0571,841.4649
1980,남한,충청북도,단양군,4.8186,118.2294,630.6723,12.5955,0.0234,4.9446,9.576,780.8598
1980,남한,충청북도,보은군,5.103,106.1487,443.1411,14.9157,0.0423,3.1644,11.3661,583.8813
1980,남한,충청북도,영동군,5.4585,77.7312,745.0794,13.4379,0.0252,6.561,4.9491,853.2423
1980,남한,충청북도,옥천군,5.7771,77.1399,411.4881,21.0591,0.0315,4.9977,21.1131,541.6065
1980,남한,충청북도,음성군,3.6459,191.7801,295.2387,18.9099,0.0702,6.1335,4.7979,520.5762
1980,남한,충청북도,제천시,5.2434,153.5328,667.2078,13.8303,0.0252,6.6681,35.0046,881.5122
1980,남한,충청북도,증평군,2.1888,26.6787,45.2259,5.1507,0,2.0475,0.5616,81.8532
1980,남한,충청북도,진천군,3.8421,133.3404,242.0028,18.279,0.2421,4.356,5.5215,407.5839
1980,남한,충청북도,청원군,12.7287,215.1927,500.2605,47.4732,0.1233,17.865,19.8189,813.4623
1980,남한,충청북도,청주시상당구,8.6535,19.4553,31.9104,4.9509,0.0108,3.6909,0.4221,69.0939
1980,남한,충청북도,청주시흥덕구,12.0951,32.2029,25.8687,5.5647,0.0117,8.5401,0.1827,84.4659
1980,남한,충청북도,충주시,9.8082,210.5109,685.5606,19.2114,0.0909,17.6895,39.9303,982.8018
1980,북한,강원도,고산군,1.5201,130.8321,266.6088,28.0989,0.027,9.3636,3.3534,439.8039
1980,북한,강원도,고성군,5.301,88.5438,717.7698,9.3168,0,12.8403,8.2539,842.0256
1980,북한,강원도,금강군,1.3617,70.2963,926.2152,7.8831,0.0423,8.4141,2.7945,1017.0072
1980,북한,강원도,김화군,7.9947,101.6172,586.9548,13.6881,0.0045,0.9081,2.2581,713.4255
1980,북한,강원도,문천군,5.1003,62.7129,175.338,15.6078,0.9684,3.4857,1.5579,264.771
1980,북한,강원도,법동군,0.3438,53.1108,746.0955,23.823,0.2088,3.4668,1.521,828.5697
1980,북한,강원도,세포군,1.3338,124.1496,768.0132,62.3691,0.1296,0.576,3.5496,960.1209
1980,북한,강원도,안변군,5.796,123.4467,365.0895,17.6859,0.261,13.0905,4.9824,530.352
1980,북한,강원도,원산시,12.2058,60.1335,202.0662,15.4305,0.5922,5.3667,2.1933,297.9882
1980,북한,강원도,이천군,0.5319,78.5763,476.2557,53.4996,0.1539,2.1564,3.3435,614.5173
1980,북한,강원도,창도군,2.3058,87.6051,533.6613,4.2921,0.0162,2.1555,3.1131,633.1491
1980,북한,강원도,천내군,5.1363,75.0618,277.6878,14.7573,4.2615,2.025,2.2698,381.1995
1980,북한,강원도,철원군,2.3283,149.8617,313.5474,36.1233,0.009,2.5083,5.6565,510.0345
1980,북한,강원도,통천군,8.0253,114.1254,441.5508,4.7295,0.018,14.1183,13.6683,596.2356
1980,북한,강원도,판교군,0.3528,83.8377,683.9307,50.6034,0.3393,1.9098,4.0869,825.0606
1980,북한,강원도,평강군,4.7376,251.4258,467.7516,54.4743,0.2781,0.8352,10.908,790.4106
1980,북한,강원도,회양군,2.628,85.3452,637.2468,13.5558,0.1395,1.5903,3.1077,743.6133
1980,북한,개성특급시,개성시,13.8852,32.7537,101.1447,12.6234,0.0288,1.7271,1.26,163.4229
1980,북한,개성특급시,개풍군,9.4635,117.72,64.0377,7.1073,2.1231,2.9997,9.0927,212.544
1980,북한,개성특급시,장풍군,1.5912,145.89,241.9875,78.624,0.5445,7.6671,2.5704,478.8747
1980,북한,개성특급시,판문군,7.3611,192.5748,43.1244,74.9736,5.4054,7.4205,24.768,355.6278
1980,북한,나선특별시,나진시,5.6025,39.879,574.5159,24.9417,0.0297,4.6359,3.5946,653.1993
1980,북한,나선특별시,선봉군,3.0897,69.1479,395.2179,23.2821,0.0927,5.4594,39.4056,535.6953
1980,북한,남포특별시,남포시,53.9415,278.0613,179.0883,45.6039,18.4734,7.6005,104.7303,687.4992
1980,북한,남포특별시,용강군,2.5785,91.6875,62.3322,13.5414,0.4869,5.4783,3.015,179.1198
1980,북한,양강도,갑산군,0.5355,63.6201,927.5013,117.3861,0.009,3.7305,1.8477,1114.6302
1980,북한,양강도,김정숙군,0.1719,33.552,1130.841,71.3592,0.018,2.4417,6.7086,1245.0924
1980,북한,양강도,김형권군,0.8442,80.5707,1191.7017,38.6505,8.3322,15.3315,8.8758,1344.3066
1980,북한,양강도,김형직군,0.7461,38.6811,1357.2468,39.9222,0.0018,2.5893,6.5682,1445.7555
1980,북한,양강도,대흥단군,0.8334,101.5083,514.0125,21.5892,0,8.2701,3.8691,650.0826
1980,북한,양강도,백암군,0.9891,53.2782,1931.4063,46.5732,10.9467,3.456,2.6145,2049.264
1980,북한,양강도,보천군,1.0323,73.8684,734.9247,98.2287,0.0027,6.2667,0.1881,914.5116
1980,북한,양강도,삼수군,0.1692,55.6263,753.3819,100.4823,0.0117,3.0312,1.2942,913.9968
1980,북한,양강도,삼지연군,1.2231,26.5626,987.3306,208.1745,0.009,55.7757,4.1688,1283.2443
1980,북한,양강도,운흥군,1.3167,45.207,733.7232,83.0232,0.3636,3.7224,0.6687,868.0248
1980,북한,양강도,풍서군,0.8676,91.152,1523.5056,62.4096,2.0745,3.5577,14.2029,1697.7699
1980,북한,양강도,혜산시,8.3331,49.6323,150.9696,55.9071,0.0036,4.4676,1.0548,270.3681
1980,북한,자강도,강계시,14.3856,41.5611,193.0599,0.9882,0.1026,1.485,2.5902,254.1726
1980,북한,자강도,고풍군,0.1512,64.2924,636.1533,10.0422,0.6174,0.8838,2.5812,714.7215
1980,북한,자강도,낭림군,2.2752,64.7037,1958.0535,27.2826,2.0475,2.2149,29.5605,2086.1379
1980,북한,자강도,동신군,0.0918,66.0366,1103.9022,4.7142,0.0828,1.7316,2.5317,1179.0909
1980,북한,자강도,만포시,10.4391,77.7375,518.049,7.8444,0.1539,5.3415,11.5614,631.1268
1980,북한,자강도,성간군,2.9871,50.1075,860.9022,3.4173,0.1224,1.0962,3.3498,921.9825
1980,북한,자강도,송원군,0.711,73.4868,1108.3446,11.4858,0.8631,0.6633,17.8893,1213.4439
1980,북한,자강도,시중군,3.0294,47.5245,539.9226,4.6836,0.1431,2.3013,19.3401,616.9446
1980,북한,자강도,용림군,0.2547,33.5502,1147.6908,3.3687,0.0414,2.1744,2.574,1189.6542
1980,북한,자강도,우시군,0.1971,71.8938,566.0424,21.1905,7.2018,3.2589,9.5112,679.2957
1980,북한,자강도,위원군,0.0459,72.2043,963.3573,12.4812,0.3105,1.0773,13.6953,1063.1718
1980,북한,자강도,자성군,2.5605,54.5319,713.3652,18.9657,0.1377,1.9674,24.0408,815.5692
1980,북한,자강도,장강군,4.0455,46.2501,659.0205,4.9059,0,1.944,0.2502,716.4162
1980,북한,자강도,중강군,3.7593,50.1165,570.2067,9.4878,0.5409,2.9871,15.5889,652.6872
1980,북한,자강도,진천군,0.6183,70.5978,1023.5646,7.5123,0.1116,4.482,4.5567,1111.4433
1980,북한,자강도,초산군,0.1503,83.2275,444.4812,10.4607,4.2912,0.8172,6.9219,550.35
1980,북한,자강도,화평군,1.3113,55.6767,1233.1107,11.6802,0,2.4102,1.1907,1305.3798
1980,북한,자강도,회천시,5.2704,99.5193,875.7963,16.0911,0.8109,3.7611,4.1607,1005.4098
1980,북한,평안남도,개천군,30.4011,228.6468,423.9405,12.0024,0.0558,6.2361,15.9993,717.282
1980,북한,평안남도,대동군,5.9211,209.6622,62.2296,23.3712,0.0639,1.7433,4.6539,307.6452
1980,북한,평안남도,대흥군,0.7812,50.5494,1152.2997,18.3879,0.0018,2.5578,3.8025,1228.3803
1980,북한,평안남도,덕천시,25.0182,150.7347,429.372,13.1553,3.744,6.4953,21.9051,650.4246
1980,북한,평안남도,맹산군,2.7126,108.45,585.594,26.2962,1.2501,2.5074,0.9225,727.7328
1980,북한,평안남도,문덕군,8.9361,232.5168,41.4108,20.7189,1.4265,1.2546,3.9735,310.2372
1980,북한,평안남도,북창군,22.8726,116.8983,447.5241,23.4828,0.1395,3.8763,6.4692,621.2628
1980,북한,평안남도,성천군,9.0477,172.332,512.6688,47.052,0.1485,5.9814,9.5328,756.7632
1980,북한,평안남도,숙천군,8.9235,284.481,88.1442,28.7388,29.2041,3.3462,4.2489,447.0867
1980,북한,평안남도,순천시,46.3347,281.3958,367.2873,57.2292,1.4103,3.0636,11.6568,768.3777
1980,북한,평안남도,신양군,2.0637,78.111,619.6014,27.639,1.7406,0.8181,1.8585,731.8323
1980,북한,평안남도,안주시,7.4826,157.3362,241.1649,19.3986,3.1347,9.7443,14.8347,453.096
1980,북한,평안남도,양덕군,1.521,96.9777,652.8285,36.3069,0,1.4139,1.5192,790.5672
1980,북한,평안남도,영원군,6.6267,54.0297,1131.4503,8.4177,3.9105,1.566,6.4629,1212.4638
1980,북한,평안남도,온천군,13.9365,182.4687,65.5191,17.7885,52.4313,4.5567,16.5033,353.2041
1980,북한,평안남도,중산군,4.3173,188.9631,99.5292,24.8301,3.3165,7.1955,6.3873,334.539
1980,북한,평안남도,평성시,12.474,137.2302,198.8073,24.2883,0.2871,0.6696,7.3242,381.0807
1980,북한,평안남도,평원군,4.5396,234.6903,131.0301,29.8674,0.5832,4.1805,9.5337,414.4248
1980,북한,평안남도,회창군,1.3176,71.3304,573.4296,27.36,0.0063,1.8,0.7443,675.9882
1980,북한,평안북도,곽산군,15.3324,97.2189,149.2983,33.9003,19.8225,1.3878,3.4434,320.4036
1980,북한,평안북도,구성시,13.5333,176.1507,405.5724,29.8917,0.8838,7.7508,2.0961,635.8788
1980,북한,평안북도,구장군,11.5758,175.3326,473.5611,30.6117,0.0495,8.5005,4.4442,704.0754
1980,북한,평안북도,대관군,2.5416,108.5877,703.8486,19.2177,0.216,2.0952,1.1007,837.6075
1980,북한,평안북도,동림군,14.8761,89.6508,281.43,40.6449,2.3148,2.4885,3.7998,435.2049
1980,북한,평안북도,동창군,0.7281,63.7308,580.4451,14.9715,0.2295,1.2213,1.152,662.4783
1980,북한,평안북도,박천군,2.9196,176.6232,90.5526,4.4244,2.457,5.373,8.4861,290.8359
1980,북한,평안북도,벽동군,0.0801,58.3605,521.7021,16.9758,1.4409,8.8767,20.6037,628.0398
1980,북한,평안북도,삭주군,21.9996,63.9207,642.3291,22.6323,0.8478,3.2274,18.2394,773.1963
1980,북한,평안북도,신도군,3.8925,13.7664,24.1191,45.0702,10.1241,0.5445,9.9882,107.505
1980,북한,평안북도,신의주시,36.4995,58.6458,23.2623,16.2225,5.9733,4.5333,9.8865,155.0232
1980,북한,평안북도,신천군,19.2618,115.7967,266.58,42.6114,4.0689,2.7189,0.7011,451.7388
1980,북한,평안북도,염주군,25.3512,139.2138,48.2751,40.509,30.6972,5.3361,6.777,296.1594
1980,북한,평안북도,영변군,0.9963,211.6404,259.389,10.2267,0.0423,16.0749,6.3099,504.6795
1980,북한,평안북도,용천군,35.0523,129.5838,21.5523,32.9121,9.5985,0.6534,8.6805,238.0329
1980,북한,평안북도,운산군,0.4941,240.7014,687.3741,52.8552,0.3663,12.7314,2.4831,997.0056
1980,북한,평안북도,운전군,4.7925,180.4725,174.3516,18.5913,3.3606,1.5174,6.6159,389.7018
1980,북한,평안북도,의주군,14.3649,124.7913,229.4793,28.3761,1.197,5.6637,6.0597,409.932
1980,북한,평안북도,정주시,16.3773,180.3825,204.1389,41.8905,2.7126,2.0331,3.0816,450.6165
1980,북한,평안북도,창성군,1.0791,45.0963,502.6545,17.3088,1.1853,10.8441,30.5658,608.7339
1980,북한,평안북도,천마군,3.5622,67.7781,656.6661,21.9555,0.3573,3.5298,13.7835,767.6325
1980,북한,평안북도,철산군,13.8933,104.5899,122.9445,41.481,11.2806,6.867,1.3932,302.4495
1980,북한,평안북도,태천군,1.1997,235.4391,431.9991,16.2729,0.3672,10.3671,38.4426,734.0877
1980,북한,평안북도,피현군,13.1193,123.1128,248.3037,48.6531,0.8937,4.005,3.6747,441.7623
1980,북한,평안북도,항산군,0.5418,28.6281,224.7606,5.9292,0.1494,2.2311,1.611,263.8512
1980,북한,평양직할시,강남군,4.4388,120.3804,20.583,10.5543,0.081,0.2538,10.0134,166.3047
1980,북한,평양직할시,강동군,20.4156,133.1451,315.2835,30.5784,0.0567,3.3246,5.8563,508.6602
1980,북한,평양직할시,대동군,135.5427,512.9568,323.5266,66.5262,0.7128,3.0195,38.8998,1081.1844
1980,북한,함경남도,고원군,8.7084,133.8048,878.5971,34.8165,2.3607,4.3254,2.1132,1064.7261
1980,북한,함경남도,금야군,3.8898,295.542,323.6616,44.1468,7.902,14.1705,22.8933,712.206
1980,북한,함경남도,낙원군,6.7284,34.7346,127.9926,6.3558,0,2.322,0.9108,179.0442
1980,북한,함경남도,단천시,9.1503,198.5004,1743.8958,35.7525,1.116,28.6803,5.0625,2022.1578
1980,북한,함경남도,덕성군,2.2122,100.4751,1375.9515,32.0544,0.0117,6.12,1.2825,1518.1074
1980,북한,함경남도,부전군,3.6495,92.007,1585.0737,53.2476,1.2033,0.8559,19.9278,1755.9648
1980,북한,함경남도,북청군,10.8135,132.8859,435.4992,24.3666,0.0009,10.3032,4.248,618.1173
1980,북한,함경남도,신포시,9.5715,72.5346,113.1732,9.99,0.3906,3.7782,3.6162,213.0543
1980,북한,함경남도,신흥군,12.1743,93.8007,1063.7505,21.483,0.0171,1.4283,1.5957,1194.2496
1980,북한,함경남도,영광군,11.8089,121.7025,609.8805,18.1773,0.0027,6.6375,2.2851,770.4945
1980,북한,함경남도,요덕군,1.287,66.9303,1280.1357,29.7153,0.747,2.2752,3.1104,1384.2009
1980,북한,함경남도,이원군,3.2679,105.8814,401.5179,19.5246,0.0801,15.3081,1.2969,546.8769
1980,북한,함경남도,장진군,3.537,131.0913,1637.8137,60.606,3.6531,4.5504,44.514,1885.7655
1980,북한,함경남도,정평군,13.5144,260.5743,426.4398,27.5463,0,8.6112,13.8708,750.5568
1980,북한,함경남도,함주군,21.6234,180.3771,525.6531,15.3999,0.0045,2.3454,7.1784,752.5818
1980,북한,함경남도,함흥시,63.2556,122.5962,339.3108,13.4667,0.0018,8.8488,8.0919,555.5718
1980,북한,함경남도,허천군,3.5505,74.5956,1636.6203,23.0823,0.4734,8.2845,0.4203,1747.0269
1980,북한,함경남도,흥원군,6.6447,121.8285,714.5793,28.0431,0.0054,4.2453,2.1294,877.4757
1980,북한,함경북도,경성군,5.9382,38.5893,1054.7307,24.5961,0.0045,4.8213,1.7712,1130.4513
1980,북한,함경북도,길주군,6.9606,158.5719,915.4944,12.231,0.2124,2.7333,1.9611,1098.1647
1980,북한,함경북도,김책시,9.2718,112.6764,753.9498,13.9905,0.0477,5.4792,2.0385,897.4539
1980,북한,함경북도,명천군,2.8566,59.5971,556.398,13.6431,0.0288,1.9071,1.8945,636.3252
1980,북한,함경북도,무산군,13.0887,64.6164,1340.4042,25.3386,0.0099,13.7313,6.1875,1463.3766
1980,북한,함경북도,부령군,3.0105,26.0478,694.8288,20.6937,0.0027,5.2074,1.1952,750.9861
1980,북한,함경북도,새별군,6.1695,204.6744,613.5741,32.3964,0.0657,8.2305,9.3609,874.4715
1980,북한,함경북도,어랑군,2.8179,88.8471,1340.3412,57.5883,0.0135,12.4317,15.1011,1517.1408
1980,북한,함경북도,연사군,1.3347,53.7282,1204.8579,29.7027,0.0099,5.4774,7.1694,1302.2802
1980,북한,함경북도,온성군,5.0346,214.3557,507.0411,32.2956,0,4.6026,5.0535,768.3831
1980,북한,함경북도,은덕군,7.5069,129.5055,767.5101,31.7385,0.0009,3.6288,10.647,950.5377
1980,북한,함경북도,청진시,38.3166,69.6429,860.3505,39.2337,0.0225,10.4733,6.2361,1024.2756
1980,북한,함경북도,화대군,0.7488,82.215,332.4069,7.8777,0.1674,2.9187,1.116,427.4505
1980,북한,함경북도,화성군,3.8988,85.9014,954.1197,52.8111,0.0063,10.8153,6.0552,1113.6078
1980,북한,함경북도,회령시,15.849,176.1381,1429.0596,52.2522,0.0081,17.1657,4.4343,1694.907
1980,북한,황해남도,강령군,14.1678,164.4624,279.7668,16.8804,17.4231,28.6722,37.5921,558.9648
1980,북한,황해남도,과일군,2.1303,95.3856,222.5511,28.7343,3.2076,6.0138,7.2405,365.2632
1980,북한,황해남도,배천군,14.2371,291.429,121.3596,6.318,4.7943,9.7011,11.8116,459.6507
1980,북한,황해남도,벽성군,8.1135,135.8145,261.6768,15.6393,3.9375,10.4337,4.5189,440.1342
1980,북한,황해남도,봉천군,4.1553,214.9803,268.0767,20.9214,1.7415,14.6727,5.2398,529.7877
1980,북한,황해남도,삼천군,1.2321,156.1797,167.7429,21.4893,0.0162,12.8043,2.2473,361.7118
1980,북한,황해남도,송화군,0.981,74.7351,95.2713,10.728,0.009,9.6903,0.3582,191.7729
1980,북한,황해남도,신원군,2.6343,123.7383,363.7899,20.1591,0.0774,3.006,12.0852,525.4902
1980,북한,황해남도,신천군,2.3067,248.0265,209.4615,25.2288,0.0639,8.0856,4.3461,497.5191
1980,북한,황해남도,안악군,2.8062,242.1936,104.9022,12.7557,0.369,6.4539,4.8456,374.3262
1980,북한,황해남도,연안군,5.1822,317.7756,78.8562,3.42,25.5996,2.5281,6.642,440.0037
1980,북한,황해남도,옹진군,13.68,209.9772,312.3522,35.3628,21.8448,38.3058,9.7677,641.2905
1980,북한,황해남도,용연군,2.5353,110.1483,309.9726,15.8688,12.0015,20.3643,4.77,475.6608
1980,북한,황해남도,은율군,3.7224,152.1909,252.4779,19.5984,6.6456,12.1059,31.1661,477.9072
1980,북한,황해남도,은천군,3.627,183.8808,150.6717,34.623,5.4027,4.7493,54.9414,437.8959
1980,북한,황해남도,장연군,3.5541,107.6859,247.8078,15.4044,3.3237,11.9376,2.7783,392.4918
1980,북한,황해남도,재령군,4.374,190.0512,96.102,18.8946,0.414,3.7017,9.4851,323.0226
1980,북한,황해남도,청단군,10.7118,238.653,166.0959,21.6918,15.6339,12.7476,8.6319,474.1659
1980,북한,황해남도,태탄군,2.2248,123.3153,195.8103,11.1519,15.4278,6.9408,4.9878,359.8587
1980,북한,황해남도,해주시,20.061,41.6727,100.0935,2.4408,4.0293,5.85,1.4139,175.5612
1980,북한,황해북도,곡산군,1.4463,171.5337,301.5648,40.3533,1.0116,2.331,4.6296,522.8703
1980,북한,황해북도,금천군,8.1234,135.9909,251.3736,23.8149,1.2438,7.0308,4.8195,432.3969
1980,북한,황해북도,봉산군,13.374,150.8022,240.7329,24.2946,0.2583,1.584,7.7994,438.8454
1980,북한,황해북도,사리원시,13.2642,50.6853,16.4772,4.5963,0.072,0.6687,0.9234,86.6871
1980,북한,황해북도,상원군,3.3741,129.3201,335.9331,30.3075,0.171,1.7874,1.8027,502.6959
1980,북한,황해북도,서흥군,4.3893,189.9234,394.2036,55.9917,0.3591,0.7047,2.4102,647.982
1980,북한,황해북도,송림시,12.0168,28.5345,11.9709,4.0896,0.0441,0.0711,8.4807,65.2077
1980,북한,황해북도,수안군,1.251,158.7438,439.8624,58.6395,0.7074,2.4066,2.1276,663.7383
1980,북한,황해북도,승호구역,11.2608,57.4857,61.1793,8.6004,0.1314,0.4545,6.6015,145.7136
1980,북한,황해북도,신계군,2.0223,276.8553,367.7292,69.0696,1.2825,3.5667,5.0391,725.5647
1980,북한,황해북도,신평군,1.197,92.8674,938.286,38.646,0.702,3.9366,4.401,1080.036
1980,북한,황해북도,연산군,2.6964,87.7212,410.5872,32.3766,0.0585,1.6434,2.7198,537.8031
1980,북한,황해북도,연탄군,1.5957,146.8359,366.8148,38.7009,1.2294,2.8035,10.9206,568.9008
1980,북한,황해북도,은파군,3.7215,183.2112,172.9674,29.3616,0.342,1.9872,8.8362,400.4271
1980,북한,황해북도,인산군,0.9423,139.6017,327.789,31.338,0.0099,2.7729,2.0952,504.549
1980,북한,황해북도,중화군,3.3471,89.4456,107.1063,14.5188,0.0009,0.1773,1.0071,215.6031
1980,북한,황해북도,토산군,1.7802,127.0368,253.9251,33.4413,0.1125,1.9161,2.6226,420.8346
1980,북한,황해북도,평산군,5.877,165.0843,295.4052,47.0376,0.2592,8.7705,3.9474,526.3812
1980,북한,황해북도,황주군,7.7265,312.2613,138.2175,41.0337,0.3996,0.936,13.7511,514.3257
1990,남한,강원도,강릉시,21.0537,122.805,861.3747,19.1052,0,13.0284,5.7654,1043.1324
1990,남한,강원도,고성군,12.0258,71.7372,576.0702,3.0609,0,11.2158,20.2248,694.3347
1990,남한,강원도,동해시,12.3678,13.9815,139.7421,8.5491,0,6.0588,1.2042,181.9035
1990,남한,강원도,삼척시,15.1884,50.229,1078.6446,29.1537,0,10.8783,5.0391,1189.1331
1990,남한,강원도,속초시,9.0891,10.1718,81.8685,0.6291,0,3.1428,1.9656,106.8669
1990,남한,강원도,양구군,2.3886,75.1419,629.1963,10.3212,0,2.6676,9.4869,729.2025
1990,남한,강원도,양양군,3.7629,48.7368,560.7621,11.4957,0,6.2829,4.1661,635.2065
1990,남한,강원도,영월군,5.9787,87.9894,1001.8863,14.3847,0,8.523,3.4443,1122.2064
1990,남한,강원도,원주시,15.3873,162.2664,651.4929,25.5483,0,14.9787,4.5234,874.197
1990,남한,강원도,인제군,3.2544,96.9183,1517.517,10.5606,0,3.3282,6.7626,1638.3411
1990,남한,강원도,정선군,11.8656,86.6574,1089.8289,18.9684,0,8.6031,2.7351,1218.6585
1990,남한,강원도,철원군,19.3428,173.5497,476.9766,62.8731,0.8307,24.6474,5.9409,764.1612
1990,남한,강원도,춘천시,15.8616,106.3197,907.2315,23.9805,0.1197,10.2159,51.7401,1115.469
1990,남한,강원도,태백시,6.4287,17.9208,269.4132,6.327,0,3.1158,0.0549,303.2604
1990,남한,강원도,평창군,1.2681,134.0523,1302.1236,14.1849,0,12.1869,1.7595,1465.5753
1990,남한,강원도,홍천군,3.951,188.6652,1599.678,14.9274,0,7.461,2.4534,1817.136
1990,남한,강원도,화천군,8.0334,46.0224,940.8987,23.0598,0.0054,11.4948,24.0336,1053.5481
1990,남한,강원도,횡성군,3.4623,129.9753,831.195,21.8511,0,7.3224,0.8316,994.6377
1990,남한,경기도,가평군,3.843,68.8725,728.1684,21.9942,0,4.9905,13.14,841.0086
1990,남한,경기도,고양시덕양구,20.8827,34.8489,77.5737,15.4467,0.621,8.6121,4.5891,162.5742
1990,남한,경기도,고양시일산동구,13.1652,19.4526,15.8022,4.7916,1.0431,4.7628,1.3311,60.3486
1990,남한,경기도,고양시일산서구,12.9186,19.1124,2.2014,0.6831,4.5432,2.4705,1.143,43.0722
1990,남한,경기도,과천시,2.349,5.8347,24.0696,1.1232,0.0774,1.7523,0.1728,35.379
1990,남한,경기도,광명시,9.4095,7.5663,14.5206,5.5332,0.0477,1.7964,0.1719,39.0456
1990,남한,경기도,광주시,11.9151,82.6443,307.1673,13.5126,0,4.4262,9.0702,428.7357
1990,남한,경기도,구리시,9.0387,3.2625,12.9834,3.1365,0.0189,1.9197,1.9053,32.265
1990,남한,경기도,군포시,9.5769,5.0814,17.0586,2.0016,0.0828,1.7568,0.414,35.9721
1990,남한,경기도,김포시,21.8403,125.9559,72.5058,13.3812,19.5948,11.8467,15.4692,280.5939
1990,남한,경기도,남양주시,20.646,77.9625,318.3039,23.4441,0.0891,9.3609,8.1774,457.9839
1990,남한,경기도,동두천시,7.3683,11.9988,69.0147,4.7016,0.0027,2.6253,0.1188,95.8302
1990,남한,경기도,부천시소사구,6.021,1.8297,3.6243,0.954,0.0018,0.6174,0,13.0482
1990,남한,경기도,부천시오정구,8.6058,6.3576,2.664,1.8585,0.0054,0.6894,0.0018,20.1825
1990,남한,경기도,부천시원미구,12.1482,0.3384,2.9709,3.8034,0.009,1.3068,0.0027,20.5794
1990,남한,경기도,성남시분당구,11.2887,13.1256,38.8764,2.6433,0.1296,3.5703,0.1872,69.8211
1990,남한,경기도,성남시수정구,8.5329,6.2757,24.8265,3.5145,0.0279,2.1816,0.1674,45.5265
1990,남한,경기도,성남시중원구,6.4008,3.9159,14.472,0.612,0.0117,0.8523,0,26.2647
1990,남한,경기도,수원시권선구,12.1077,21.1221,6.5223,3.0789,0.0387,4.5216,0.0225,47.4138
1990,남한,경기도,수원시영통구,7.9857,7.0605,8.3952,1.2762,0.09,2.5011,0.5724,27.8811
1990,남한,경기도,수원시장안구,8.9073,4.2192,16.1982,1.0062,0.018,2.5119,0.2745,33.1353
1990,남한,경기도,수원시팔달구,8.7372,1.6272,1.1295,0.1449,0.0054,1.2348,0.1773,13.0563
1990,남한,경기도,시흥시,25.7346,48.1509,38.925,6.2415,3.5901,13.5,1.4895,137.6316
1990,남한,경기도,안산시단원구,23.589,22.9284,26.7255,3.7899,7.0875,9.1125,2.5713,95.8041
1990,남한,경기도,안산시상록구,13.7691,12.6396,24.0372,3.6756,0.8118,3.8907,0.0387,58.8627
1990,남한,경기도,안성시,10.4337,217.3122,258.4323,51.2703,0,11.484,5.6205,554.553
1990,남한,경기도,안양시동안구,11.2599,1.08,7.9326,0.486,0.0027,1.4049,0,22.1661
1990,남한,경기도,안양시만안구,9.3888,1.2681,22.725,1.836,0.018,1.6722,0.0054,36.9135
1990,남한,경기도,양주시,15.5457,75.2454,185.0805,19.8234,0.2745,13.455,0.8991,310.3236
1990,남한,경기도,양평군,4.6575,157.9617,675.9117,20.466,0.0243,5.6943,14.6385,879.354
1990,남한,경기도,여주군,8.6607,255.3552,281.646,26.5311,0,26.9316,8.532,607.6566
1990,남한,경기도,연천군,13.7142,208.1835,574.596,38.772,1.9008,13.8636,10.2546,861.2847
1990,남한,경기도,오산시,5.5179,16.398,14.6295,2.7963,0.1539,2.8782,0.1395,42.5133
1990,남한,경기도,용인시기흥구,7.2117,18.6354,39.6864,10.0242,0.0612,4.1454,1.8144,81.5787
1990,남한,경기도,용인시수지구,4.2831,7.3251,25.9263,1.5849,0.0531,2.7531,0.0828,42.0084
1990,남한,경기도,용인시처인구,12.1428,134.8083,270.8937,38.4795,0,8.2206,3.8709,468.4158
1990,남한,경기도,의왕시,6.8085,7.6797,34.7085,1.701,0.0648,2.2086,0.9135,54.0846
1990,남한,경기도,의정부시,15.4989,9.7902,48.15,3.5748,0.0747,4.7088,0.0009,81.7983
1990,남한,경기도,이천시,11.9367,254.8125,148.7448,26.9631,0,17.9397,1.0332,461.43
1990,남한,경기도,파주시,22.4397,182.6937,289.6308,53.6211,13.4388,19.1691,7.1865,588.1797
1990,남한,경기도,평택시,34.1325,282.0681,61.6392,28.5615,0.3591,25.9011,20.0529,452.7144
1990,남한,경기도,포천시,20.2842,161.8812,579.0834,38.6478,0.4374,22.7601,3.7314,826.8255
1990,남한,경기도,하남시,11.2878,18.1818,48.942,5.3964,0.0432,3.6351,6.7338,94.2201
1990,남한,경기도,화성시,25.3908,311.5278,236.4048,41.7141,28.7028,45.2457,10.1241,699.1101
1990,남한,경상남도,거제시,14.5791,63.0972,293.8311,29.6865,1.1952,5.7438,12.2418,420.3747
1990,남한,경상남도,거창군,4.7268,98.3736,667.4139,21.7035,0.1107,3.2256,5.6961,801.2502
1990,남한,경상남도,고성군,9.3546,127.4409,342.2214,31.5306,2.7504,4.5342,6.5133,524.3454
1990,남한,경상남도,김해시,23.7519,134.0037,248.7384,27.0387,0.9684,17.4375,9.8406,461.7792
1990,남한,경상남도,남해군,6.8715,84.5982,247.2147,12.8016,1.4697,10.7874,10.2006,373.9437
1990,남한,경상남도,밀양시,12.8115,178.2639,540.3303,46.9863,1.0386,10.9179,12.3876,802.7361
1990,남한,경상남도,사천시,12.3975,105.2469,235.6515,30.0411,1.5912,11.0871,9.8073,405.8226
1990,남한,경상남도,산청군,5.7654,97.3458,656.0415,17.0748,0.252,7.1739,7.9569,791.6103
1990,남한,경상남도,양산시,14.1777,58.527,365.2704,27.0126,0.5265,14.8275,5.0868,485.4285
1990,남한,경상남도,의령군,5.3991,68.4126,378.4779,8.5653,0.2367,2.6442,18.7821,482.5179
1990,남한,경상남도,진주시,22.8519,155.9754,441.2979,51.9975,1.4148,13.2507,26.2332,713.0214
1990,남한,경상남도,창녕군,14.697,132.7014,323.2998,18.0288,0.666,8.6688,29.277,527.3388
1990,남한,경상남도,창원시마산합포구,11.0286,37.8306,175.5252,14.9292,1.2006,2.3544,8.4258,251.2944
1990,남한,경상남도,창원시마산회원구,11.1546,3.4758,71.1504,4.0761,0.0801,1.1286,0.2511,91.3167
1990,남한,경상남도,창원시성산구,16.2621,0.1728,47.8827,12.9285,0.2034,5.031,0.3006,82.7811
1990,남한,경상남도,창원시의창구,15.2217,68.3199,90.6741,21.1275,0.3024,7.191,8.2962,211.1328
1990,남한,경상남도,창원시진해구,10.1772,8.6868,73.1025,14.1588,0.4464,5.13,1.5345,113.2362
1990,남한,경상남도,통영시,9.252,39.6459,158.6691,30.7872,1.0944,6.0309,12.7611,258.2406
1990,남한,경상남도,하동군,5.9076,136.3194,511.2531,3.7386,1.4679,9.4455,9.5436,677.6757
1990,남한,경상남도,함안군,14.2812,101.97,259.8075,15.5691,0.5274,5.5692,18.1971,415.9215
1990,남한,경상남도,함양군,4.4163,80.2602,607.8069,20.0295,0.036,5.0238,4.1454,721.7181
1990,남한,경상남도,합천군,6.8994,150.2559,759.7602,18.6471,0.216,11.376,36.4905,983.6451
1990,남한,경상북도,경산시,18.8505,117.4959,227.2563,33.534,0.9594,9.306,4.113,411.5151
1990,남한,경상북도,경주시,28.1781,292.6809,876.7152,105.6078,0.8721,12.6963,8.4114,1325.1618
1990,남한,경상북도,고령군,7.1388,69.6753,268.2864,12.0654,0.4005,4.2057,22.9122,384.6843
1990,남한,경상북도,구미시,31.077,131.0688,385.0884,26.9631,0.3006,18.1062,23.0688,615.6729
1990,남한,경상북도,군위군,7.011,65.9943,521.0982,12.1095,0.0936,2.3724,3.1158,611.7948
1990,남한,경상북도,김천시,20.1663,118.6596,803.4138,46.17,0.1287,10.962,6.1731,1005.6735
1990,남한,경상북도,문경시,8.6814,91.7613,789.1299,17.2773,0.0135,2.7864,5.1678,914.8176
1990,남한,경상북도,봉화군,12.627,126.2772,988.6698,69.3198,0.0315,3.7647,2.115,1202.805
1990,남한,경상북도,상주시,15.1668,221.2326,946.8702,43.74,0.1089,10.89,13.7439,1251.7524
1990,남한,경상북도,성주군,5.6907,93.9591,456.6753,40.437,0.0783,7.4475,10.539,614.8269
1990,남한,경상북도,안동시,18.3141,179.7399,1216.6317,42.7383,0.4806,6.5394,64.1439,1528.5879
1990,남한,경상북도,영덕군,11.5038,77.1273,615.7296,31.9392,0.3924,6.732,4.5684,747.9927
1990,남한,경상북도,영양군,11.0025,75.4344,702.7317,27.2727,0.1611,4.0059,0.9891,821.5974
1990,남한,경상북도,영주시,14.8806,142.7643,429.903,75.249,0.0108,9.4554,1.9476,674.2107
1990,남한,경상북도,영천시,14.0031,209.421,603.7866,68.0652,1.9611,6.4008,12.4587,916.0965
1990,남한,경상북도,예천군,6.3324,166.4055,448.6563,26.3196,0.0207,7.1568,9.6363,664.5276
1990,남한,경상북도,울릉군,0.7407,6.777,62.325,2.0133,0,1.4958,2.6343,75.9861
1990,남한,경상북도,울진군,10.5417,67.293,875.0196,23.5125,0.0756,13.3011,5.2002,994.9437
1990,남한,경상북도,의성군,9.5517,257.8779,871.5771,17.8713,0.0477,3.7413,8.613,1169.28
1990,남한,경상북도,청도군,3.6837,116.6949,528.3081,24.3045,0.3051,4.1436,13.8015,691.2414
1990,남한,경상북도,청송군,13.4199,97.2864,688.1121,41.8239,0.513,4.8789,1.8756,847.9098
1990,남한,경상북도,칠곡군,18.1053,57.1653,335.5623,21.9375,0.1386,7.4664,11.5722,451.9476
1990,남한,경상북도,포항시남구,32.4756,66.5622,246.6099,35.7129,0.1746,8.9235,4.6701,395.1288
1990,남한,경상북도,포항시북구,18.9297,139.905,519.0399,41.9796,0.5769,13.0518,4.2957,737.7786
1990,남한,광주광역시,광산구,22.8924,95.625,73.5372,10.7244,0,12.0294,6.8076,221.616
1990,남한,광주광역시,남구,11.1447,24.7266,21.8151,1.1313,0,1.2114,0.3798,60.4089
1990,남한,광주광역시,동구,7.6797,1.3644,38.3886,0.549,0,0.5049,0.0207,48.5073
1990,남한,광주광역시,북구,25.7004,23.6178,59.7609,3.2877,0.0117,7.6842,1.8216,121.8843
1990,남한,광주광역시,서구,11.9259,16.632,8.8767,2.1141,0,6.1245,0.9045,46.5777
1990,남한,대구광역시,남구,9.6579,0.0225,7.0803,0.4014,0,0.3204,0.0351,17.5176
1990,남한,대구광역시,달서구,27.7425,3.6657,22.5792,1.6524,0.009,5.7249,2.6883,64.062
1990,남한,대구광역시,달성군,20.6379,76.6269,285.6933,11.3805,0.1062,6.9336,21.825,423.2034
1990,남한,대구광역시,동구,21.6738,21.3408,125.1927,8.6139,0.0432,2.4642,2.7693,182.0979
1990,남한,대구광역시,북구,26.7786,7.2207,49.491,3.7026,0.0639,3.1149,3.0051,93.3768
1990,남한,대구광역시,서구,14.0976,0.1665,2.1375,0.3294,0,0.4167,0.1557,17.3034
1990,남한,대구광역시,수성구,20.7189,7.4007,43.3476,2.4138,0.0045,1.4391,1.206,76.5306
1990,남한,대구광역시,중구,6.7527,0.0054,0.0855,0.0531,0,0.1305,0.0441,7.0713
1990,남한,대전광역시,대덕구,18.2583,2.4966,34.767,3.7899,0.0045,3.8187,6.5943,69.7293
1990,남한,대전광역시,동구,14.9535,5.9607,96.8508,3.5181,0.0009,1.4058,13.8465,136.5363
1990,남한,대전광역시,서구,19.2231,12.7674,52.9938,5.3397,0.018,4.2516,1.3491,95.9427
1990,남한,대전광역시,유성구,16.3944,25.1586,106.6491,16.4331,0.0081,9.0081,1.899,175.5504
1990,남한,대전광역시,중구,14.3685,3.69,39.9879,2.2689,0.0036,1.2582,0.153,61.7301
1990,남한,부산광역시,강서구,19.0881,77.5494,44.5014,8.7462,2.6109,11.8521,20.0268,184.3749
1990,남한,부산광역시,금정구,10.0431,2.3904,42.084,7.5456,0.0297,1.2348,1.719,65.0466
1990,남한,부산광역시,기장군,6.2694,40.5216,156.1221,11.4669,0.3213,3.3282,2.3148,220.3443
1990,남한,부산광역시,남구,12.6468,0,7.3764,3.8952,0.0594,1.9494,0.261,26.1882
1990,남한,부산광역시,동구,6.1785,0,2.6514,0.4302,0.0045,0.2304,0.036,9.531
1990,남한,부산광역시,동래구,9.576,0,4.7385,1.8036,0.036,0.7659,0.0369,16.9569
1990,남한,부산광역시,부산진구,13.3848,0,11.6604,3.2229,0.0189,1.1817,0.0459,29.5146
1990,남한,부산광역시,북구,7.0173,1.6218,24.2019,3.3408,0.0279,2.1393,1.9224,40.2714
1990,남한,부산광역시,사상구,13.5864,3.8574,12.6036,2.3436,0.2934,1.3014,2.6955,36.6813
1990,남한,부산광역시,사하구,16.3494,1.0746,12.69,4.1823,0.3474,2.6424,3.8754,41.1615
1990,남한,부산광역시,서구,5.1606,0,6.5853,1.5921,0.0387,0.3834,0.2151,13.9752
1990,남한,부산광역시,수영구,6.2118,0,2.1663,1.3194,0.0198,0.4959,0.2709,10.4841
1990,남한,부산광역시,연제구,6.8805,0,2.9322,1.4076,0.0135,0.9045,0.0018,12.1401
1990,남한,부산광역시,영도구,6.3981,0,4.6278,2.0952,0.1431,0.7272,0.4455,14.4369
1990,남한,부산광역시,중구,2.4363,0,0.2538,0.2223,0.0009,0.0729,0.0207,3.0069
1990,남한,부산광역시,해운대구,12.3804,1.4517,27.6885,7.4097,0.1422,2.7801,0.3213,52.1739
1990,남한,서울특별시,강남구,23.0796,0.4005,8.2062,3.1401,0.027,1.683,1.8891,38.4255
1990,남한,서울특별시,강동구,12.5928,2.3589,5.1021,1.4445,0.0126,1.2672,2.7135,25.4916
1990,남한,서울특별시,강북구,8.4429,0.0036,13.4595,1.1115,0,0.6939,0,23.7114
1990,남한,서울특별시,강서구,20.2752,8.3664,4.248,4.2282,0.0531,1.7091,3.9393,42.8193
1990,남한,서울특별시,관악구,11.7036,0.1467,15.408,1.8081,0.0036,0.7821,0,29.8521
1990,남한,서울특별시,광진구,9.756,0.027,3.5136,1.5174,0.0297,0.7389,2.1231,17.7057
1990,남한,서울특별시,구로구,12.3093,0.4527,3.6747,2.4534,0.0108,0.8892,0.0477,19.8378
1990,남한,서울특별시,금천구,8.3043,0,2.8818,0.8019,0.0072,0.5346,0.036,12.5658
1990,남한,서울특별시,노원구,14.4729,0.0774,16.4421,2.7351,0.0009,1.7766,0.0225,35.5275
1990,남한,서울특별시,도봉구,9.1413,0,9.909,0.9585,0.0009,0.7398,0,20.7495
1990,남한,서울특별시,동대문구,11.8188,0,1.2123,0.8856,0.0045,0.4878,0.072,14.481
1990,남한,서울특별시,동작구,10.6317,0,3.1833,2.0862,0.0018,0.4428,1.0413,17.3871
1990,남한,서울특별시,마포구,13.9599,0.1098,2.1726,3.0042,0.0126,0.999,4.3893,24.6474
1990,남한,서울특별시,서대문구,9.2826,0,5.3892,2.2518,0.0054,0.5274,0,17.4564
1990,남한,서울특별시,서초구,17.8092,2.3598,20.9709,2.9502,0.0414,2.2563,1.5147,47.9025
1990,남한,서울특별시,성동구,11.7351,0,0.8865,1.3086,0.0153,0.9549,1.656,16.5564
1990,남한,서울특별시,성북구,13.5675,0.0144,7.9263,1.8639,0,1.0044,0.0036,24.3801
1990,남한,서울특별시,송파구,20.0799,0.6174,4.527,3.8646,0.0144,1.6632,2.9088,33.6753
1990,남한,서울특별시,양천구,10.1907,0.0756,3.0105,3.3921,0.0072,1.0197,0.1413,17.8371
1990,남한,서울특별시,영등포구,14.3613,0.0018,0.9846,2.5191,0.0072,0.882,2.8566,21.6126
1990,남한,서울특별시,용산구,11.5506,0,2.4849,3.3966,0.0153,0.7596,3.0132,21.2202
1990,남한,서울특별시,은평구,11.7963,0.0369,15.5187,3.1581,0.0045,0.7893,0,31.3038
1990,남한,서울특별시,종로구,7.6662,0,11.9457,3.3417,0.0081,0.9126,0.0009,23.8752
1990,남한,서울특별시,중구,7.4988,0.0009,1.5417,0.7461,0.0009,0.2556,0,10.044
1990,남한,서울특별시,중랑구,10.5219,0.0342,5.1777,1.7091,0.0036,0.495,0.0018,17.9433
1990,남한,울산광역시,남구,30.7269,3.5469,17.4429,14.787,0.1422,4.6944,4.4478,75.7881
1990,남한,울산광역시,동구,10.6137,1.0629,17.5014,4.9311,0.0072,2.1789,1.6623,37.9575
1990,남한,울산광역시,북구,12.4236,31.2192,99.2745,11.8152,0.0576,2.9043,1.4445,159.1389
1990,남한,울산광역시,울주군,19.395,132.5259,526.3137,58.2003,1.6515,13.833,6.9894,758.9088
1990,남한,울산광역시,중구,8.181,5.7429,13.6728,5.4315,0.0936,2.6964,0.6696,36.4878
1990,남한,인천광역시,강화군,10.9737,184.4793,177.4566,18.1782,15.8742,10.3203,40.4568,457.7391
1990,남한,인천광역시,계양구,13.2147,15.7941,11.7189,2.6811,0.0306,2.0538,0.1161,45.6093
1990,남한,인천광역시,남구,18.8685,0.1125,1.7271,1.2834,0.0081,2.34,0.3591,24.6987
1990,남한,인천광역시,남동구,21.3552,13.3623,13.3668,5.0256,2.2356,3.4758,19.6812,78.5025
1990,남한,인천광역시,동구,6.1632,0,0.0576,0.1827,0.0171,0.4068,0.2151,7.0425
1990,남한,인천광역시,부평구,18.7452,1.9863,4.7898,4.2219,0.0027,2.232,0.0117,31.9896
1990,남한,인천광역시,서구,35.6499,39.7755,27.0072,6.6402,6.8742,11.9817,3.4785,131.4072
1990,남한,인천광역시,연수구,10.0467,0.3717,3.9699,2.7576,0.7047,7.0218,22.7115,47.5839
1990,남한,인천광역시,옹진군,2.1924,19.7982,105.7383,5.5143,8.6562,11.2824,40.8015,193.9833
1990,남한,인천광역시,중구,13.9329,19.7325,34.3566,5.7132,36.0873,24.3801,12.0303,146.2329
1990,남한,전라남도,강진군,9.396,161.7525,302.7051,8.3655,7.3665,5.5719,6.8742,502.0317
1990,남한,전라남도,고흥군,14.5314,263.0925,425.5659,42.4035,21.2679,22.5216,32.0913,821.4741
1990,남한,전라남도,곡성군,6.2334,94.3218,420.2271,13.8501,0.0171,5.4774,7.5312,547.6581
1990,남한,전라남도,광양시,25.8741,85.2939,310.05,2.2248,6.444,14.643,21.5181,466.0479
1990,남한,전라남도,구례군,4.7934,66.6891,353.5164,6.3486,0.0459,3.0033,5.2443,439.641
1990,남한,전라남도,나주시,22.7169,304.5951,239.7141,14.8608,1.008,6.7149,18.27,607.8798
1990,남한,전라남도,담양군,9.72,120.6936,299.9538,7.6221,0.288,7.011,6.714,452.0025
1990,남한,전라남도,목포시,12.2193,13.6971,13.8348,2.6505,1.5678,5.3874,4.3677,53.7246
1990,남한,전라남도,무안군,16.2747,248.9922,137.2302,13.3785,11.1834,8.5689,27.6948,463.3227
1990,남한,전라남도,보성군,13.7547,163.3104,436.6647,31.6908,1.9827,6.7815,11.6307,665.8155
1990,남한,전라남도,순천시,17.883,201.3912,648.4572,5.5755,5.2119,13.0284,21.1806,912.7278
1990,남한,전라남도,신안군,20.2743,243.6291,303.8994,20.1015,73.9332,14.6952,174.3813,850.914
1990,남한,전라남도,여수시,25.8192,102.5928,302.5917,43.2324,3.3444,24.3369,30.7449,532.6623
1990,남한,전라남도,영광군,21.1392,215.469,189.9045,19.8027,14.4153,9.2133,25.5924,495.5364
1990,남한,전라남도,영암군,14.9733,295.0245,216.8973,11.3697,1.0305,13.464,18.7623,571.5216
1990,남한,전라남도,완도군,9.9144,89.8695,260.6085,20.5803,7.6041,10.2816,53.8974,452.7558
1990,남한,전라남도,장성군,17.7084,156.5964,307.3977,21.0528,0.3078,5.3424,10.1277,518.5332
1990,남한,전라남도,장흥군,11.1429,143.3592,432.2574,18.0135,1.1016,4.7871,8.2062,618.8679
1990,남한,전라남도,진도군,7.6158,144.0738,251.2368,17.9685,7.8552,6.2613,23.2092,458.2206
1990,남한,전라남도,함평군,13.1094,173.7342,183.3093,10.5084,0.3951,4.806,5.4261,391.2885
1990,남한,전라남도,해남군,22.3776,455.8815,418.1607,22.0698,48.2436,10.9413,26.5635,1004.238
1990,남한,전라남도,화순군,11.7225,104.9265,645.4026,9.5553,0.2907,3.2832,12.1734,787.3542
1990,남한,전라북도,고창군,27.3897,337.0635,189.3744,33.4674,6.8094,11.3391,5.0256,610.4691
1990,남한,전라북도,군산시,47.5047,180.7362,62.028,23.7618,10.2708,17.7417,40.2111,382.2543
1990,남한,전라북도,김제시,45.5967,343.1484,72.4896,23.7555,3.1482,16.2936,6.1695,510.6015
1990,남한,전라북도,남원시,12.4479,171.7146,512.1342,38.8017,0.0036,7.6986,6.5277,749.3283
1990,남한,전라북도,무주군,5.6736,42.786,564.8382,10.3284,0.09,2.0799,4.3956,630.1917
1990,남한,전라북도,부안군,20.2869,243.0675,170.9811,18.369,4.9014,11.1069,17.676,486.3888
1990,남한,전라북도,순창군,6.4098,100.9647,355.2687,28.7973,0.0216,3.5559,4.1742,499.1922
1990,남한,전라북도,완주군,17.5374,151.3818,614.5551,20.6442,0.0621,5.8284,12.024,822.033
1990,남한,전라북도,익산시,55.5021,330.1893,74.5443,19.449,0.648,19.6848,9.0315,509.049
1990,남한,전라북도,임실군,5.1021,73.764,451.6056,46.899,0.072,3.1581,18.1422,598.743
1990,남한,전라북도,장수군,4.1337,60.3819,444.2076,16.6401,0.0036,2.6397,3.3237,531.3303
1990,남한,전라북도,전주시덕진구,21.762,52.0848,21.7008,6.1848,0.0072,6.3099,2.7954,110.8449
1990,남한,전라북도,전주시완산구,17.3754,24.5979,43.4007,4.8033,0.0009,3.339,0.9099,94.4271
1990,남한,전라북도,정읍시,39.8763,299.6253,287.5815,46.1835,0.1017,13.6782,9.0441,696.0906
1990,남한,전라북도,진안군,4.5117,82.4526,675.2043,16.8156,0.1134,5.598,5.49,790.1856
1990,남한,제주특별자치도,서귀포시,35.6868,163.5534,501.1713,168.2856,0,6.1038,11.5596,886.3605
1990,남한,제주특별자치도,제주시,53.2044,230.5863,535.0329,153.9243,0.5382,9.4554,15.9822,998.7237
1990,남한,충청남도,계룡시,2.6208,4.7745,45.2403,4.5891,0.0027,2.8962,0.1719,60.2955
1990,남한,충청남도,공주시,15.0777,237.3165,602.5662,61.4853,0.2907,13.6989,10.0899,940.5252
1990,남한,충청남도,금산군,9.7758,104.9076,437.0157,18.4077,0.0252,3.9645,3.5946,577.6911
1990,남한,충청남도,논산시,29.7684,237.4074,220.9743,41.5125,0.1989,14.283,8.0253,552.1698
1990,남한,충청남도,당진군,27.0369,371.0295,197.9082,31.3767,26.6256,20.7207,31.7655,706.4631
1990,남한,충청남도,보령시,17.8686,199.3284,306.5751,26.919,11.7738,10.3293,30.402,603.1962
1990,남한,충청남도,부여군,15.3279,284.4783,277.0452,20.574,0.3654,13.0203,14.49,625.3011
1990,남한,충청남도,서산시,19.5138,370.4184,247.8411,36.6786,6.7653,23.0229,26.5716,730.8117
1990,남한,충청남도,서천군,22.7583,176.4576,121.2975,25.3953,3.9321,5.5602,14.8662,370.2672
1990,남한,충청남도,아산시,22.0239,235.9161,213.0894,33.3711,1.5039,18.6885,17.9622,542.5551
1990,남한,충청남도,연기군,11.7279,103.3722,195.8166,33.1677,0.1503,9.7461,7.5078,361.4886
1990,남한,충청남도,예산군,12.0456,264.6207,226.4895,19.2546,0.1395,9.6291,9.6687,541.8477
1990,남한,충청남도,천안시동남구,13.5828,110.2725,281.4876,19.557,0.4527,11.0223,1.6182,437.9931
1990,남한,충청남도,천안시서북구,12.5838,103.932,50.8977,20.8008,0.1386,7.1424,1.6065,197.1018
1990,남한,충청남도,청양군,5.481,161.8623,294.606,10.53,0.2403,4.7052,3.1752,480.6
1990,남한,충청남도,태안군,12.3993,251.523,179.271,29.8728,19.0017,13.5873,65.8107,571.4658
1990,남한,충청남도,홍성군,10.5903,238.5162,161.2944,21.2985,0.6957,7.3035,13.2975,452.9961
1990,남한,충청북도,괴산군,6.9507,90.9018,716.5773,18.2331,0.0387,3.3408,5.391,841.4334
1990,남한,충청북도,단양군,4.6791,75.3975,678.0582,8.7174,0,6.5088,7.5042,780.8652
1990,남한,충청북도,보은군,7.272,77.0598,470.4597,13.9626,0.0873,3.249,11.7468,583.8372
1990,남한,충청북도,영동군,9.7119,51.4674,758.1186,23.5746,0.0252,3.0888,7.2036,853.1901
1990,남한,충청북도,옥천군,9.7227,51.7527,430.4142,19.5435,0.1026,3.1752,26.8407,541.5516
1990,남한,충청북도,음성군,7.0641,192.6486,275.8257,32.5431,0.0207,9.1512,3.4236,520.677
1990,남한,충청북도,제천시,6.0444,149.1768,665.505,24.4962,0,7.0272,29.259,881.5086
1990,남한,충청북도,증평군,3.3759,21.3174,46.8783,7.3233,0.0225,2.4291,0.486,81.8325
1990,남한,충청북도,진천군,8.6841,106.7625,251.6418,27.7164,0.1179,5.9517,6.6447,407.5191
1990,남한,충청북도,청원군,26.2134,167.2398,519.8283,61.5942,0.333,16.9407,21.2409,813.3903
1990,남한,충청북도,청주시상당구,13.0131,14.8689,30.6513,6.9723,0.0036,2.8665,0.7182,69.0939
1990,남한,충청북도,청주시흥덕구,19.1871,26.2764,23.3523,8.8686,0.0306,6.2793,0.4716,84.4659
1990,남한,충청북도,충주시,11.5839,231.5349,656.1747,39.8214,0,9.7641,34.1532,983.0322
1990,북한,강원도,고산군,2.5128,169.6671,256.0842,1.5174,0.0342,6.6231,3.3669,439.8057
1990,북한,강원도,고성군,7.7832,86.8662,722.205,16.1136,0.0252,4.4766,4.2201,841.6899
1990,북한,강원도,금강군,1.2888,157.8177,839.0349,16.7913,0.2061,1.2942,0.6534,1017.0864
1990,북한,강원도,김화군,11.3094,85.0923,591.7689,22.9599,0.0351,1.1196,1.0017,713.2869
1990,북한,강원도,문천군,9.2349,89.613,158.2533,2.2869,0.0063,3.6162,1.7586,264.7692
1990,북한,강원도,법동군,0.8073,95.2938,725.193,3.3615,0.0045,2.7972,1.1142,828.5715
1990,북한,강원도,세포군,1.9827,165.7746,770.3163,16.5276,0.3483,2.0079,3.1491,960.1065
1990,북한,강원도,안변군,8.2071,161.6364,346.1868,2.9439,0.4032,7.0614,3.9132,530.352
1990,북한,강원도,원산시,15.7473,81.7326,192.9969,2.2923,0.1521,2.871,2.1879,297.9801
1990,북한,강원도,이천군,0.6984,130.6458,471.564,5.6376,0.3483,2.6595,2.9349,614.4885
1990,북한,강원도,창도군,2.4939,124.8192,481.3632,20.8458,0.0162,1.5606,2.0322,633.1311
1990,북한,강원도,천내군,9.9207,109.5039,249.1209,3.3795,2.772,4.0536,2.4507,381.2013
1990,북한,강원도,철원군,6.8274,159.0831,322.3395,9.9909,1.2753,6.5601,3.7566,509.8329
1990,북한,강원도,통천군,9.0468,123.2082,416.2365,30.2463,0.0081,5.0022,12.4839,596.232
1990,북한,강원도,판교군,0.3105,129.6486,683.4303,4.995,0.8964,2.3526,3.4182,825.0516
1990,북한,강원도,평강군,4.2858,255.3831,468.8568,47.9115,0.6579,4.8132,8.5005,790.4088
1990,북한,강원도,회양군,2.808,143.4789,585.6903,4.6197,0.3006,4.1967,2.5092,743.6034
1990,북한,개성특급시,개성시,18.1701,32.409,71.9838,37.0314,0.0495,3.2625,0.5175,163.4238
1990,북한,개성특급시,개풍군,15.4197,112.4946,58.8627,14.22,3.0879,2.2581,6.2505,212.5935
1990,북한,개성특급시,장풍군,4.1409,119.2473,209.0286,138.8961,0.1638,4.9581,2.3625,478.7973
1990,북한,개성특급시,판문군,16.5663,160.2765,27.3132,118.5201,5.8293,5.4261,21.726,355.6575
1990,북한,나선특별시,나진시,8.1612,85.6206,511.4565,42.0633,0,3.7341,2.1528,653.1885
1990,북한,나선특별시,선봉군,3.1329,91.1412,353.1429,42.2496,1.4328,3.7314,40.8645,535.6953
1990,북한,남포특별시,남포시,69.3783,293.3829,153.8109,27.1908,13.6233,32.5944,97.2963,687.2769
1990,북한,남포특별시,용강군,4.3623,99.9441,53.5563,6.3441,0.2295,12.222,2.4768,179.1351
1990,북한,양강도,갑산군,1.638,95.5638,836.9973,156.303,0.0135,23.1138,0.9927,1114.6221
1990,북한,양강도,김정숙군,0.8604,60.1974,1060.4592,99.585,0.0117,14.3667,9.6111,1245.0915
1990,북한,양강도,김형권군,0.8793,120.0258,1119.2391,86.4324,4.8015,2.9457,10.3185,1344.6423
1990,북한,양강도,김형직군,1.8396,57.537,1325.2491,44.9973,0.1008,8.8416,6.7536,1445.319
1990,북한,양강도,대흥단군,0.675,134.9478,365.5629,129.2886,0.0009,15.9336,3.6738,650.0826
1990,북한,양강도,백암군,2.4462,105.903,1734.2712,187.1091,6.5538,10.1196,2.8602,2049.2631
1990,북한,양강도,보천군,2.6847,75.9825,710.1684,113.823,0.018,11.1825,0.6372,914.4963
1990,북한,양강도,삼수군,1.0341,71.9118,713.8854,107.0397,0.0243,18.7416,1.3581,913.995
1990,북한,양강도,삼지연군,2.8251,34.542,999.693,199.5111,0.1359,42.1254,4.3974,1283.2299
1990,북한,양강도,운흥군,1.9377,60.2595,647.6121,147.4047,0.2043,10.4931,0.1179,868.0293
1990,북한,양강도,풍서군,1.2015,146.0232,1456.1982,75.3912,3.033,7.8255,8.3781,1698.0507
1990,북한,양강도,혜산시,7.5924,52.2045,114.0858,74.2824,0.0027,20.718,1.4733,270.3591
1990,북한,자강도,강계시,9.0918,38.232,189.1728,8.4708,0.126,3.5397,3.3138,251.9469
1990,북한,자강도,고풍군,0.8379,47.2356,644.175,15.5826,0.0207,2.0529,4.8213,714.726
1990,북한,자강도,낭림군,0.7767,46.9449,1968.4917,37.7316,0.8766,2.6829,28.2267,2085.7311
1990,북한,자강도,동신군,0.2358,54.8793,1089.9387,23.6637,0.0027,6.6078,3.753,1179.081
1990,북한,자강도,만포시,10.1457,63.8559,507.0069,20.0151,0.5157,11.7495,16.0974,629.3862
1990,북한,자강도,성간군,1.8054,58.293,841.6512,13.8141,0.0063,1.7109,3.4974,920.7783
1990,북한,자강도,송원군,0.8721,59.4909,1108.7163,15.4827,0.027,3.1122,25.7373,1213.4385
1990,북한,자강도,시중군,3.0627,48.1824,518.6925,16.4484,0.2943,6.1929,23.3028,616.176
1990,북한,자강도,용림군,0.1143,31.7367,1138.1184,15.7545,0.0009,1.8324,2.0934,1189.6506
1990,북한,자강도,우시군,0.4626,55.4733,577.3473,24.0831,0.2475,1.7784,19.9071,679.2993
1990,북한,자강도,위원군,0.4869,67.4136,956.0628,20.2041,0.0009,0.8082,18.1872,1063.1637
1990,북한,자강도,자성군,3.0843,44.8119,711.0765,17.5338,0.5157,8.5068,28.8297,814.3587
1990,북한,자강도,장강군,3.7773,43.479,644.6043,12.1383,0.2367,11.4948,0.1206,715.851
1990,북한,자강도,중강군,4.2345,39.9978,575.082,2.9808,0.4167,7.8957,20.7621,651.3696
1990,북한,자강도,진천군,1.5363,70.5726,1010.4642,19.4337,0.0063,4.0005,5.4351,1111.4487
1990,북한,자강도,초산군,0.2943,67.6998,445.7088,19.9332,0,0.9441,15.7743,550.3545
1990,북한,자강도,화평군,2.8836,39.0663,1238.3181,12.8043,0.2763,10.2474,0.7542,1304.3502
1990,북한,자강도,회천시,6.5448,80.4672,875.1537,26.5446,0.0153,10.0233,6.6438,1005.3927
1990,북한,평안남도,개천군,36.4464,223.2954,414.7425,12.8484,0.3303,13.2462,16.3854,717.2946
1990,북한,평안남도,대동군,8.7228,198.3303,68.3271,16.0137,0.2556,10.9719,5.0238,307.6452
1990,북한,평안남도,대흥군,0.4293,51.8679,1141.1019,29.6775,0.0558,2.862,2.3742,1228.3686
1990,북한,평안남도,덕천시,19.2384,106.6878,469.1556,15.0354,0.0477,1.5948,38.682,650.4417
1990,북한,평안남도,맹산군,2.3652,97.0533,608.6844,15.3909,0.0198,1.0422,3.1824,727.7382
1990,북한,평안남도,문덕군,34.1316,195.2757,43.6833,18.7245,1.4211,14.1561,2.7099,310.1022
1990,북한,평안남도,북창군,23.9283,134.7381,439.9902,10.5228,0.0621,4.3029,7.7211,621.2655
1990,북한,평안남도,성천군,15.192,174.2472,522.9756,9.1854,0.4149,26.3025,8.4429,756.7605
1990,북한,평안남도,숙천군,26.1018,265.4082,80.7777,21.6531,25.0407,22.6998,5.3883,447.0696
1990,북한,평안남도,순천시,49.2867,305.9523,352.4616,13.7349,0.6039,36.3213,10.0287,768.3894
1990,북한,평안남도,신양군,3.1194,97.506,612.7236,10.1592,0.4509,6.7941,1.0782,731.8314
1990,북한,평안남도,안주시,15.5421,150.0282,243.1557,9.2898,0.3357,18.252,16.443,453.0465
1990,북한,평안남도,양덕군,3.0042,149.1003,629.8704,5.0481,0.2673,2.475,0.8037,790.569
1990,북한,평안남도,영원군,7.2297,47.3319,1129.0896,15.0696,0.0189,1.6128,12.1266,1212.4791
1990,북한,평안남도,온천군,20.1438,178.1667,55.521,21.3228,54.2502,15.8256,8.0019,353.232
1990,북한,평안남도,중산군,11.1924,194.5881,88.1982,15.2145,1.3995,16.515,7.4331,334.5408
1990,북한,평안남도,평성시,16.3845,141.6762,191.9439,5.5215,0.2754,18.153,7.1253,381.0798
1990,북한,평안남도,평원군,14.391,221.1408,118.8252,16.6257,1.4832,29.0592,12.8889,414.414
1990,북한,평안남도,회창군,2.5011,68.706,590.2335,4.7394,0.1161,6.6978,2.9826,675.9765
1990,북한,평안북도,곽산군,11.3517,147.6756,95.4513,57.8709,1.8369,5.6511,0.5778,320.4153
1990,북한,평안북도,구성시,13.7754,195.6267,352.4643,56.061,0.0234,13.9869,3.9285,635.8662
1990,북한,평안북도,구장군,15.0642,153.4518,490.545,29.0493,0.0144,9.2052,6.7446,704.0745
1990,북한,평안북도,대관군,5.0607,81.1494,683.4978,59.8464,0.0135,6.4233,1.6155,837.6066
1990,북한,평안북도,동림군,24.2226,116.7201,227.7126,58.1256,0.9387,2.6757,4.8141,435.2094
1990,북한,평안북도,동창군,1.9476,45.7767,590.4225,18.4941,0.0126,2.6901,3.1248,662.4684
1990,북한,평안북도,박천군,9.0054,163.62,78.705,19.791,2.1249,3.1032,14.4774,290.8269
1990,북한,평안북도,벽동군,1.0323,50.0085,497.979,52.992,0.9432,3.9159,21.168,628.0389
1990,북한,평안북도,삭주군,24.3468,105.9813,521.1882,99.5463,1.2861,3.1932,17.6472,773.1891
1990,북한,평안북도,신도군,4.9482,19.1448,19.6038,44.0037,8.8254,0.252,10.728,107.5059
1990,북한,평안북도,신의주시,23.1462,72.1845,8.9001,31.6845,5.4954,3.8223,9.7884,155.0214
1990,북한,평안북도,신천군,19.8324,151.911,200.8251,74.6901,1.5039,2.6739,0.2799,451.7163
1990,북한,평안북도,염주군,39.816,171.459,31.3839,34.4088,12.6387,2.043,4.4091,296.1585
1990,북한,평안북도,영변군,3.2544,197.442,246.1617,39.9429,0.0045,8.4861,9.3933,504.6849
1990,북한,평안북도,용천군,43.7202,146.5209,6.5772,25.803,4.2408,1.5579,9.6093,238.0293
1990,북한,평안북도,운산군,2.0295,200.6937,725.823,46.62,0.0072,14.6016,7.2153,996.9903
1990,북한,평안북도,운전군,14.2209,174.3318,150.966,39.7089,2.6046,2.4606,5.4099,389.7027
1990,북한,평안북도,의주군,14.7096,138.8205,164.0295,73.422,0.7137,10.8036,7.4313,409.9302
1990,북한,평안북도,정주시,19.476,197.8542,138.2499,88.5105,2.0178,2.1852,2.3364,450.63
1990,북한,평안북도,창성군,2.0313,34.182,494.5383,37.0278,0.6147,10.2672,30.0735,608.7348
1990,북한,평안북도,천마군,4.6377,76.9581,607.0446,64.125,0.8721,2.1627,11.8368,767.637
1990,북한,평안북도,철산군,19.1367,141.6645,79.7409,53.2359,2.7333,4.5639,1.3392,302.4144
1990,북한,평안북도,태천군,4.3407,191.0493,446.3244,31.9851,0.0117,8.0361,52.335,734.0823
1990,북한,평안북도,피현군,17.9352,157.9194,189.4419,67.6683,0.0846,4.644,4.0707,441.7641
1990,북한,평안북도,항산군,1.278,24.8508,226.9737,4.7988,0.0063,2.7342,3.2139,263.8557
1990,북한,평양직할시,강남군,6.732,96.6897,38.5542,14.7168,0.0756,1.1106,8.4258,166.3047
1990,북한,평양직할시,강동군,22.1544,133.8183,325.4148,7.2981,0.2376,13.3641,6.3783,508.6656
1990,북한,평양직할시,대동군,162.585,440.0127,363.6099,41.193,0.7587,39.3165,33.6474,1081.1232
1990,북한,함경남도,고원군,18.0486,206.2431,817.7859,9.7938,1.5831,8.0676,3.2058,1064.7279
1990,북한,함경남도,금야군,11.2356,369.8739,272.4165,2.4345,9.6048,24.5979,22.0293,712.1925
1990,북한,함경남도,낙원군,3.8304,55.7847,100.7775,12.4101,0,4.9032,1.3356,179.0415
1990,북한,함경남도,단천시,44.7786,261.9171,1506.3471,149.5566,0.0027,54.7722,4.8222,2022.1965
1990,북한,함경남도,덕성군,6.0912,132.4161,1305.3771,62.6607,0.009,9.3906,2.1528,1518.0975
1990,북한,함경남도,부전군,2.8089,141.2838,1487.4129,98.6715,0.5697,4.5117,20.7162,1755.9747
1990,북한,함경남도,북청군,22.0302,127.1772,383.571,50.8725,0.0018,30.1851,4.2741,618.1119
1990,북한,함경남도,신포시,18.7353,57.3039,83.4075,23.5035,0.3906,26.7282,2.9844,213.0534
1990,북한,함경남도,신흥군,12.7521,136.6956,986.7366,55.4724,0,1.5057,1.1007,1194.2631
1990,북한,함경남도,영광군,8.0298,162.5094,553.7151,37.8216,0.0045,6.8247,1.6011,770.5062
1990,북한,함경남도,요덕군,1.6479,134.5527,1217.6208,24.1596,0.5247,2.9088,2.7765,1384.191
1990,북한,함경남도,이원군,16.6338,112.7007,353.8062,34.4286,0,27.7767,1.5408,546.8868
1990,북한,함경남도,장진군,0.9567,134.2125,1590.4863,102.1842,4.6593,12.8826,40.419,1885.8006
1990,북한,함경남도,정평군,11.4255,285.0417,398.8188,26.9613,1.71,12.6576,13.95,750.5649
1990,북한,함경남도,함주군,14.2371,180.3987,497.6856,48.7719,1.116,4.2759,6.0246,752.5098
1990,북한,함경남도,함흥시,73.1673,148.4253,277.3305,40.9023,0.0018,7.4115,8.3295,555.5682
1990,북한,함경남도,허천군,14.904,131.9904,1515.3714,78.2208,0.0486,4.6611,1.8099,1747.0062
1990,북한,함경남도,흥원군,9.3447,149.0733,650.9232,51.3594,0.0306,14.5494,2.2059,877.4865
1990,북한,함경북도,경성군,8.5194,76.6044,1006.6104,25.614,0,12.195,0.9072,1130.4504
1990,북한,함경북도,길주군,40.905,148.6296,814.149,84.7935,0.0099,8.0307,1.6155,1098.1332
1990,북한,함경북도,김책시,27.1404,109.8387,673.9749,62.073,0,22.9959,1.4508,897.4737
1990,북한,함경북도,명천군,11.1978,86.9328,478.0872,53.6607,0,4.9401,1.5156,636.3342
1990,북한,함경북도,무산군,11.9808,229.6026,1130.4126,80.5437,0.0153,5.2317,5.5845,1463.3712
1990,북한,함경북도,부령군,4.365,43.983,682.1721,17.0811,0.0045,3.0906,0.2898,750.9861
1990,북한,함경북도,새별군,8.7759,213.723,566.6931,69.0426,0,5.7888,10.4184,874.4418
1990,북한,함경북도,어랑군,7.3764,135.8964,1251.5913,82.4157,0.0414,26.3475,13.4685,1517.1372
1990,북한,함경북도,연사군,2.0151,58.5279,1135.7685,85.077,0.0657,14.103,6.7104,1302.2676
1990,북한,함경북도,온성군,7.0605,275.3028,371.5866,106.3404,0,1.2906,6.7833,768.3642
1990,북한,함경북도,은덕군,9.8217,143.5158,721.0341,56.4471,0,8.7102,11.0088,950.5377
1990,북한,함경북도,청진시,58.9491,85.3578,779.9103,71.2449,0.1242,24.183,4.5108,1024.2801
1990,북한,함경북도,화대군,16.4637,62.2116,275.3847,61.5051,0,10.9098,1.0386,427.5135
1990,북한,함경북도,화성군,10.3941,182.0295,841.6134,57.2706,0,17.7687,4.5261,1113.6024
1990,북한,함경북도,회령시,19.3248,343.0674,1209.3489,109.854,0,8.1846,4.8222,1694.6019
1990,북한,황해남도,강령군,9.351,182.1591,243.0027,33.75,8.7093,46.2573,32.2056,555.435
1990,북한,황해남도,과일군,3.4866,150.975,186.8661,3.33,2.5182,13.923,4.1805,365.2794
1990,북한,황해남도,배천군,29.1537,306.6021,94.3191,2.6892,8.7075,10.1988,8.0433,459.7137
1990,북한,황해남도,벽성군,6.5754,164.6199,204.255,27.0792,2.8458,25.236,7.3332,437.9445
1990,북한,황해남도,봉천군,36.0756,246.4569,186.0957,7.0173,2.7972,40.1409,11.2185,529.8021
1990,북한,황해남도,삼천군,2.9097,160.3089,170.2071,4.1922,0.0342,19.1466,4.9149,361.7136
1990,북한,황해남도,송화군,1.9116,77.5305,96.0255,1.4445,0.0009,13.8006,1.0593,191.7729
1990,북한,황해남도,신원군,3.1788,131.0283,361.9701,5.5908,0.4428,11.7693,11.2851,525.2652
1990,북한,황해남도,신천군,6.3216,248.1678,202.8564,14.139,0.0738,19.6065,5.8941,497.0592
1990,북한,황해남도,안악군,6.4539,224.6904,105.7869,20.178,0.0558,12.5946,4.5603,374.3199
1990,북한,황해남도,연안군,30.7845,316.0998,55.9053,5.8941,20.3409,5.4369,5.5539,440.0154
1990,북한,황해남도,옹진군,11.1474,221.283,287.8596,47.6883,9.2151,54.441,7.5537,639.1881
1990,북한,황해남도,용연군,3.6117,154.5804,255.5838,24.7014,3.0537,27.9306,6.201,475.6626
1990,북한,황해남도,은율군,6.1074,182.8917,225.2007,7.5132,5.7681,26.7624,23.6745,477.918
1990,북한,황해남도,은천군,6.7653,200.2914,140.7033,18.9612,8.1324,11.9574,51.0363,437.8473
1990,북한,황해남도,장연군,3.9096,116.028,240.7401,9.972,0.4878,17.3889,3.9762,392.5026
1990,북한,황해남도,재령군,6.2424,178.9425,101.4489,15.6816,0.09,10.5588,10.0629,323.0271
1990,북한,황해남도,청단군,14.1615,275.7573,124.8561,27.8199,5.8473,17.7237,8.0469,474.2127
1990,북한,황해남도,태탄군,3.3984,135.8388,167.3262,21.708,14.8257,12.2193,4.3425,359.6589
1990,북한,황해남도,해주시,23.7402,35.9973,91.1835,5.976,3.4848,13.4145,1.0701,174.8664
1990,북한,황해북도,곡산군,1.7001,208.8882,301.5612,3.1185,0.1323,3.168,4.2831,522.8514
1990,북한,황해북도,금천군,33.4521,160.8597,193.0311,24.9966,2.5956,6.462,11.0043,432.4014
1990,북한,황해북도,봉산군,14.481,150.5475,243.2448,10.0935,0.09,11.2131,9.1377,438.8076
1990,북한,황해북도,사리원시,14.2956,48.303,18.1764,3.9159,0.0225,1.539,0.4356,86.688
1990,북한,황해북도,상원군,4.8168,131.292,344.844,4.7628,0.0585,14.7492,2.1087,502.632
1990,북한,황해북도,서흥군,4.5144,243.999,384.3567,5.4495,0.1854,7.3314,2.1312,647.9676
1990,북한,황해북도,송림시,12.942,27.9261,11.9655,3.1905,0.0513,1.4418,7.6905,65.2077
1990,북한,황해북도,수안군,2.6451,246.0636,406.485,2.25,0.135,4.518,1.6101,663.7068
1990,북한,황해북도,승호구역,9.2952,57.2625,62.7903,3.8574,0.1008,6.3594,6.0318,145.6974
1990,북한,황해북도,신계군,4.1661,365.6295,342.8307,2.1528,0.2457,6.6978,3.8034,725.526
1990,북한,황해북도,신평군,2.745,143.7939,915.1758,7.0146,0.9576,3.7584,6.5718,1080.0171
1990,북한,황해북도,연산군,3.9843,96.2604,414.0909,4.1661,0.0819,14.4198,4.8024,537.8058
1990,북한,황해북도,연탄군,2.4939,152.4924,383.5566,4.7817,0.1053,17.946,7.4574,568.8333
1990,북한,황해북도,은파군,5.2011,190.1952,173.2284,12.5046,0.0495,8.1612,11.0916,400.4316
1990,북한,황해북도,인산군,7.5699,153.1755,319.3758,2.4498,0.1935,19.2474,2.5263,504.5382
1990,북한,황해북도,중화군,2.6478,91.4913,110.3895,5.661,0.0468,2.5155,2.6739,215.4258
1990,북한,황해북도,토산군,6.5052,152.6292,244.3464,10.7424,0.4104,3.7548,2.3643,420.7527
1990,북한,황해북도,평산군,14.7879,240.8121,254.7018,2.2311,0.7362,8.2512,4.8663,526.3866
1990,북한,황해북도,황주군,10.3338,305.7813,155.4003,20.9619,0.0729,11.0781,10.4841,514.1124
2000,남한,강원도,강릉시,24.2577,95.274,893.3562,10.1763,0,14.2353,5.8338,1043.1333
2000,남한,강원도,고성군,12.4596,77.3775,572.9166,1.71,0,9.6975,20.2149,694.3761
2000,남한,강원도,동해시,12.0402,11.5524,146.9277,3.9618,0,6.0228,1.3986,181.9035
2000,남한,강원도,삼척시,15.3108,34.506,1112.9157,11.0286,0,9.6885,5.6835,1189.1331
2000,남한,강원도,속초시,9.2259,11.6388,77.9634,3.3453,0,2.5407,2.1573,106.8714
2000,남한,강원도,양구군,2.1186,74.8557,640.5831,0.1035,0,2.7657,8.7768,729.2034
2000,남한,강원도,양양군,8.6256,54.6597,554.2515,9.531,0,4.7745,3.3642,635.2065
2000,남한,강원도,영월군,5.9067,67.7601,1007.073,28.3626,0,10.1952,2.9088,1122.2064
2000,남한,강원도,원주시,24.8193,128.2329,684.6462,21.0519,0,11.3634,4.0833,874.197
2000,남한,강원도,인제군,8.6472,93.1347,1521.4491,2.4363,0,2.8314,9.8568,1638.3555
2000,남한,강원도,정선군,9.7713,64.0953,1126.485,8.8821,0,7.1559,2.2689,1218.6585
2000,남한,강원도,철원군,18.4788,179.3376,499.3668,40.2444,0.6129,19.5606,6.6375,764.2386
2000,남한,강원도,춘천시,26.0343,102.8106,915.9309,13.8159,0.1377,7.1145,49.6296,1115.4735
2000,남한,강원도,태백시,7.5033,12.2013,277.8633,2.1663,0,3.4794,0.0468,303.2604
2000,남한,강원도,평창군,4.3614,120.6342,1290.78,31.6332,0,16.1838,1.9827,1465.5753
2000,남한,강원도,홍천군,8.3574,158.9166,1628.5113,9.7731,0,7.7841,3.7935,1817.136
2000,남한,강원도,화천군,7.1919,49.4379,962.4429,2.862,0.0036,7.515,24.2676,1053.7209
2000,남한,강원도,횡성군,7.1892,136.0071,814.2975,25.0254,0,6.3954,5.7231,994.6377
2000,남한,경기도,가평군,8.6373,63.7254,731.7729,18.0108,0,5.8338,13.0284,841.0086
2000,남한,경기도,고양시덕양구,20.8899,34.6158,79.2756,13.7016,0.6309,8.4402,5.0202,162.5742
2000,남한,경기도,고양시일산동구,13.248,19.3554,15.7113,4.8366,1.0575,4.7286,1.4112,60.3486
2000,남한,경기도,고양시일산서구,12.8853,19.0548,1.7226,0.9315,4.8177,2.4516,1.2087,43.0722
2000,남한,경기도,과천시,2.3454,5.3937,24.3954,0.8973,0.0747,2.1096,0.1629,35.379
2000,남한,경기도,광명시,9.2655,7.6419,14.8887,5.2857,0.0468,1.7667,0.1503,39.0456
2000,남한,경기도,광주시,30.3669,58.3713,295.9137,29.7171,0,4.8969,9.4698,428.7357
2000,남한,경기도,구리시,9.8298,2.8206,10.9539,2.0106,0.0126,4.6332,2.0043,32.265
2000,남한,경기도,군포시,9.3753,4.9437,17.7588,1.7046,0.081,1.7019,0.4068,35.9721
2000,남한,경기도,김포시,29.5137,122.6835,69.5052,15.4125,16.5771,10.2654,16.6374,280.5948
2000,남한,경기도,남양주시,40.7862,67.0572,301.8411,24.4314,0.0675,14.688,9.1125,457.9839
2000,남한,경기도,동두천시,7.4583,13.7691,70.704,1.2582,0.0009,2.5173,0.1224,95.8302
2000,남한,경기도,부천시소사구,5.8626,1.8009,3.8808,0.9045,0.0018,0.5976,0,13.0482
2000,남한,경기도,부천시오정구,8.73,6.2217,2.7279,1.809,0.0063,0.6804,0.0072,20.1825
2000,남한,경기도,부천시원미구,12.2517,0.3159,3.0168,3.681,0.0081,1.305,0.0009,20.5794
2000,남한,경기도,성남시분당구,24.7077,4.2174,36.3762,1.9755,0.0261,1.8594,0.6588,69.8211
2000,남한,경기도,성남시수정구,9.7236,5.6403,25.722,2.7117,0.0117,1.4382,0.279,45.5265
2000,남한,경기도,성남시중원구,6.4665,3.0015,14.6169,1.0512,0.0117,1.1079,0.009,26.2647
2000,남한,경기도,수원시권선구,14.1525,19.9296,6.9552,2.8539,0.0369,3.1896,0.2961,47.4138
2000,남한,경기도,수원시영통구,11.2005,5.6403,7.9848,1.0422,0.0549,1.3788,0.5796,27.8811
2000,남한,경기도,수원시장안구,10.9728,3.1455,16.5204,0.774,0.0126,1.2681,0.4419,33.1353
2000,남한,경기도,수원시팔달구,9.9423,0.8028,1.1196,0.3663,0.0027,0.6525,0.1701,13.0563
2000,남한,경기도,시흥시,33.1362,47.2617,40.0905,9.2151,0.4338,6.0282,1.4661,137.6316
2000,남한,경기도,안산시단원구,28.9386,21.8142,27.9864,4.3443,4.2327,5.2713,3.2166,95.8041
2000,남한,경기도,안산시상록구,16.1586,11.0466,24.1074,4.4118,0.2061,2.8278,0.1044,58.8627
2000,남한,경기도,안성시,21.9798,204.9543,260.6157,47.997,0,12.6981,6.3081,554.553
2000,남한,경기도,안양시동안구,11.3832,1.0215,8.0217,0.36,0.0027,1.377,0,22.1661
2000,남한,경기도,안양시만안구,9.7785,1.1754,23.2407,1.4607,0.018,1.2375,0.0027,36.9135
2000,남한,경기도,양주시,19.278,75.5442,183.5424,15.9309,0.2538,14.9553,0.819,310.3236
2000,남한,경기도,양평군,5.5431,145.6209,676.6893,30.9645,0.0243,5.4774,15.0345,879.354
2000,남한,경기도,여주군,13.2345,239.3982,273.7899,43.704,0,29.1987,8.3313,607.6566
2000,남한,경기도,연천군,12.7899,266.4936,536.3433,22.5783,1.5111,11.7288,10.1196,861.5646
2000,남한,경기도,오산시,8.9289,14.7447,14.22,2.1195,0.1521,2.0466,0.3015,42.5133
2000,남한,경기도,용인시기흥구,18.7434,13.9041,36.801,7.1847,0.0432,3.1086,1.7937,81.5787
2000,남한,경기도,용인시수지구,7.5303,5.814,22.7853,1.1052,0.0306,4.6989,0.0441,42.0084
2000,남한,경기도,용인시처인구,25.812,116.415,266.7735,47.2869,0,7.2018,4.9266,468.4158
2000,남한,경기도,의왕시,6.9012,7.0479,35.7633,1.2141,0.0567,2.2059,0.8955,54.0846
2000,남한,경기도,의정부시,19.0647,10.1466,46.3779,2.6109,0.0693,3.528,0.0009,81.7983
2000,남한,경기도,이천시,23.1102,242.3763,155.6712,24.2784,0,14.9742,1.0197,461.43
2000,남한,경기도,파주시,25.3575,212.175,276.0642,34.722,13.6143,17.9055,8.3637,588.2022
2000,남한,경기도,평택시,46.7775,282.3354,58.284,26.7633,0.4743,16.8075,21.2724,452.7144
2000,남한,경기도,포천시,22.1751,188.3538,579.6999,10.6803,0.3816,20.772,4.7718,826.8345
2000,남한,경기도,하남시,14.6646,14.8266,46.161,9.0459,0.018,3.0132,6.4908,94.2201
2000,남한,경기도,화성시,44.5041,307.017,238.9878,37.1988,19.6263,41.6592,10.1169,699.1101
2000,남한,경상남도,거제시,16.434,53.073,318.6729,15.5529,1.1169,4.7475,10.7793,420.3765
2000,남한,경상남도,거창군,11.2815,154.818,617.4117,8.9748,0.0891,4.5864,4.1508,801.3123
2000,남한,경상남도,고성군,9.8991,106.533,381.762,11.1591,2.4282,6.5484,6.0408,524.3706
2000,남한,경상남도,김해시,42.651,116.3637,261.5715,18.7965,0.855,12.2157,9.378,461.8314
2000,남한,경상남도,남해군,10.1367,89.568,247.7178,7.7337,1.2132,9.0045,8.6004,373.9743
2000,남한,경상남도,밀양시,14.31,157.3425,590.6124,15.9462,0.7686,9.3843,14.391,802.755
2000,남한,경상남도,사천시,12.78,88.3458,271.1142,11.2734,1.4697,11.7774,9.0738,405.8343
2000,남한,경상남도,산청군,5.7249,76.5225,688.8231,7.5438,0.2115,6.3216,6.6159,791.7633
2000,남한,경상남도,양산시,25.0335,40.6134,389.5029,11.9205,0.3123,12.6072,5.463,485.4528
2000,남한,경상남도,의령군,4.6152,58.8465,393.3108,4.9347,0.2187,2.4138,18.2934,482.6331
2000,남한,경상남도,진주시,28.2168,130.1499,497.9124,21.474,1.1925,9.4194,24.6825,713.0475
2000,남한,경상남도,창녕군,13.8267,115.9371,349.0776,11.0304,0.5931,8.4276,28.5129,527.4054
2000,남한,경상남도,창원시마산합포구,10.7523,31.4811,191.2482,5.9787,0.9567,2.9322,7.956,251.3052
2000,남한,경상남도,창원시마산회원구,10.9008,2.5164,74.403,2.2554,0.081,0.9549,0.2259,91.3374
2000,남한,경상남도,창원시성산구,25.0938,0.0117,49.2255,6.2514,0.1269,1.8738,0.2367,82.8198
2000,남한,경상남도,창원시의창구,20.7009,77.2812,87.9363,11.7891,0.3087,5.3514,7.7688,211.1364
2000,남한,경상남도,창원시진해구,15.1353,7.3269,75.1581,8.1882,0.4131,5.6655,1.3572,113.2443
2000,남한,경상남도,통영시,13.5702,40.9086,176.4657,12.6459,0.891,4.4604,9.2997,258.2415
2000,남한,경상남도,하동군,6.1758,116.1486,535.4226,1.206,1.5759,8.2026,8.973,677.7045
2000,남한,경상남도,함안군,14.4216,100.6902,272.331,8.8074,0.4599,5.0697,14.3496,416.1294
2000,남한,경상남도,함양군,9.8442,133.2225,558.1386,10.7343,0.0243,6.3504,3.4416,721.7559
2000,남한,경상남도,합천군,6.6672,130.1463,792.9774,8.2611,0.1953,11.0232,34.4403,983.7108
2000,남한,경상북도,경산시,22.1004,107.3259,250.5897,17.1405,0.5589,9.9315,3.8826,411.5295
2000,남한,경상북도,경주시,38.7729,246.8853,967.6746,43.2315,0.6255,18.5337,9.495,1325.2185
2000,남한,경상북도,고령군,6.8895,61.2009,282.618,7.1325,0.3573,4.0734,22.4406,384.7122
2000,남한,경상북도,구미시,37.4733,115.8525,403.6383,17.7606,0.2853,18.108,22.5774,615.6954
2000,남한,경상북도,군위군,5.6772,53.6562,541.4049,6.6213,0.0819,2.3103,2.1222,611.874
2000,남한,경상북도,김천시,22.2192,138.8718,802.1358,24.1434,0.0936,12.366,5.9121,1005.7419
2000,남한,경상북도,문경시,12.114,148.8285,734.1264,11.1564,0.0135,3.1878,5.3946,914.8212
2000,남한,경상북도,봉화군,10.0197,102.0474,1062.2376,23.7834,0.027,2.9511,1.7406,1202.8068
2000,남한,경상북도,상주시,17.4384,267.156,914.7258,28.0845,0.0828,11.3742,12.9222,1251.7839
2000,남한,경상북도,성주군,5.8104,80.1144,492.3756,19.53,0.0621,7.2387,9.7749,614.9061
2000,남한,경상북도,안동시,17.7975,161.82,1264.6998,18.1107,0.3573,7.5366,58.3164,1528.6383
2000,남한,경상북도,영덕군,13.2813,63.4239,648.5589,11.2032,0.2826,6.7221,4.5279,747.9999
2000,남한,경상북도,영양군,9.4833,62.6616,735.0804,10.6623,0.1233,2.6919,0.9108,821.6136
2000,남한,경상북도,영주시,14.7042,122.0148,497.8233,28.9062,0.0072,8.8128,1.9593,674.2278
2000,남한,경상북도,영천시,17.5896,176.2866,676.8099,26.1144,0.972,6.723,11.628,916.1235
2000,남한,경상북도,예천군,7.4358,204.6501,419.6106,16.0137,0.018,7.8165,9.0036,664.5483
2000,남한,경상북도,울릉군,0.6597,6.633,63.4833,0.8649,0,1.3923,2.952,75.9852
2000,남한,경상북도,울진군,12.0672,51.1011,903.7584,9.0576,0.0477,12.9555,5.9688,994.9563
2000,남한,경상북도,의성군,8.397,212.5233,927.0054,10.7784,0.0405,3.7692,6.8238,1169.3376
2000,남한,경상북도,청도군,4.8951,98.8029,562.6422,8.4852,0.2088,3.1662,13.0932,691.2936
2000,남한,경상북도,청송군,11.6289,84.8385,730.6218,14.9634,0.3258,3.8988,1.6416,847.9188
2000,남한,경상북도,칠곡군,19.4805,49.2372,353.8431,11.5443,0.1044,6.714,11.0799,452.0034
2000,남한,경상북도,포항시남구,43.5348,51.0525,275.643,12.8439,0.1125,7.3179,4.6422,395.1468
2000,남한,경상북도,포항시북구,27.9378,113.454,564.3639,14.9913,0.4455,12.9141,3.726,737.8326
2000,남한,광주광역시,광산구,38.6118,79.7319,79.9065,8.4681,0,8.2872,6.6438,221.6493
2000,남한,광주광역시,남구,11.952,22.8555,22.068,0.8946,0,2.2923,0.3699,60.4323
2000,남한,광주광역시,동구,7.5303,1.0737,39.1302,0.2961,0,0.4689,0.009,48.5082
2000,남한,광주광역시,북구,30.1113,20.3607,61.6689,2.5803,0.009,5.4387,1.7235,121.8924
2000,남한,광주광역시,서구,18.0801,15.0228,9.5409,1.5471,0,1.521,0.8856,46.5975
2000,남한,대구광역시,남구,9.1728,0.0144,7.7571,0.2205,0,0.324,0.0288,17.5176
2000,남한,대구광역시,달서구,34.7931,1.377,23.3595,0.6183,0.0027,1.4877,2.4552,64.0935
2000,남한,대구광역시,달성군,21.042,69.4116,297.9423,7.2324,0.0954,6.8094,20.6982,423.2313
2000,남한,대구광역시,동구,21.4128,18.9333,131.9895,4.4541,0.036,2.3391,2.9331,182.0979
2000,남한,대구광역시,북구,26.55,5.6124,52.3908,2.3211,0.0585,3.5316,2.9124,93.3768
2000,남한,대구광역시,서구,14.6439,0.09,2.1663,0.1305,0,0.2484,0.0243,17.3034
2000,남한,대구광역시,수성구,19.6605,6.363,46.9071,1.2915,0.0036,1.6542,0.6507,76.5306
2000,남한,대구광역시,중구,6.7959,0.0036,0.1062,0.0261,0,0.1044,0.0351,7.0713
2000,남한,대전광역시,대덕구,20.808,3.5361,33.4269,4.0023,0.0045,1.8675,6.1857,69.831
2000,남한,대전광역시,동구,15.2757,8.1585,97.0605,1.5912,0.0009,1.2843,13.1949,136.566
2000,남한,대전광역시,서구,18.8973,10.2744,57.7296,3.942,0.0126,4.2156,0.9558,96.0273
2000,남한,대전광역시,유성구,19.6227,19.7235,111.1878,13.0797,0.0072,10.3167,1.7838,175.7214
2000,남한,대전광역시,중구,14.436,2.943,41.7267,1.4067,0.0036,1.152,0.1053,61.7733
2000,남한,부산광역시,강서구,23.8185,76.1517,45,6.6438,2.4984,10.2177,20.0142,184.3443
2000,남한,부산광역시,금정구,11.313,1.8153,46.1637,3.1608,0.0189,1.0008,1.5768,65.0493
2000,남한,부산광역시,기장군,11.9133,29.3355,162.6768,6.2091,0.27,6.9597,2.9232,220.2876
2000,남한,부산광역시,남구,15.0147,0,7.4448,2.7792,0.0513,0.7056,0.1998,26.1954
2000,남한,부산광역시,동구,6.3801,0,2.6559,0.3222,0.0036,0.1224,0.0468,9.531
2000,남한,부산광역시,동래구,10.5291,0,4.7727,1.08,0.0414,0.5049,0.0297,16.9578
2000,남한,부산광역시,부산진구,15.3756,0,12.0141,1.4733,0.0018,0.612,0.0387,29.5155
2000,남한,부산광역시,북구,9.3924,1.242,25.1397,1.4895,0.0225,1.1916,1.7973,40.275
2000,남한,부산광역시,사상구,14.6817,3.8178,13.2624,1.35,0.2916,0.6867,2.5929,36.6831
2000,남한,부산광역시,사하구,19.6335,1.0746,12.222,2.8026,0.3393,1.2438,3.8853,41.2011
2000,남한,부산광역시,서구,5.6655,0,6.7473,1.1916,0.0351,0.1881,0.1476,13.9752
2000,남한,부산광역시,수영구,6.8463,0,2.2176,0.8775,0.0216,0.2628,0.2583,10.4841
2000,남한,부산광역시,연제구,7.5033,0,3.1104,1.017,0.0036,0.5058,0,12.1401
2000,남한,부산광역시,영도구,7.1631,0,4.7007,1.5723,0.1422,0.4239,0.4347,14.4369
2000,남한,부산광역시,중구,2.5056,0,0.2295,0.2007,0.0027,0.0387,0.0297,3.0069
2000,남한,부산광역시,해운대구,16.7454,0.4554,28.8504,3.6945,0.1332,1.8828,0.4122,52.1739
2000,남한,서울특별시,강남구,24.0201,0.3537,8.8821,2.1051,0.018,1.4076,1.6389,38.4255
2000,남한,서울특별시,강동구,13.5954,1.5714,2.7171,3.7917,0.0027,1.1889,2.6244,25.4916
2000,남한,서울특별시,강북구,8.3304,0.0027,13.8825,0.8451,0,0.6507,0,23.7114
2000,남한,서울특별시,강서구,20.349,8.5536,4.4244,4.1922,0.054,1.6992,3.5469,42.8193
2000,남한,서울특별시,관악구,13.5765,0,15.5628,0.459,0.0018,0.252,0,29.8521
2000,남한,서울특별시,광진구,9.8379,0.0261,2.9844,1.4049,0.0216,1.3212,2.1096,17.7057
2000,남한,서울특별시,구로구,12.2688,0.4725,3.7782,2.3679,0.0099,0.8892,0.0513,19.8378
2000,남한,서울특별시,금천구,8.712,0,2.8665,0.5184,0.0072,0.4068,0.0549,12.5658
2000,남한,서울특별시,노원구,15.1551,0.0441,15.0039,2.2608,0,3.0474,0.0162,35.5275
2000,남한,서울특별시,도봉구,9.1494,0,10.1718,0.6696,0.0009,0.7578,0,20.7495
2000,남한,서울특별시,동대문구,11.7135,0,1.2798,0.7893,0.0009,0.5013,0.1962,14.481
2000,남한,서울특별시,동작구,10.5975,0,3.4713,1.9764,0.0027,0.4248,0.9144,17.3871
2000,남한,서울특별시,마포구,13.6926,0.1098,2.2104,2.9259,0.0135,0.9864,4.7088,24.6474
2000,남한,서울특별시,서대문구,9.297,0,5.5278,2.1141,0.0036,0.5139,0,17.4564
2000,남한,서울특별시,서초구,17.9091,1.926,21.6378,2.9979,0.036,1.9143,1.4814,47.9025
2000,남한,서울특별시,성동구,11.4219,0,1.0467,1.2528,0.0135,0.9477,1.8738,16.5564
2000,남한,서울특별시,성북구,13.4613,0.0126,8.3745,1.584,0,0.9441,0.0036,24.3801
2000,남한,서울특별시,송파구,19.8765,0.5598,1.6299,6.4395,0.0144,2.2014,2.9538,33.6753
2000,남한,서울특별시,양천구,10.0692,0.0828,3.3336,3.2544,0.0063,1.0107,0.0801,17.8371
2000,남한,서울특별시,영등포구,14.5062,0.0018,1.0251,2.5371,0.0072,0.8937,2.6415,21.6126
2000,남한,서울특별시,용산구,11.5371,0,2.5794,3.1734,0.0153,0.7461,3.1689,21.2202
2000,남한,서울특별시,은평구,11.8332,0.0279,15.9516,2.7927,0.0036,0.6948,0,31.3038
2000,남한,서울특별시,종로구,7.7238,0,12.2832,3.0789,0.0054,0.7785,0.0054,23.8752
2000,남한,서울특별시,중구,7.3323,0.0009,1.7379,0.6786,0,0.252,0.0423,10.044
2000,남한,서울특별시,중랑구,10.4976,0.0207,4.554,1.4094,0.0045,1.3788,0.0783,17.9433
2000,남한,울산광역시,남구,41.7951,2.0835,20.4012,4.5567,0.081,2.4237,4.4523,75.7935
2000,남한,울산광역시,동구,13.6287,0.9009,19.7019,1.2807,0.0045,0.5292,1.9143,37.9602
2000,남한,울산광역시,북구,18.0972,23.5107,107.5815,3.4254,0.0423,4.9113,1.5786,159.147
2000,남한,울산광역시,울주군,37.0026,102.1563,572.6565,18.7506,0.8865,18.144,9.3456,758.9421
2000,남한,울산광역시,중구,10.6839,3.6999,17.1243,2.2842,0.0891,1.8387,0.7677,36.4878
2000,남한,인천광역시,강화군,11.1897,183.0195,181.5255,15.5682,15.5358,10.0458,40.8627,457.7472
2000,남한,인천광역시,계양구,13.1643,15.1299,12.0528,2.5551,0.0297,1.9998,0.6777,45.6093
2000,남한,인천광역시,남구,18.6462,0.1044,1.8936,1.2618,0.0045,2.6973,0.0909,24.6987
2000,남한,인천광역시,남동구,21.2337,13.1823,13.536,5.1003,1.4436,9.7344,14.2722,78.5025
2000,남한,인천광역시,동구,6.1803,0.0009,0.0585,0.1692,0.018,0.387,0.2286,7.0425
2000,남한,인천광역시,부평구,18.5463,1.9656,5.0976,4.1328,0.0027,2.232,0.0126,31.9896
2000,남한,인천광역시,서구,34.011,37.908,26.2215,15.7077,2.637,9.603,5.319,131.4072
2000,남한,인천광역시,연수구,14.0679,0.3501,3.8934,4.4559,1.1907,11.0484,12.5775,47.5839
2000,남한,인천광역시,옹진군,4.0464,18.7101,107.0712,7.2792,7.4781,9.4356,40.5342,194.5548
2000,남한,인천광역시,중구,36.0549,13.6332,28.4787,22.959,10.3626,24.4197,10.3248,146.2329
2000,남한,전라남도,강진군,11.4246,149.1561,315.2124,11.7414,1.0674,4.0896,9.3582,502.0497
2000,남한,전라남도,고흥군,15.5421,268.452,467.1072,19.3464,4.6008,21.4362,25.074,821.5587
2000,남한,전라남도,곡성군,7.2144,80.3709,441.8946,7.5141,0.0135,4.1247,6.5259,547.6581
2000,남한,전라남도,광양시,31.4658,72.8379,324.1665,0.8658,4.7376,16.0155,15.975,466.0641
2000,남한,전라남도,구례군,5.0859,59.5341,366.2208,1.44,0.0369,2.5497,4.7889,439.6563
2000,남한,전라남도,나주시,22.6683,283.1364,261.6408,12.2814,0.9549,9.6417,17.595,607.9185
2000,남한,전라남도,담양군,11.4696,111.0348,312.6186,3.9267,0.1926,6.4467,6.3153,452.0043
2000,남한,전라남도,목포시,17.4402,10.4778,14.9229,1.8369,1.2429,4.2237,3.5802,53.7246
2000,남한,전라남도,무안군,20.0934,235.5255,150.2172,12.5613,6.9381,10.5633,27.4518,463.3506
2000,남한,전라남도,보성군,17.1315,151.767,463.0554,15.1092,1.8648,6.3396,10.5732,665.8407
2000,남한,전라남도,순천시,20.943,172.6155,680.2992,4.0671,2.2473,13.2552,19.3248,912.7521
2000,남한,전라남도,신안군,22.7574,243.5013,325.9314,15.183,51.5592,16.1082,175.9257,850.9662
2000,남한,전라남도,여수시,37.6434,109.3977,318.4938,18.6975,7.7922,25.5501,15.1281,532.7028
2000,남한,전라남도,영광군,22.0752,204.3927,209.5875,13.5333,11.871,8.9973,25.0938,495.5508
2000,남한,전라남도,영암군,26.8758,272.4804,229.1598,15.4809,0.5697,7.3242,19.6434,571.5342
2000,남한,전라남도,완도군,13.8519,94.9716,267.3009,8.7363,3.9402,9.3564,54.6156,452.7729
2000,남한,전라남도,장성군,18.2412,139.2372,333.0234,9.8964,0.2826,8.0973,9.7452,518.5233
2000,남한,전라남도,장흥군,11.6325,130.1805,445.1922,11.2833,1.2204,5.6943,13.6791,618.8823
2000,남한,전라남도,진도군,11.7,142.29,251.2404,16.4754,2.9484,9.5328,24.0966,458.2836
2000,남한,전라남도,함평군,14.3802,161.199,198.0549,7.5888,0.3159,4.5405,5.2326,391.3119
2000,남한,전라남도,해남군,29.0628,467.4699,443.2257,18.4311,6.9084,10.5138,28.6983,1004.31
2000,남한,전라남도,화순군,10.9863,95.7996,659.8053,6.2748,0.2466,3.2706,10.9764,787.3596
2000,남한,전라북도,고창군,28.9719,321.1965,214.2585,22.2012,5.7969,12.2841,5.7483,610.4574
2000,남한,전라북도,군산시,52.9002,175.2912,71.3952,26.253,4.8474,20.7225,30.8403,382.2498
2000,남한,전라북도,김제시,48.114,336.3966,79.1091,20.4156,3.2778,15.9372,7.3521,510.6024
2000,남한,전라북도,남원시,14.0877,146.2095,550.6533,22.9914,0.0027,8.4528,6.9435,749.3409
2000,남한,전라북도,무주군,8.6328,88.0308,520.317,7.5141,0.0711,2.3436,3.3318,630.2412
2000,남한,전라북도,부안군,21.5649,236.6406,180.4572,14.6052,4.5243,11.6001,16.9965,486.3888
2000,남한,전라북도,순창군,6.4305,85.1598,381.8655,18.1863,0.0171,4.1769,3.3687,499.2048
2000,남한,전라북도,완주군,18.6516,134.1378,642.609,8.3772,0.0522,6.9768,11.2464,822.051
2000,남한,전라북도,익산시,58.8465,320.6862,85.4316,16.3557,0.648,17.478,9.6021,509.0481
2000,남한,전라북도,임실군,6.8175,96.48,453.5883,20.5839,0.0369,5.3487,15.9102,598.7655
2000,남한,전라북도,장수군,5.3946,116.7048,387.7317,15.3216,0.0027,3.1527,3.0285,531.3366
2000,남한,전라북도,전주시덕진구,22.2192,50.4171,24.8958,4.5603,0.0072,6.291,2.4543,110.8449
2000,남한,전라북도,전주시완산구,17.1423,22.6305,47.0385,3.0879,0,3.7008,0.8271,94.4271
2000,남한,전라북도,정읍시,39.249,285.7509,309.6657,31.0005,0.0963,21.7782,8.5653,696.1059
2000,남한,전라북도,진안군,4.9941,102.5442,645.6681,7.1973,0.1134,3.969,25.7364,790.2225
2000,남한,제주특별자치도,서귀포시,41.3199,400.5612,281.5848,142.9146,0,5.9049,14.7411,887.0265
2000,남한,제주특별자치도,제주시,57.5478,419.2452,368.2278,128.4975,0.4464,9.7704,15.5925,999.3276
2000,남한,충청남도,계룡시,4.0905,4.1292,46.2303,4.0041,0.0018,1.6416,0.2007,60.2982
2000,남한,충청남도,공주시,16.8021,191.9763,666.792,38.0889,0.2808,16.9902,9.6003,940.5306
2000,남한,충청남도,금산군,9.7902,85.8555,463.7628,10.2294,0.0171,4.95,3.0915,577.6965
2000,남한,충청남도,논산시,29.313,218.4921,252.5634,28.7838,0.189,15.2037,7.6365,552.1815
2000,남한,충청남도,당진군,27.9612,378.3762,211.5891,25.8687,18.0945,19.3284,25.2468,706.4649
2000,남한,충청남도,보령시,18.8973,178.7382,335.8674,15.2496,11.8152,12.4029,30.2256,603.1962
2000,남한,충청남도,부여군,17.1,256.0239,311.94,11.0358,0.3537,13.9059,14.9418,625.3011
2000,남한,충청남도,서산시,24.5538,344.3076,283.6323,24.3648,15.9642,19.332,18.657,730.8117
2000,남한,충청남도,서천군,24.5718,161.3025,145.179,13.8987,4.0518,5.3766,15.8868,370.2672
2000,남한,충청남도,아산시,26.8839,222.8625,224.811,28.4913,1.6632,19.5111,18.3321,542.5551
2000,남한,충청남도,연기군,11.3184,91.1889,217.152,18.5085,0.1341,15.9066,7.2936,361.5021
2000,남한,충청남도,예산군,13.3407,247.9851,249.7302,10.3527,0.1251,9.2844,11.0295,541.8477
2000,남한,충청남도,천안시동남구,17.6931,101.6685,287.9433,14.7186,0.3645,14.0688,1.5417,437.9985
2000,남한,충청남도,천안시서북구,23.1066,96.4296,51.6123,18.621,0.0819,5.4162,1.8342,197.1018
2000,남한,충청남도,청양군,5.6925,139.8294,318.9798,5.9751,0.2655,6.4521,3.4056,480.6
2000,남한,충청남도,태안군,11.9124,231.4674,210.5937,20.4822,22.3056,13.0032,61.7013,571.4658
2000,남한,충청남도,홍성군,11.5137,228.2517,171.1512,16.0776,0.7767,11.421,13.8042,452.9961
2000,남한,충청북도,괴산군,10.3365,148.8348,660.0087,11.0907,0.027,4.6701,6.4989,841.4667
2000,남한,충청북도,단양군,4.743,52.6203,695.9034,10.5372,0,9.828,7.2333,780.8652
2000,남한,충청북도,보은군,9.2034,112.1391,437.7042,9.4545,0.0774,3.7683,11.5398,583.8867
2000,남한,충청북도,영동군,11.0835,105.4242,711.4977,14.0598,0.0216,3.4443,7.7112,853.2423
2000,남한,충청북도,옥천군,10.0467,98.3781,391.6593,13.4073,0.0864,4.0968,23.9328,541.6074
2000,남한,충청북도,음성군,22.9311,173.8062,284.0562,27.7344,0.018,8.1108,4.023,520.6797
2000,남한,충청북도,제천시,7.3593,120.3075,704.9205,15.129,0,5.7582,28.0575,881.532
2000,남한,충청북도,증평군,3.6405,21.8133,47.3094,6.3441,0.0198,2.3346,0.3915,81.8532
2000,남한,충청북도,진천군,16.4268,102.1734,245.9295,28.8315,0.0954,7.8381,6.3063,407.601
2000,남한,충청북도,청원군,31.626,198.3537,501.0498,44.8407,0.2718,15.7842,21.5496,813.4758
2000,남한,충청북도,청주시상당구,14.0265,15.1326,30.7566,6.327,0.0036,2.1861,0.6615,69.0939
2000,남한,충청북도,청주시흥덕구,22.8024,27.0855,25.6185,5.9013,0.027,2.6622,0.369,84.4659
2000,남한,충청북도,충주시,22.1913,189.5796,694.4247,27.8919,0,14.9427,34.0164,983.0466
2000,북한,강원도,고산군,2.4849,182.0727,243.8595,1.6155,0.027,6.246,3.501,439.8066
2000,북한,강원도,고성군,6.6339,84.2274,737.6355,3.3291,0,4.8627,5.3226,842.0112
2000,북한,강원도,금강군,1.3698,139.059,865.4751,4.4352,0,1.3464,5.4018,1017.0873
2000,북한,강원도,김화군,10.9971,83.9313,606.1635,8.3583,0.0099,0.9585,3.1662,713.5848
2000,북한,강원도,문천군,9.6498,101.0637,147.4155,1.1835,0.0045,3.5847,1.8702,264.7719
2000,북한,강원도,법동군,0.7614,88.4547,730.8324,0.8559,0,3.015,4.6539,828.5733
2000,북한,강원도,세포군,1.8315,140.9328,807.4791,5.5323,0.1971,1.6479,2.5029,960.1236
2000,북한,강원도,안변군,8.0217,166.6179,342.9891,1.1412,0.3231,6.543,4.7178,530.3538
2000,북한,강원도,원산시,15.9138,94.2561,182.0799,1.0737,0.0468,2.9907,1.6308,297.9918
2000,북한,강원도,이천군,0.5706,95.9121,499.3785,1.8063,0.1962,1.35,15.3072,614.5209
2000,북한,강원도,창도군,1.5597,73.0242,485.2737,1.7109,0.0072,0.6786,70.8948,633.1491
2000,북한,강원도,천내군,8.7669,117.666,244.5507,1.4967,3.5001,2.4624,2.7603,381.2031
2000,북한,강원도,철원군,6.6159,154.566,329.9562,6.4782,0.8406,6.0345,5.5494,510.0408
2000,북한,강원도,통천군,7.8966,122.5485,445.0212,1.7415,0.0036,6.0894,12.9078,596.2086
2000,북한,강원도,판교군,0.2889,101.7225,711.7029,2.1114,0.5688,2.0412,6.6276,825.0633
2000,북한,강원도,평강군,4.2426,231.5736,528.7644,12.4191,0.4995,4.554,8.3583,790.4115
2000,북한,강원도,회양군,2.9934,131.9382,594.0693,1.1214,0.036,4.9536,8.5014,743.6133
2000,북한,개성특급시,개성시,17.1009,43.2621,97.2072,1.5804,0.0279,3.0906,1.1547,163.4238
2000,북한,개성특급시,개풍군,14.517,130.5072,46.6308,5.6259,4.8321,2.0511,8.4294,212.5935
2000,북한,개성특급시,장풍군,2.2617,251.8614,191.673,27.8739,0.1881,2.5965,2.4498,478.9044
2000,북한,개성특급시,판문군,16.2981,195.1479,42.8265,59.9805,5.8338,13.2894,22.2813,355.6575
2000,북한,나선특별시,나진시,7.128,76.2291,547.893,14.2776,0,3.7674,3.9177,653.2128
2000,북한,나선특별시,선봉군,3.6099,76.5756,402.5493,5.3955,1.0926,4.2543,42.2181,535.6953
2000,북한,남포특별시,남포시,69.93,388.08,93.2499,0,8.8686,31.0347,96.3387,687.5019
2000,북한,남포특별시,용강군,4.4064,127.0503,32.913,0,0.153,12.0708,2.5416,179.1351
2000,북한,양강도,갑산군,1.1268,111.9663,987.5151,1.8378,0,1.2123,10.9719,1114.6302
2000,북한,양강도,김정숙군,0.6543,71.1846,1157.8185,3.9474,0.0018,2.9106,8.577,1245.0942
2000,북한,양강도,김형권군,1.242,137.1951,1180.7514,6.2451,0.0144,1.8324,17.3673,1344.6477
2000,북한,양강도,김형직군,1.3608,54.4941,1369.6371,7.0236,0.0351,3.9573,9.081,1445.589
2000,북한,양강도,대흥단군,2.0466,141.0732,495.8208,4.6854,0,1.818,4.6386,650.0826
2000,북한,양강도,백암군,3.1329,153.1692,1882.5516,3.8232,0.0297,1.7172,4.8402,2049.264
2000,북한,양강도,보천군,2.0277,78.8337,829.953,0.1845,0.0009,3.2499,0.2628,914.5125
2000,북한,양강도,삼수군,0.7641,73.7523,822.2796,3.2949,0.0027,1.665,12.2436,914.0022
2000,북한,양강도,삼지연군,3.9879,32.5512,1197.5292,9.4959,0.0054,35.4852,4.194,1283.2488
2000,북한,양강도,운흥군,1.4922,122.4387,736.5996,5.4252,0.0063,1.0647,1.0098,868.0365
2000,북한,양강도,풍서군,0.7839,126.7794,1545.6654,7.4619,0.1899,2.4165,14.8347,1698.1317
2000,북한,양강도,혜산시,6.9615,67.3812,179.4177,0,0,0,16.6077,270.3681
2000,북한,자강도,강계시,10.1628,132.7599,104.9877,0.0639,0.0585,2.5065,3.6414,254.1807
2000,북한,자강도,고풍군,0.549,63.1314,645.6213,0,0.0135,1.449,3.9681,714.7323
2000,북한,자강도,낭림군,1.008,207.4635,1846.7424,1.3482,0.2349,1.8513,27.5103,2086.1586
2000,북한,자강도,동신군,0.1584,93.5577,1073.1582,2.5416,0.0027,6.2271,3.4452,1179.0909
2000,북한,자강도,만포시,10.305,85.1157,514.6659,1.6731,0.0918,3.555,15.7185,631.125
2000,북한,자강도,성간군,2.1915,212.1237,701.2071,0.1665,0.0027,1.3725,4.9248,921.9888
2000,북한,자강도,송원군,0.1701,56.6694,1126.4697,0.0126,0.009,2.4741,27.6372,1213.4421
2000,북한,자강도,시중군,3.3831,72.216,514.7721,1.5498,0.0189,2.4489,22.5261,616.9149
2000,북한,자강도,용림군,0.0216,107.1774,1078.3719,0.4401,0,1.4625,2.1816,1189.6551
2000,북한,자강도,우시군,0.2547,85.9896,571.0374,0,0.18,2.0034,19.8351,679.3002
2000,북한,자강도,위원군,0.1071,93.9564,948.9591,1.1448,0,0.6552,18.3456,1063.1682
2000,북한,자강도,자성군,1.854,29.6928,748.0692,3.2481,0.0909,4.6809,27.9333,815.5692
2000,북한,자강도,장강군,3.2355,196.6653,508.8501,0.1503,0.0657,6.6969,0.7587,716.4225
2000,북한,자강도,중강군,3.5739,40.8312,582.9111,0.6408,0.0945,3.3471,21.204,652.6026
2000,북한,자강도,진천군,1.2744,169.263,931.5936,0.4815,0.0027,3.4731,5.3676,1111.4559
2000,북한,자강도,초산군,0.1611,112.3065,421.8498,5.4918,0,0.7056,9.8118,550.3266
2000,북한,자강도,화평군,1.4517,35.6436,1258.875,1.512,0.036,4.6863,3.1689,1305.3735
2000,북한,자강도,회천시,6.3279,164.8053,816.2433,1.6128,0.0063,9.7731,6.6213,1005.39
2000,북한,평안남도,개천군,33.21,286.7373,374.5359,0,0.3078,6.8796,15.6249,717.2955
2000,북한,평안남도,대동군,9.0036,258.3603,23.6187,0,0.1692,10.3734,6.1209,307.6461
2000,북한,평안남도,대흥군,0.5085,92.8278,1127.6676,0.8019,0.0288,1.6092,4.9365,1228.3803
2000,북한,평안남도,덕천시,27.5022,138.699,459.0135,0,0.0396,5.8716,19.3158,650.4417
2000,북한,평안남도,맹산군,1.7253,111.0924,610.452,0.1719,0.0108,1.9854,2.3022,727.74
2000,북한,평안남도,문덕군,34.1631,248.0175,12.3228,0,0.6705,11.1294,3.9429,310.2462
2000,북한,평안남도,북창군,30.402,234.0324,346.7808,0.0027,0.0603,1.7019,8.2854,621.2655
2000,북한,평안남도,성천군,14.1642,444.5037,270.6102,0.063,0.3078,18.3222,8.7912,756.7623
2000,북한,평안남도,숙천군,27.1575,362.6964,35.1792,0,6.1281,10.8972,5.0337,447.0921
2000,북한,평안남도,순천시,52.7895,441.3861,253.1511,0,0.4491,11.2635,9.3537,768.393
2000,북한,평안남도,신양군,2.3742,199.8036,522.6327,0.0243,0.3042,5.4108,1.2825,731.8323
2000,북한,평안남도,안주시,17.0136,206.2143,209.52,0,0.6984,4.2579,15.4008,453.105
2000,북한,평안남도,양덕군,2.9358,154.9062,627.8814,1.746,0.1629,2.1672,0.7695,790.569
2000,북한,평안남도,영원군,3.4848,61.668,1127.3148,0.7011,0.009,1.1475,18.1755,1212.5007
2000,북한,평안남도,온천군,20.3985,225.4428,31.4037,0,54.5121,14.0364,7.4466,353.2401
2000,북한,평안남도,중산군,11.0196,254.6856,43.4133,0,0.8685,15.5916,8.9622,334.5408
2000,북한,평안남도,평성시,19.6614,207.3402,144.4266,0,0.2052,2.8755,6.5853,381.0942
2000,북한,평안남도,평원군,14.5701,309.0384,63.0738,0,0.6273,18.2115,8.9118,414.4329
2000,북한,평안남도,회창군,1.863,146.997,519.7194,0.0936,0.0621,4.5423,2.709,675.9864
2000,북한,평안북도,곽산군,20.7531,199.3752,89.2611,4.5261,1.1772,4.0725,1.2537,320.4189
2000,북한,평안북도,구성시,20.3508,260.1018,346.5477,0,0.0162,3.7998,5.0796,635.8959
2000,북한,평안북도,구장군,13.6485,224.0271,450.1719,0,0.0108,8.991,7.2279,704.0772
2000,북한,평안북도,대관군,3.5703,104.1264,724.7556,0,0,0.0396,5.1156,837.6075
2000,북한,평안북도,동림군,23.3667,206.2521,197.1837,0,0.7218,2.6424,5.0427,435.2094
2000,북한,평안북도,동창군,1.4949,50.3604,603.3258,0,0.0063,2.007,5.2839,662.4783
2000,북한,평안북도,박천군,8.937,223.7373,35.6427,0,0.5823,2.7882,19.1511,290.8386
2000,북한,평안북도,벽동군,0.5571,67.4235,531.5067,0,0.6498,6.291,21.6126,628.0407
2000,북한,평안북도,삭주군,20.3175,150.1164,579.5694,0,1.0053,2.0088,20.1798,773.1972
2000,북한,평안북도,신도군,5.3352,63.2943,2.6406,1.2114,8.3988,14.0445,12.5811,107.5059
2000,북한,평안북도,신의주시,23.625,93.4002,18.5751,0,6.129,3.7872,9.5139,155.0304
2000,북한,평안북도,신천군,22.3497,222.57,199.2636,0,1.7343,3.7566,2.1321,451.8063
2000,북한,평안북도,염주군,36.8928,221.067,19.4382,0.0765,10.2132,2.1924,6.2793,296.1594
2000,북한,평안북도,영변군,3.0384,342.2187,141.3648,0,0.0045,8.1693,9.8937,504.6894
2000,북한,평안북도,용천군,43.4673,169.0848,8.4447,0,4.3983,1.5147,11.1258,238.0356
2000,북한,평안북도,운산군,2.4084,287.2692,686.3787,0,0.0072,14.0913,6.8517,997.0065
2000,북한,평안북도,운전군,13.3902,229.7439,134.7255,0,1.8045,2.9997,7.0434,389.7072
2000,북한,평안북도,의주군,11.1429,251.9163,126.9918,0,0.54,11.2824,8.0595,409.9329
2000,북한,평안북도,정주시,26.4528,276.4449,139.0932,0.5283,1.8738,3.3741,2.8674,450.6345
2000,북한,평안북도,창성군,1.2843,41.8365,523.3797,0.0135,0.3087,12.5613,29.3508,608.7348
2000,북한,평안북도,천마군,3.6063,120.7323,627.0138,0,0.4995,1.7685,14.0193,767.6397
2000,북한,평안북도,철산군,18.3933,207.1971,65.385,0.0612,3.9573,4.2831,3.1968,302.4738
2000,북한,평안북도,태천군,4.2039,297.2538,365.4963,0,0.0081,6.8247,60.3252,734.112
2000,북한,평안북도,피현군,15.8184,239.9733,166.9536,0,0.0648,4.9329,14.0211,441.7641
2000,북한,평안북도,항산군,2.3022,31.9176,223.8957,0.018,0.0018,2.4813,3.2391,263.8557
2000,북한,평양직할시,강남군,6.3072,139.0653,11.6307,0,0.072,1.062,8.1675,166.3047
2000,북한,평양직할시,강동군,28.0692,206.3448,259.1352,0.9279,0.1242,7.1073,6.9606,508.6692
2000,북한,평양직할시,대동군,173.7819,618.3054,238.2939,0,0.6552,17.2737,32.9499,1081.26
2000,북한,함경남도,고원군,17.1891,217.4418,815.9499,3.6666,1.3896,5.013,4.0779,1064.7279
2000,북한,함경남도,금야군,17.2782,365.1012,281.4678,1.1646,5.0652,17.5995,24.5304,712.2069
2000,북한,함경남도,낙원군,6.8724,57.2436,108.7569,0.8244,0,2.961,2.3877,179.046
2000,북한,함경남도,단천시,39.0105,291.7341,1645.3197,13.1373,0.0018,26.595,6.4134,2022.2118
2000,북한,함경남도,덕성군,5.3415,133.8138,1367.4465,0.09,0.0063,9.1908,2.2185,1518.1074
2000,북한,함경남도,부전군,2.484,207.1179,1516.815,2.6613,0.2124,3.7899,22.9014,1755.9819
2000,북한,함경남도,북청군,20.5479,141.1803,423.819,0.0234,0.0009,28.1943,4.3515,618.1173
2000,북한,함경남도,신포시,18.6867,70.9587,102.1608,5.0895,0.0018,12.6477,3.4209,212.9661
2000,북한,함경남도,신흥군,8.487,186.7455,985.9725,3.9402,0,4.1292,4.9887,1194.2631
2000,북한,함경남도,영광군,9.6993,222.0075,521.1621,1.1088,0.0018,9.8649,6.6834,770.5278
2000,북한,함경남도,요덕군,2.241,121.1238,1245.1689,2.5974,0.1269,1.7676,11.1789,1384.2045
2000,북한,함경남도,이원군,15.282,136.0287,382.2102,1.0881,0,9.2502,3.0285,546.8877
2000,북한,함경남도,장진군,1.3023,374.6259,1448.8659,1.0566,0.5634,8.7777,50.6124,1885.8042
2000,북한,함경남도,정평군,14.796,310.6935,389.4003,3.798,1.8612,11.5479,18.5031,750.6
2000,북한,함경남도,함주군,25.0857,205.3917,503.8317,4.3002,0.7434,3.5118,9.7227,752.5872
2000,북한,함경남도,함흥시,72.2583,136.35,317.1528,12.2202,0.207,6.9534,10.4472,555.5889
2000,북한,함경남도,허천군,12.5325,135.5733,1590.0579,2.241,0.036,4.2777,2.3103,1747.0287
2000,북한,함경남도,흥원군,10.7136,145.8252,711.0135,0.0225,0.018,6.4008,3.4956,877.4892
2000,북한,함경북도,경성군,8.0055,68.715,1033.6392,8.7345,0,10.3608,0.9963,1130.4513
2000,북한,함경북도,길주군,17.8128,194.6088,875.3103,2.07,0.0018,6.3891,1.9656,1098.1584
2000,북한,함경북도,김책시,19.269,145.6551,717.7644,1.3491,0,10.0566,3.3822,897.4764
2000,북한,함경북도,명천군,10.2564,95.1723,524.9835,2.3697,0,1.566,2.0025,636.3504
2000,북한,함경북도,무산군,8.3034,185.1138,1232.91,20.0925,0.0009,11.6694,5.2866,1463.3766
2000,북한,함경북도,부령군,4.0635,34.4214,702.8559,6.6294,0,2.7918,0.2241,750.9861
2000,북한,함경북도,새별군,8.6355,198.4518,632.6613,19.0719,0,5.4801,10.1727,874.4733
2000,북한,함경북도,어랑군,8.5275,162.5778,1298.997,20.583,0.0045,12.5982,13.8528,1517.1408
2000,북한,함경북도,연사군,1.9341,67.6746,1221.0075,1.746,0.0036,1.611,8.3034,1302.2802
2000,북한,함경북도,온성군,7.1073,240.4413,487.4859,26.9559,0,1.2195,5.2794,768.4893
2000,북한,함경북도,은덕군,9.5589,123.5916,782.973,15.957,0,7.8372,10.6227,950.5404
2000,북한,함경북도,청진시,55.755,79.0047,840.6423,25.2297,0.0783,17.6355,5.8068,1024.1523
2000,북한,함경북도,화대군,11.4687,97.2702,306.4797,0.9288,0,9.8046,1.4418,427.3938
2000,북한,함경북도,화성군,9.2718,203.751,886.1013,4.4514,0,5.4585,4.5837,1113.6177
2000,북한,함경북도,회령시,17.3655,289.9161,1341.5076,36.3465,0,6.9732,2.889,1694.9979
2000,북한,황해남도,강령군,7.7967,189.0081,252.7947,24.2595,7.9416,41.2434,35.9442,558.9882
2000,북한,황해남도,과일군,2.9673,182.2833,166.482,0.0567,0.3501,8.4528,4.6899,365.2821
2000,북한,황해남도,배천군,15.1137,312.921,104.634,1.5903,6.2577,11.5794,7.6176,459.7137
2000,북한,황해남도,벽성군,5.9112,198.477,222.7059,0.0126,2.232,3.4551,8.676,441.4698
2000,북한,황해남도,봉천군,7.2351,249.2901,251.7363,0.315,1.62,6.3279,13.2777,529.8021
2000,북한,황해남도,삼천군,2.6055,197.9613,136.8297,0,0.0171,18.6453,5.6835,361.7424
2000,북한,황해남도,송화군,1.8189,91.2726,84.2481,0,0.0009,13.2201,1.2123,191.7729
2000,북한,황해남도,신원군,3.2706,185.9607,319.1742,0,0.3393,4.6755,12.8214,526.2417
2000,북한,황해남도,신천군,6.0822,308.5767,157.0581,0,0.0135,19.2402,6.7743,497.745
2000,북한,황해남도,안악군,6.2118,285.9732,65.16,0,0.0468,12.4299,4.518,374.3397
2000,북한,황해남도,연안군,15.7311,324.6201,73.7595,3.2652,3.4155,13.4226,5.8023,440.0163
2000,북한,황해남도,옹진군,12.3957,260.3322,308.0448,12.4695,11.3688,26.5932,10.1862,641.3904
2000,북한,황해남도,용연군,4.2363,145.5687,284.4225,2.6235,5.7483,21.3678,11.7756,475.7427
2000,북한,황해남도,은율군,8.2413,230.5287,193.5441,0.0342,2.7747,18.1539,24.6465,477.9234
2000,북한,황해남도,은천군,6.1425,261.0864,99.1278,0,7.8237,11.781,51.9795,437.9409
2000,북한,황해남도,장연군,3.2634,118.5462,249.3621,0.0027,0.7074,14.4108,6.2433,392.5359
2000,북한,황해남도,재령군,5.9481,229.1787,67.0428,0,0.0873,10.1403,10.6713,323.0685
2000,북한,황해남도,청단군,8.9514,341.4672,97.4061,1.1475,4.986,10.44,9.8343,474.2325
2000,북한,황해남도,태탄군,4.3569,137.2221,191.4894,0.0153,14.8518,6.9597,5.6934,360.5886
2000,북한,황해남도,해주시,22.4334,56.5479,81.7722,1.7037,4.2021,6.9309,2.2266,175.8168
2000,북한,황해북도,곡산군,2.0601,196.8912,313.7697,1.3698,0.09,2.8656,5.8275,522.8739
2000,북한,황해북도,금천군,17.8092,219.2319,176.2479,0.261,3.6153,2.6766,12.5595,432.4014
2000,북한,황해북도,봉산군,14.5944,206.4303,198.4671,0,0.0765,10.2726,9.0117,438.8526
2000,북한,황해북도,사리원시,14.0391,63.4563,7.1703,0,0.0207,1.5039,0.5004,86.6907
2000,북한,황해북도,상원군,3.8034,187.9416,299.1564,0.0036,0.0351,9.4401,2.3157,502.6959
2000,북한,황해북도,서흥군,4.1598,348.8724,282.8088,0.0927,0.1107,4.9518,6.9894,647.9856
2000,북한,황해북도,송림시,12.1572,37.6353,6.4791,0,0.0477,1.4076,7.4808,65.2077
2000,북한,황해북도,수안군,2.3256,285.3369,371.0655,0.0108,0.0918,3.4254,1.4868,663.7428
2000,북한,황해북도,승호구역,11.2671,77.6943,47.5983,0.0288,0.0594,2.9691,6.1011,145.7181
2000,북한,황해북도,신계군,4.0563,397.5417,309.9312,0.6534,0.126,6.1758,7.083,725.5674
2000,북한,황해북도,신평군,2.6316,127.9287,936.1467,2.7468,0.7839,3.1896,6.6078,1080.0351
2000,북한,황해북도,연산군,3.1941,230.166,288.5166,0.1242,0.0279,9.7038,6.0741,537.8067
2000,북한,황해북도,연탄군,2.2653,212.2758,336.6297,0.0099,0.0612,11.0646,6.5943,568.9008
2000,북한,황해북도,은파군,4.8096,256.2894,119.5776,0,0.0342,7.6149,12.1095,400.4352
2000,북한,황해북도,인산군,3.5244,211.6593,273.4128,0,0.1224,12.3543,3.4839,504.5571
2000,북한,황해북도,중화군,4.1994,113.5656,93.4794,0,0.0288,1.8198,2.5101,215.6031
2000,북한,황해북도,토산군,6.2379,190.3698,216.6084,0.0477,0.2574,3.4407,3.8736,420.8355
2000,북한,황해북도,평산군,11.1537,288.4824,211.8582,0.3726,0.4239,5.2191,8.8767,526.3866
2000,북한,황해북도,황주군,10.0899,383.6943,100.3005,0,0.0522,10.3716,9.8235,514.332
